-- phpMyAdmin SQL Dump
-- version 4.5.4.1deb2ubuntu2
-- http://www.phpmyadmin.net
--
-- Servidor: localhost
-- Tiempo de generación: 20-08-2016 a las 22:12:39
-- Versión del servidor: 5.7.13-0ubuntu0.16.04.2
-- Versión de PHP: 7.0.8-0ubuntu0.16.04.2

SET SQL_MODE = "NO_AUTO_VALUE_ON_ZERO";
SET time_zone = "+00:00";


/*!40101 SET @OLD_CHARACTER_SET_CLIENT=@@CHARACTER_SET_CLIENT */;
/*!40101 SET @OLD_CHARACTER_SET_RESULTS=@@CHARACTER_SET_RESULTS */;
/*!40101 SET @OLD_COLLATION_CONNECTION=@@COLLATION_CONNECTION */;
/*!40101 SET NAMES utf8mb4 */;

--
-- Base de datos: `rsc_alt`
--

-- --------------------------------------------------------

--
-- Estructura de tabla para la tabla `accion_centralizada`
--

CREATE TABLE `accion_centralizada` (
  `id` int(11) NOT NULL,
  `codigo_accion` varchar(45) NOT NULL,
  `codigo_accion_sne` varchar(45) NOT NULL,
  `nombre_accion` varchar(45) NOT NULL,
  `fecha_inicio` date NOT NULL,
  `fecha_fin` date NOT NULL,
  `estatus` tinyint(1) NOT NULL,
  `aprobado` tinyint(1) NOT NULL DEFAULT '0'
) ENGINE=InnoDB DEFAULT CHARSET=utf8;

--
-- Volcado de datos para la tabla `accion_centralizada`
--

INSERT INTO `accion_centralizada` (`id`, `codigo_accion`, `codigo_accion_sne`, `nombre_accion`, `fecha_inicio`, `fecha_fin`, `estatus`, `aprobado`) VALUES
(1, '001', 'ACC001', 'Dirección y coordinación de los gastos de los', '2016-01-01', '2016-12-31', 1, 0),
(2, '002', 'ACC002', 'Gestión Administrativa', '2016-01-01', '2016-12-31', 1, 1),
(3, '003', 'ACC003', 'Previsión y protección social', '2016-01-01', '2016-12-31', 1, 0),
(4, '004', 'ACC004', 'Asignaciones predeterminadas', '2016-01-01', '2016-12-31', 1, 0);

-- --------------------------------------------------------

--
-- Estructura de tabla para la tabla `accion_centralizada_accion_especifica`
--

CREATE TABLE `accion_centralizada_accion_especifica` (
  `id` int(11) NOT NULL,
  `id_ac_centr` int(11) NOT NULL,
  `cod_ac_espe` varchar(6) NOT NULL,
  `nombre` text NOT NULL,
  `estatus` tinyint(1) NOT NULL,
  `fecha_inicio` date NOT NULL COMMENT 'fecha de inicio de la acciones especifica',
  `fecha_fin` date NOT NULL COMMENT 'fecha fin de la accion especifica'
) ENGINE=InnoDB DEFAULT CHARSET=utf8;

--
-- Volcado de datos para la tabla `accion_centralizada_accion_especifica`
--

INSERT INTO `accion_centralizada_accion_especifica` (`id`, `id_ac_centr`, `cod_ac_espe`, `nombre`, `estatus`, `fecha_inicio`, `fecha_fin`) VALUES
(2, 2, '002-01', 'Apoyo institucional a las acciones específicas de los proyectos del organismozxdfzd', 1, '2016-01-01', '2016-12-31'),
(3, 2, '002-02', 'Apoyo institucional al sector privado y al sector externo', 1, '2016-01-01', '2016-12-31'),
(4, 2, '002-03', 'Apoyo institucional al sector público', 1, '2016-01-01', '2016-12-31'),
(5, 3, '003-01', 'Asignación y control de los recursos para gastos de los pensionados, pensionadas, jubilados y jubiladas', 1, '2016-01-01', '2016-12-31'),
(6, 4, '004-01', 'Asignación y control de los aportes constitucionales y legales', 1, '2016-01-01', '2016-12-31');

-- --------------------------------------------------------

--
-- Estructura de tabla para la tabla `accion_centralizada_ac_especifica_uej`
--

CREATE TABLE `accion_centralizada_ac_especifica_uej` (
  `id` int(11) NOT NULL,
  `id_ue` int(11) NOT NULL,
  `id_ac_esp` int(11) NOT NULL,
  `estatus` tinyint(1) NOT NULL DEFAULT '1',
  `aprobado` tinyint(1) NOT NULL DEFAULT '0'
) ENGINE=InnoDB DEFAULT CHARSET=utf8;

--
-- Volcado de datos para la tabla `accion_centralizada_ac_especifica_uej`
--

INSERT INTO `accion_centralizada_ac_especifica_uej` (`id`, `id_ue`, `id_ac_esp`, `estatus`, `aprobado`) VALUES
(245, 14, 2, 1, 0);

-- --------------------------------------------------------

--
-- Estructura de tabla para la tabla `accion_centralizada_asignar`
--

CREATE TABLE `accion_centralizada_asignar` (
  `id` int(11) NOT NULL,
  `usuario` int(11) NOT NULL,
  `accion_especifica_ue` int(11) NOT NULL COMMENT 'foránea con ac_esp_uej',
  `estatus` tinyint(1) NOT NULL
) ENGINE=InnoDB DEFAULT CHARSET=utf8 COMMENT='Relación entre usuarios, unidades ejecutoras y acciones específicas de una accion centralizada';

--
-- Volcado de datos para la tabla `accion_centralizada_asignar`
--

INSERT INTO `accion_centralizada_asignar` (`id`, `usuario`, `accion_especifica_ue`, `estatus`) VALUES
(14, 2, 245, 1),
(15, 3, 245, 1);

-- --------------------------------------------------------

--
-- Estructura de tabla para la tabla `accion_centralizada_desbloqueo_mes`
--

CREATE TABLE `accion_centralizada_desbloqueo_mes` (
  `id` int(11) NOT NULL,
  `id_ejecucion` int(11) NOT NULL,
  `mes` int(11) NOT NULL COMMENT 'mes que se desbloquea/bloquea'
) ENGINE=InnoDB DEFAULT CHARSET=utf8;

--
-- Volcado de datos para la tabla `accion_centralizada_desbloqueo_mes`
--

INSERT INTO `accion_centralizada_desbloqueo_mes` (`id`, `id_ejecucion`, `mes`) VALUES
(19, 34, 1);

-- --------------------------------------------------------

--
-- Estructura de tabla para la tabla `accion_centralizada_pedido`
--

CREATE TABLE `accion_centralizada_pedido` (
  `id` int(11) NOT NULL,
  `id_material` int(11) NOT NULL,
  `enero` int(11) NOT NULL DEFAULT '0',
  `febrero` int(11) NOT NULL DEFAULT '0',
  `marzo` int(11) NOT NULL DEFAULT '0',
  `abril` int(11) NOT NULL DEFAULT '0',
  `mayo` int(11) NOT NULL DEFAULT '0',
  `junio` int(11) NOT NULL DEFAULT '0',
  `julio` int(11) NOT NULL DEFAULT '0',
  `agosto` int(11) NOT NULL DEFAULT '0',
  `septiembre` int(11) NOT NULL DEFAULT '0',
  `octubre` int(11) NOT NULL DEFAULT '0',
  `noviembre` int(11) NOT NULL DEFAULT '0',
  `diciembre` int(11) NOT NULL DEFAULT '0',
  `precio` decimal(12,2) NOT NULL,
  `fecha_creacion` timestamp NOT NULL DEFAULT CURRENT_TIMESTAMP ON UPDATE CURRENT_TIMESTAMP,
  `asignado` int(11) NOT NULL COMMENT 'ID de la asignacion (Usuario-UE-AC)',
  `estatus` tinyint(1) NOT NULL
) ENGINE=InnoDB DEFAULT CHARSET=utf8;

--
-- Volcado de datos para la tabla `accion_centralizada_pedido`
--

INSERT INTO `accion_centralizada_pedido` (`id`, `id_material`, `enero`, `febrero`, `marzo`, `abril`, `mayo`, `junio`, `julio`, `agosto`, `septiembre`, `octubre`, `noviembre`, `diciembre`, `precio`, `fecha_creacion`, `asignado`, `estatus`) VALUES
(8, 1102, 20, 10, 10, 0, 0, 0, 0, 1000, 0, 0, 0, 0, '1392.00', '2016-08-05 16:39:59', 14, 1),
(9, 1627, 20, 0, 0, 0, 0, 0, 0, 0, 0, 0, 0, 0, '2627594.00', '2016-08-05 18:43:52', 15, 1),
(10, 1632, 50, 0, 0, 0, 0, 0, 0, 0, 0, 0, 0, 0, '3364615.00', '2016-08-05 18:45:29', 15, 1),
(11, 1764, 2, 10, 0, 0, 0, 0, 0, 0, 0, 0, 0, 0, '150000.00', '2016-08-10 19:08:07', 14, 1);

-- --------------------------------------------------------

--
-- Estructura de tabla para la tabla `accion_centralizada_variables`
--

CREATE TABLE `accion_centralizada_variables` (
  `id` int(11) NOT NULL,
  `nombre_variable` text NOT NULL,
  `unidad_medida` int(11) NOT NULL,
  `localizacion` int(11) NOT NULL,
  `definicion` text NOT NULL,
  `base_calculo` text NOT NULL,
  `fuente_informacion` text NOT NULL,
  `meta_programada_variable` int(11) NOT NULL,
  `unidad_ejecutora` int(11) NOT NULL,
  `acc_accion_especifica` int(11) NOT NULL
) ENGINE=InnoDB DEFAULT CHARSET=utf8;

-- --------------------------------------------------------

--
-- Estructura de tabla para la tabla `accion_centralizada_variables_usuarios`
--

CREATE TABLE `accion_centralizada_variables_usuarios` (
  `id` int(11) NOT NULL,
  `id_variable` int(11) NOT NULL,
  `id_usuario` int(11) NOT NULL,
  `estatus` tinyint(1) NOT NULL DEFAULT '1'
) ENGINE=InnoDB DEFAULT CHARSET=utf8;

-- --------------------------------------------------------

--
-- Estructura de tabla para la tabla `accion_centralizada_variable_ejecucion`
--

CREATE TABLE `accion_centralizada_variable_ejecucion` (
  `id` int(11) NOT NULL,
  `id_programacion` int(11) NOT NULL,
  `id_usuario` int(11) NOT NULL,
  `fecha` timestamp NOT NULL DEFAULT '0000-00-00 00:00:00' ON UPDATE CURRENT_TIMESTAMP,
  `enero` int(11) DEFAULT NULL,
  `febrero` int(11) DEFAULT NULL,
  `marzo` int(11) DEFAULT NULL,
  `abril` int(11) DEFAULT NULL,
  `mayo` int(11) DEFAULT NULL,
  `junio` int(11) DEFAULT NULL,
  `julio` int(11) DEFAULT NULL,
  `agosto` int(11) DEFAULT NULL,
  `septiembre` int(11) DEFAULT NULL,
  `octubre` int(11) DEFAULT NULL,
  `noviembre` int(11) DEFAULT NULL,
  `diciembre` int(11) DEFAULT NULL
) ENGINE=InnoDB DEFAULT CHARSET=utf8;

--
-- Volcado de datos para la tabla `accion_centralizada_variable_ejecucion`
--

INSERT INTO `accion_centralizada_variable_ejecucion` (`id`, `id_programacion`, `id_usuario`, `fecha`, `enero`, `febrero`, `marzo`, `abril`, `mayo`, `junio`, `julio`, `agosto`, `septiembre`, `octubre`, `noviembre`, `diciembre`) VALUES
(32, 31, 2, '2016-06-23 19:22:43', 102, 200, 10, 22, 4, 12, NULL, NULL, NULL, NULL, NULL, 300),
(34, 29, 2, '2016-06-23 23:38:39', 99880, NULL, NULL, NULL, NULL, NULL, NULL, NULL, NULL, NULL, NULL, NULL);

-- --------------------------------------------------------

--
-- Estructura de tabla para la tabla `accion_centralizada_variable_programacion`
--

CREATE TABLE `accion_centralizada_variable_programacion` (
  `id` int(11) NOT NULL,
  `id_localizacion` int(11) DEFAULT NULL,
  `enero` decimal(10,0) DEFAULT NULL,
  `febrero` decimal(10,0) DEFAULT NULL,
  `marzo` decimal(10,0) DEFAULT NULL,
  `abril` decimal(10,0) DEFAULT NULL,
  `mayo` decimal(10,0) DEFAULT NULL,
  `junio` decimal(10,0) DEFAULT NULL,
  `julio` decimal(10,0) DEFAULT NULL,
  `agosto` decimal(10,0) DEFAULT NULL,
  `septiembre` decimal(10,0) DEFAULT NULL,
  `octubre` decimal(10,0) DEFAULT NULL,
  `noviembre` decimal(10,0) DEFAULT NULL,
  `diciembre` decimal(10,0) DEFAULT NULL
) ENGINE=InnoDB DEFAULT CHARSET=utf8;

--
-- Volcado de datos para la tabla `accion_centralizada_variable_programacion`
--

INSERT INTO `accion_centralizada_variable_programacion` (`id`, `id_localizacion`, `enero`, `febrero`, `marzo`, `abril`, `mayo`, `junio`, `julio`, `agosto`, `septiembre`, `octubre`, `noviembre`, `diciembre`) VALUES
(29, 51, '10', '12', '10', '6', '8', '9', '0', '20', '0', '0', '0', '0'),
(31, 54, '10', '10', '10', '0', '0', '0', '0', '0', '0', '0', '0', '0'),
(32, 55, '2', '2', '0', '0', '10', '10', '0', '0', '0', '0', '0', '12');

-- --------------------------------------------------------

--
-- Estructura de tabla para la tabla `ambito`
--

CREATE TABLE `ambito` (
  `id` int(11) NOT NULL,
  `ambito` varchar(30) NOT NULL
) ENGINE=InnoDB DEFAULT CHARSET=utf8;

--
-- Volcado de datos para la tabla `ambito`
--

INSERT INTO `ambito` (`id`, `ambito`) VALUES
(1, 'Internacional'),
(2, 'Nacional'),
(3, 'Regional'),
(4, 'Estadal'),
(5, 'Municipal'),
(6, 'Parroquial'),
(7, 'Comunal'),
(8, 'Otros');

-- --------------------------------------------------------

--
-- Estructura de tabla para la tabla `audit_data`
--

CREATE TABLE `audit_data` (
  `id` int(11) NOT NULL,
  `entry_id` int(11) NOT NULL,
  `type` varchar(255) NOT NULL,
  `data` blob,
  `created` datetime DEFAULT NULL
) ENGINE=InnoDB DEFAULT CHARSET=utf8;

-- --------------------------------------------------------

--
-- Estructura de tabla para la tabla `audit_entry`
--

CREATE TABLE `audit_entry` (
  `id` int(11) NOT NULL,
  `created` datetime NOT NULL,
  `user_id` int(11) DEFAULT '0',
  `duration` float DEFAULT NULL,
  `ip` varchar(45) DEFAULT NULL,
  `request_method` varchar(16) DEFAULT NULL,
  `ajax` int(1) NOT NULL DEFAULT '0',
  `route` varchar(255) DEFAULT NULL,
  `memory_max` int(11) DEFAULT NULL
) ENGINE=InnoDB DEFAULT CHARSET=utf8;

-- --------------------------------------------------------

--
-- Estructura de tabla para la tabla `audit_error`
--

CREATE TABLE `audit_error` (
  `id` int(11) NOT NULL,
  `entry_id` int(11) NOT NULL,
  `created` datetime NOT NULL,
  `message` text NOT NULL,
  `code` int(11) DEFAULT '0',
  `file` varchar(512) DEFAULT NULL,
  `line` int(11) DEFAULT NULL,
  `trace` blob,
  `hash` varchar(32) DEFAULT NULL,
  `emailed` tinyint(1) NOT NULL DEFAULT '0'
) ENGINE=InnoDB DEFAULT CHARSET=utf8;

-- --------------------------------------------------------

--
-- Estructura de tabla para la tabla `audit_javascript`
--

CREATE TABLE `audit_javascript` (
  `id` int(11) NOT NULL,
  `entry_id` int(11) NOT NULL,
  `created` datetime NOT NULL,
  `type` varchar(20) NOT NULL,
  `message` text NOT NULL,
  `origin` varchar(512) DEFAULT NULL,
  `data` blob
) ENGINE=InnoDB DEFAULT CHARSET=utf8;

-- --------------------------------------------------------

--
-- Estructura de tabla para la tabla `audit_mail`
--

CREATE TABLE `audit_mail` (
  `id` int(11) NOT NULL,
  `entry_id` int(11) NOT NULL,
  `created` datetime NOT NULL,
  `successful` int(11) NOT NULL,
  `from` varchar(255) DEFAULT NULL,
  `to` varchar(255) DEFAULT NULL,
  `reply` varchar(255) DEFAULT NULL,
  `cc` varchar(255) DEFAULT NULL,
  `bcc` varchar(255) DEFAULT NULL,
  `subject` varchar(255) DEFAULT NULL,
  `text` blob,
  `html` blob,
  `data` blob
) ENGINE=InnoDB DEFAULT CHARSET=utf8;

-- --------------------------------------------------------

--
-- Estructura de tabla para la tabla `audit_trail`
--

CREATE TABLE `audit_trail` (
  `id` int(11) NOT NULL,
  `entry_id` int(11) DEFAULT NULL,
  `user_id` int(11) DEFAULT NULL,
  `action` varchar(255) NOT NULL,
  `model` varchar(255) NOT NULL,
  `model_id` varchar(255) NOT NULL,
  `field` varchar(255) DEFAULT NULL,
  `old_value` text,
  `new_value` text,
  `created` datetime NOT NULL
) ENGINE=InnoDB DEFAULT CHARSET=utf8;

--
-- Volcado de datos para la tabla `audit_trail`
--

INSERT INTO `audit_trail` (`id`, `entry_id`, `user_id`, `action`, `model`, `model_id`, `field`, `old_value`, `new_value`, `created`) VALUES
(540, 29132, 2, 'CREATE', 'common\\models\\ProyectoPedido', '12', 'id', '', '12', '2016-08-05 14:35:10'),
(541, 29132, 2, 'CREATE', 'common\\models\\ProyectoPedido', '12', 'id_material', '', '1104', '2016-08-05 14:35:10'),
(542, 29132, 2, 'CREATE', 'common\\models\\ProyectoPedido', '12', 'enero', '', '020', '2016-08-05 14:35:10'),
(543, 29132, 2, 'CREATE', 'common\\models\\ProyectoPedido', '12', 'febrero', '', '20', '2016-08-05 14:35:10'),
(544, 29132, 2, 'CREATE', 'common\\models\\ProyectoPedido', '12', 'marzo', '', '100', '2016-08-05 14:35:10'),
(545, 29132, 2, 'CREATE', 'common\\models\\ProyectoPedido', '12', 'abril', '', '0', '2016-08-05 14:35:10'),
(546, 29132, 2, 'CREATE', 'common\\models\\ProyectoPedido', '12', 'mayo', '', '0', '2016-08-05 14:35:10'),
(547, 29132, 2, 'CREATE', 'common\\models\\ProyectoPedido', '12', 'junio', '', '0', '2016-08-05 14:35:10'),
(548, 29132, 2, 'CREATE', 'common\\models\\ProyectoPedido', '12', 'julio', '', '0', '2016-08-05 14:35:10'),
(549, 29132, 2, 'CREATE', 'common\\models\\ProyectoPedido', '12', 'agosto', '', '0', '2016-08-05 14:35:10'),
(550, 29132, 2, 'CREATE', 'common\\models\\ProyectoPedido', '12', 'septiembre', '', '0', '2016-08-05 14:35:10'),
(551, 29132, 2, 'CREATE', 'common\\models\\ProyectoPedido', '12', 'octubre', '', '0', '2016-08-05 14:35:10'),
(552, 29132, 2, 'CREATE', 'common\\models\\ProyectoPedido', '12', 'noviembre', '', '100', '2016-08-05 14:35:10'),
(553, 29132, 2, 'CREATE', 'common\\models\\ProyectoPedido', '12', 'diciembre', '', '0', '2016-08-05 14:35:10'),
(554, 29132, 2, 'CREATE', 'common\\models\\ProyectoPedido', '12', 'precio', '', '1800.00', '2016-08-05 14:35:10'),
(555, 29132, 2, 'CREATE', 'common\\models\\ProyectoPedido', '12', 'fecha_creacion', '', '2016-08-05 14:35:10', '2016-08-05 14:35:10'),
(556, 29132, 2, 'CREATE', 'common\\models\\ProyectoPedido', '12', 'asignado', '', '13', '2016-08-05 14:35:10'),
(557, 29132, 2, 'CREATE', 'common\\models\\ProyectoPedido', '12', 'estatus', '', '1', '2016-08-05 14:35:10'),
(558, 29486, 1, 'DELETE', 'common\\models\\AccionCentralizada', '5', NULL, NULL, NULL, '2016-08-05 15:01:17'),
(559, 29486, 1, 'DELETE', 'common\\models\\AccionCentralizada', '6', NULL, NULL, NULL, '2016-08-05 15:01:18'),
(560, 29610, 1, 'DELETE', 'common\\models\\AcAcEspec', '1', NULL, NULL, NULL, '2016-08-05 15:07:11');

-- --------------------------------------------------------

--
-- Estructura de tabla para la tabla `auth_assignment`
--

CREATE TABLE `auth_assignment` (
  `item_name` varchar(64) COLLATE utf8_unicode_ci NOT NULL,
  `user_id` varchar(64) COLLATE utf8_unicode_ci NOT NULL,
  `created_at` int(11) DEFAULT NULL
) ENGINE=InnoDB DEFAULT CHARSET=utf8 COLLATE=utf8_unicode_ci;

--
-- Volcado de datos para la tabla `auth_assignment`
--

INSERT INTO `auth_assignment` (`item_name`, `user_id`, `created_at`) VALUES
('acc_accion_especifica', '1', 1467389470),
('acc_accion_especifica', '2', 1470413921),
('acc_variables', '1', 1467389470),
('acc_variables', '2', 1470413922),
('accc-ejecucion-variable', '2', 1470413922),
('accion_centralizada', '1', 1467389470),
('accion_centralizada', '2', 1470413922),
('accion_centralizada_asignar', '1', 1467389470),
('accion_centralizada_requerimiento', '1', 1467389470),
('accion_centralizada_requerimiento', '2', 1470413922),
('accion_centralizada_requerimiento', '3', 1470422548),
('accion_centralizada_requerimiento', '4', 1468848138),
('gestor_proyecto', '1', 1467389470),
('materiales_servicios', '1', 1467389470),
('proyecto_asignar', '1', 1467389470),
('proyecto_pedido', '1', 1467389470),
('proyecto_pedido', '2', 1470413922),
('registrador_accion_especifica', '1', 1467389470),
('registrador_accion_especifica', '2', 1470413922),
('registrador_alcance', '1', 1467389470),
('registrador_alcance', '2', 1470413922),
('registrador_basico', '1', 1467389470),
('registrador_basico', '2', 1470413922),
('registrador_distribucion_presupuestaria', '1', 1467389470),
('sysadmin', '1', 1467389470);

-- --------------------------------------------------------

--
-- Estructura de tabla para la tabla `auth_item`
--

CREATE TABLE `auth_item` (
  `name` varchar(64) COLLATE utf8_unicode_ci NOT NULL,
  `type` int(11) NOT NULL,
  `description` text COLLATE utf8_unicode_ci,
  `rule_name` varchar(64) COLLATE utf8_unicode_ci DEFAULT NULL,
  `data` text COLLATE utf8_unicode_ci,
  `created_at` int(11) DEFAULT NULL,
  `updated_at` int(11) DEFAULT NULL
) ENGINE=InnoDB DEFAULT CHARSET=utf8 COLLATE=utf8_unicode_ci;

--
-- Volcado de datos para la tabla `auth_item`
--

INSERT INTO `auth_item` (`name`, `type`, `description`, `rule_name`, `data`, `created_at`, `updated_at`) VALUES
('ac-ac-espec/bulk-delete', 2, 'borrar por lotes las acciones especificas de las ACC', NULL, NULL, 1470425776, 1470425776),
('ac-ac-espec/create', 2, 'Crear acción específica de ACC', NULL, NULL, 1456113811, 1456113811),
('ac-ac-espec/delete', 2, 'Eliminar acción específica de ACC', NULL, NULL, 1456113851, 1456113851),
('ac-ac-espec/index', 2, 'Lista de acciones específicas de ACC', NULL, NULL, 1456113780, 1456113780),
('ac-ac-espec/update', 2, 'Modificar acción específica de ACC', NULL, NULL, 1456113834, 1456113834),
('ac-ac-espec/view', 2, 'Ver una acción específica de ACC', NULL, NULL, 1456114927, 1456114927),
('ac-esp-uej/create', 2, 'Asociar una UE a una acción específica de ACC', NULL, NULL, 1456114656, 1456114656),
('ac-esp-uej/delete', 2, 'Desasignar una UE de una acción específica de ACC', NULL, NULL, 1456114789, 1456114789),
('ac-esp-uej/index', 2, 'Lista de UE asociadas a una acción específica de ACC', NULL, NULL, 1456114628, 1456114667),
('ac-esp-uej/update', 2, 'Cambiar la asignación de una UE de acción específica de ACC', NULL, NULL, 1456114758, 1456114758),
('acc_accion_especifica', 1, 'Crear, editar y eliminar acciones específicas de ACC', NULL, NULL, 1456113925, 1470425814),
('acc_variables', 1, 'Ver, crear, editar y eliminar variables de ACC', NULL, NULL, 1467389461, 1469804690),
('accc-ejecucion-variable', 1, 'Permite Ejecutar una variable', NULL, NULL, 1469119520, 1469804624),
('accion_centralizada', 1, 'ver las acciones centralizadas', NULL, NULL, 1455129653, 1470425464),
('accion_centralizada_asignar', 1, 'Asignar usuarios a Acciones Centralizadas', NULL, NULL, 1459442993, 1468251798),
('accion_centralizada_requerimiento', 1, 'permisos para poder realizar requerimientos de acciones centralizadas', NULL, NULL, 1459774903, 1468270547),
('accion-centralizada-asignar/ace', 2, 'JSON con las Acciones Específicas a asignar', NULL, NULL, 1459443928, 1459443928),
('accion-centralizada-asignar/ace1', 2, 'buscar las acciones centralizadas para asignar', NULL, NULL, 1468248165, 1468248165),
('accion-centralizada-asignar/ace2', 2, ' tomar el id frk de accion_especifica y unidad_ejecutora en asignacion', NULL, NULL, 1468251769, 1468251769),
('accion-centralizada-asignar/asignar', 2, 'Asignar usuario a acción específica de ACC', NULL, NULL, 1459443071, 1459443071),
('accion-centralizada-asignar/create', 2, 'Crear asignacion', NULL, NULL, 1459443103, 1459443103),
('accion-centralizada-asignar/delete', 2, 'Eliminar asignacion', NULL, NULL, 1459443147, 1459443147),
('accion-centralizada-asignar/index', 2, 'Lista de asignaciones de usuarios a ACC', NULL, NULL, 1459442945, 1459442945),
('accion-centralizada-asignar/update', 2, 'Modificar asignacion', NULL, NULL, 1459443134, 1459443134),
('accion-centralizada-asignar/view', 2, 'Ver asignacion', NULL, NULL, 1459443115, 1459443115),
('accion-centralizada-pedido/aprobar', 2, 'Permitir aprobar los requerimientos-pedidos de las uej ', NULL, NULL, 1468270530, 1468270530),
('accion-centralizada-pedido/bulk-activar', 2, 'activar por lotes los requermientos de accion centralizada', NULL, NULL, 1459788691, 1459788691),
('accion-centralizada-pedido/bulk-delete', 2, 'borrar por lote los requerimientos de accion centralizada', NULL, NULL, 1459788636, 1459788636),
('accion-centralizada-pedido/bulk-desactivar', 2, 'desactivar por lotes los requerimientos de accion centralizada', NULL, NULL, 1459788669, 1459788669),
('accion-centralizada-pedido/create', 2, 'crear requerimiento de accion centralizada', NULL, NULL, 1459774359, 1459774359),
('accion-centralizada-pedido/delete', 2, 'eliminar un requerimiento de accion centralizada', NULL, NULL, 1459788724, 1459788724),
('accion-centralizada-pedido/index', 2, 'pagina inicial de los pedidos de accion centralizada', NULL, NULL, 1459774327, 1459774327),
('accion-centralizada-pedido/llenarprecio', 2, 'consulta para traer el precio del material y su iva', NULL, NULL, 1459775236, 1459775236),
('accion-centralizada-pedido/pedido', 2, 'pedir requerimiento de accion centralizada', NULL, NULL, 1459774549, 1459774549),
('accion-centralizada-pedido/update', 2, 'modiifcar requerimiento de accion centralizada', NULL, NULL, 1459774383, 1459774383),
('accion-centralizada-pedido/view', 2, 'ver el detalle del requerimiento', NULL, NULL, 1459788595, 1459788595),
('accion-centralizada-variable-ejecucion/create', 2, 'Permite la ejecución de la variable por la ue', NULL, NULL, 1469119376, 1469119376),
('accion-centralizada-variable-ejecucion/delete', 2, 'Permite borrar la ejecución de una variable', NULL, NULL, 1469119469, 1469119469),
('accion-centralizada-variable-ejecucion/index', 2, 'Permite ver la pagina princial de variables', NULL, NULL, 1469119716, 1469119716),
('accion-centralizada-variable-ejecucion/localizacion', 2, 'Permite ver por región las variables', NULL, NULL, 1469119698, 1469119698),
('accion-centralizada-variable-ejecucion/update', 2, 'Permite la modificación de la ejecución por parte de la ue', NULL, NULL, 1469119407, 1469119407),
('accion-centralizada-variable-ejecucion/variables', 2, 'Permite ver las variables asignadas al usuario', NULL, NULL, 1469119352, 1469119352),
('accion-centralizada-variable-ejecucion/view', 2, 'Permite ver el detalle de la ejecución ', NULL, NULL, 1469119441, 1469119441),
('accion-centralizada-variables/ace', 2, 'permite actualizar el combo de  las unidades ejecutoras en variables', NULL, NULL, 1469803214, 1469803214),
('accion-centralizada-variables/ace1', 2, 'permite actualizar el combo de los usuarios asignados a las variables', NULL, NULL, 1469803333, 1469803333),
('accion-centralizada-variables/ace2', 2, 'permite activar el combo de acciones especificas de las variables', NULL, NULL, 1469802966, 1469803175),
('accion-centralizada-variables/create', 2, 'crear variables para acciones centralizadas', NULL, NULL, 1455136899, 1467389622),
('accion-centralizada-variables/delete', 2, 'poder borrar la variable', NULL, NULL, 1455136995, 1467389629),
('accion-centralizada-variables/index', 2, 'poder ir al inicio del modulo variables ', NULL, NULL, 1455136979, 1467389635),
('accion-centralizada-variables/update', 2, 'actulizar variables de acciones centralizadas', NULL, NULL, 1455136923, 1467389641),
('accion-centralizada-variables/view', 2, 'ver el detalle de variable', NULL, NULL, 1455136945, 1467389646),
('accion-centralizada/aprobar', 2, 'aprobar las acciones centralizadas', NULL, NULL, 1469452879, 1469452879),
('accion-centralizada/bulk-delete', 2, 'borrar por lotes las acciones centralizadas', NULL, NULL, 1470425437, 1470425437),
('accion-centralizada/create', 2, 'crear acciones centralizadas', NULL, NULL, 1455130416, 1455130416),
('accion-centralizada/delete', 2, 'borrar acciones centralizadas', NULL, NULL, 1455130459, 1455130459),
('accion-centralizada/distribucion', 2, 'Ver distribución presupuestaria de acción centralizada', NULL, NULL, 1467945503, 1467945666),
('accion-centralizada/importar', 2, 'Importar acciones centralizadas', NULL, NULL, 1458862735, 1458862842),
('accion-centralizada/index', 2, 'ver el inicio de acciones centralizadas', NULL, NULL, 1455129506, 1455130004),
('accion-centralizada/update', 2, 'actualizar acciones centralizadas', NULL, NULL, 1455130436, 1455136413),
('accion-centralizada/view', 2, 'ver el detalle de la accion centralizada', NULL, NULL, 1455130492, 1455130492),
('gestor_proyecto', 1, 'Administrador de proyecto', NULL, NULL, 1456979251, 1464408657),
('localizacion-acc-variable/create', 2, 'crear la localizacion y programacion de una variable', NULL, NULL, 1469803767, 1469804383),
('localizacion-acc-variable/delete', 2, 'borrar la localizacion y programación de una variable', NULL, NULL, 1469803794, 1469804175),
('localizacion-acc-variable/index', 2, 'ver lista de las localizaciones creadas de una variable', NULL, NULL, 1469803823, 1469804184),
('localizacion-acc-variable/update', 2, 'modificar la localización y programación de una variable', NULL, NULL, 1469804416, 1469804416),
('localizacion-acc-variable/view', 2, 'detalle de la localización y programación de una variable', NULL, NULL, 1469803858, 1469804193),
('materiales_servicios', 1, 'Crea, modifica y elimina materiales y servicios', NULL, NULL, 1455502889, 1455502889),
('materiales-servicios/create', 2, 'Crear materiales y servicios', NULL, NULL, 1455502798, 1455502798),
('materiales-servicios/delete', 2, 'Eliminar materiales y servicios', NULL, NULL, 1455502828, 1455502828),
('materiales-servicios/index', 2, 'Lista de materiales y servicios', NULL, NULL, 1455502782, 1455502782),
('materiales-servicios/update', 2, 'Modificar materiales y servicios', NULL, NULL, 1455502813, 1455502813),
('proyecto_asignar', 1, 'Gestionar las asignaciones de usuarios a las acciones específicas de un proyecto', NULL, NULL, 1458229165, 1467246247),
('proyecto_pedido', 1, 'Pedidos de materiales y servicios de proyecto', NULL, NULL, 1457400383, 1468845605),
('proyecto-accion-especifica/bulk-activar', 2, 'Activar múltiples acciones específicas de proyecto', NULL, NULL, 1457393259, 1457393259),
('proyecto-accion-especifica/bulk-desactivar', 2, 'Desactivar múltiples acciones específicas de proyecto', NULL, NULL, 1457393291, 1457393291),
('proyecto-accion-especifica/create', 2, 'Crear acción específica de proyecto', NULL, NULL, 1452529692, 1452529692),
('proyecto-accion-especifica/delete', 2, 'Eliminar acción específica de proyecto', NULL, NULL, 1452529736, 1452529736),
('proyecto-accion-especifica/index', 2, 'Lista de acciones específicas de proyecto', NULL, NULL, 1452529786, 1452529786),
('proyecto-accion-especifica/toggle-activo', 2, 'Activar/Desactivar una acción específica de proyecto', NULL, NULL, 1457393202, 1457393330),
('proyecto-accion-especifica/update', 2, 'Editar acción específica de proyecto', NULL, NULL, 1452529715, 1452529715),
('proyecto-accion-especifica/view', 2, 'Ver acción específica de proyecto', NULL, NULL, 1452631085, 1452631085),
('proyecto-alcance/create', 2, 'Crear alcance de proyecto', NULL, NULL, 1452221668, 1452221668),
('proyecto-alcance/delete', 2, 'Eliminar alcance de proyecto', NULL, NULL, 1452221699, 1452221699),
('proyecto-alcance/update', 2, 'Editar alcance de proyecto', NULL, NULL, 1452221681, 1452221681),
('proyecto-alcance/view', 2, 'Ver alcance de proyecto', NULL, NULL, 1452223025, 1452223025),
('proyecto-internacional/create', 2, 'Ámbito internacional crear', NULL, NULL, 1451487147, 1451487539),
('proyecto-internacional/delete', 2, 'Ámbito internacional eliminar', NULL, NULL, 1451487197, 1451487564),
('proyecto-internacional/index', 2, 'Ámbito internacional lista', NULL, NULL, 1451487641, 1451487656),
('proyecto-internacional/update', 2, 'Ámbito internacional editar', NULL, NULL, 1451487172, 1451487587),
('proyecto-internacional/view', 2, 'Ámbito internacional ver', NULL, NULL, 1451487215, 1451487602),
('proyecto-localizacion/create', 2, 'Localización estadal, municipal, parroquial - crear', NULL, NULL, 1451505242, 1451505242),
('proyecto-localizacion/delete', 2, 'Localización estadal, municipal, parroquial - eliminar', NULL, NULL, 1452359464, 1452359464),
('proyecto-localizacion/index', 2, 'Localización estadal, municipal, parroquial - lista', NULL, NULL, 1451499354, 1451499354),
('proyecto-localizacion/update', 2, 'Localización estadal, municipal, parroquial - modificar', NULL, NULL, 1451967049, 1451967049),
('proyecto-localizacion/view', 2, 'Localización estadal, municipal, parroquial - ver', NULL, NULL, 1451968567, 1451968567),
('proyecto-pedido/aprobar', 2, 'aprobar los pedidos hechos por las unidades ejecutoras', NULL, NULL, 1468845580, 1468845580),
('proyecto-pedido/bulk-activar', 2, 'Activar múltiples pedidos de proyecto', NULL, NULL, 1460932803, 1460932803),
('proyecto-pedido/bulk-desactivar', 2, 'Desactivar múltiples pedidos de proyecto', NULL, NULL, 1460932827, 1460932827),
('proyecto-pedido/create', 2, 'Crear pedido', NULL, NULL, 1458102921, 1458102921),
('proyecto-pedido/delete', 2, 'Eliminar pedido', NULL, NULL, 1458102957, 1458102957),
('proyecto-pedido/index', 2, 'Lista de pedidos de materiales y servicios de proyecto', NULL, NULL, 1456116851, 1456116851),
('proyecto-pedido/pedido', 2, 'Pedidos', NULL, NULL, 1458100323, 1458100323),
('proyecto-pedido/toggle-activo', 2, 'Activar/desactivar pedido', NULL, NULL, 1458105557, 1458105557),
('proyecto-pedido/update', 2, 'Modificar pedido', NULL, NULL, 1458102942, 1458102942),
('proyecto-pedido/view', 2, 'Ver pedido', NULL, NULL, 1458105517, 1458105517),
('proyecto-registrador/create', 2, 'Crear registrador de proyecto', NULL, NULL, 1451931943, 1451931943),
('proyecto-registrador/create-alt', 2, 'Crear registrador de proyecto - método alternativo', NULL, NULL, 1452023090, 1452023090),
('proyecto-registrador/delete', 2, 'Eliminar registrador de proyecto', NULL, NULL, 1451931989, 1451931989),
('proyecto-registrador/index', 2, 'Lista de registrador de proyecto', NULL, NULL, 1451932055, 1451932055),
('proyecto-registrador/update', 2, 'Editar registrador de proyecto', NULL, NULL, 1451931966, 1451931966),
('proyecto-registrador/view', 2, 'Ver registrador de proyecto', NULL, NULL, 1451937934, 1451937934),
('proyecto-responsable-administrativo/create', 2, 'Crear responsable administrativo de proyecto', NULL, NULL, 1452006664, 1452006664),
('proyecto-responsable-administrativo/create-alt', 2, 'Crear responsable administrativo de proyecto - método alternativo', NULL, NULL, 1452023021, 1452023098),
('proyecto-responsable-administrativo/delete', 2, 'Eliminar responsable administrativo de proyecto', NULL, NULL, 1452006754, 1452006754),
('proyecto-responsable-administrativo/update', 2, 'Editar responsable administrativo de proyecto', NULL, NULL, 1452006689, 1452006689),
('proyecto-responsable-administrativo/view', 2, 'Ver responsable administrativo de proyecto', NULL, NULL, 1452006722, 1452006722),
('proyecto-responsable-tecnico/create', 2, 'Crear responsable técnico de proyecto', NULL, NULL, 1452011058, 1452011058),
('proyecto-responsable-tecnico/delete', 2, 'Eliminar responsable técnico de proyecto', NULL, NULL, 1460241927, 1460241927),
('proyecto-responsable-tecnico/update', 2, 'Editar responsable técnico de proyecto', NULL, NULL, 1452011082, 1452011082),
('proyecto-responsable-tecnico/view', 2, 'Ver responsable técnico de proyecto', NULL, NULL, 1460241976, 1460241976),
('proyecto-responsable/create', 2, 'Crear responsable de proyecto', NULL, NULL, 1452005727, 1452005727),
('proyecto-responsable/delete', 2, 'Eliminar responsable de proyecto', NULL, NULL, 1452019408, 1452019408),
('proyecto-responsable/update', 2, 'Editar responsable de proyecto', NULL, NULL, 1452005753, 1452005753),
('proyecto-responsable/view', 2, 'Ver responsable de proyecto', NULL, NULL, 1452006168, 1452006168),
('proyecto-usuario-asignar/asignar', 2, 'Lista de asignaciones de un usuario a proyecto/acción específica', NULL, NULL, 1458228890, 1468031810),
('proyecto-usuario-asignar/aue', 2, 'Respuesta JSON', NULL, NULL, 1467244885, 1468031836),
('proyecto-usuario-asignar/bulk-activar', 2, 'Activar múltiples asignaciones de un usuario a proyecto/acción específica', NULL, NULL, 1458229012, 1468031953),
('proyecto-usuario-asignar/bulk-delete', 2, 'Eliminar múltiples asignaciones de usuario a proyecto/acción específica', NULL, NULL, 1458228933, 1468031942),
('proyecto-usuario-asignar/bulk-desactivar', 2, 'Desactivar múltiples asignaciones de un usuario a proyecto/acción específica', NULL, NULL, 1458229050, 1468031930),
('proyecto-usuario-asignar/create', 2, 'Crear asignación de usuario a proyecto/acción específica', NULL, NULL, 1458228779, 1468031848),
('proyecto-usuario-asignar/delete', 2, 'Eliminar asignación de usuario a proyecto/acción específica', NULL, NULL, 1458228811, 1468031921),
('proyecto-usuario-asignar/index', 2, 'Lista de usuarios asignados a proyectos', NULL, NULL, 1458228739, 1468031856),
('proyecto-usuario-asignar/pae', 2, 'Respuesta JSON', NULL, NULL, 1458275263, 1468031909),
('proyecto-usuario-asignar/toggle-activo', 2, 'Activar/Desactivar asignación de usuario a proyecto/acción específica', NULL, NULL, 1458228960, 1468031897),
('proyecto-usuario-asignar/update', 2, 'Modificar asignación de usuario a proyecto/acción específica', NULL, NULL, 1458228795, 1468031887),
('proyecto-usuario-asignar/view', 2, 'Ver asignación de usuario a proyecto/acción específica', NULL, NULL, 1458228845, 1468031873),
('proyecto/aprobar', 2, 'Aprobar/desaprobar proyecto', NULL, NULL, 1464384527, 1464384527),
('proyecto/bulk-activar', 2, 'Activar múltiples proyectos', NULL, NULL, 1456979084, 1456979084),
('proyecto/bulk-delete', 2, 'Eliminar múltiples proyectos', NULL, NULL, 1456979023, 1456979023),
('proyecto/bulk-desactivar', 2, 'Desactivar múltiples proyectos', NULL, NULL, 1456979103, 1456979103),
('proyecto/create', 2, 'Crear Proyecto', NULL, NULL, 1450393912, 1450645199),
('proyecto/delete', 2, 'Eliminar Proyecto', NULL, NULL, 1450393912, 1450645229),
('proyecto/distribucion', 2, 'Distribución presupuestaria de proyecto', NULL, NULL, 1464408600, 1464408600),
('proyecto/index', 2, 'Lista de proyectos', NULL, NULL, 1450646779, 1450646779),
('proyecto/toggle-activo', 2, 'Activar/desactivar un proyecto', NULL, NULL, 1456978982, 1456979131),
('proyecto/update', 2, 'Editar Proyecto', NULL, NULL, 1450393912, 1450645214),
('proyecto/view', 2, 'Ver Proyecto', NULL, NULL, 1450393912, 1450645173),
('registrador_accion_especifica', 1, 'Crea, edita y elimina acciones específicas de proyecto', NULL, NULL, 1452529829, 1457393365),
('registrador_alcance', 1, 'Crea, edita y elimina "alcance e impacto" de proyecto', NULL, NULL, 1452221931, 1452223040),
('registrador_basico', 1, 'Crea, edita y elimina datos básicos de proyecto', NULL, NULL, 1450393912, 1460242009),
('registrador_distribucion_presupuestaria', 1, 'Crea, edita y elimina la distribución presupuestaria de proyecto', NULL, NULL, 1452649340, 1452649340),
('responsable-acc-variable/create', 2, 'crear el responsable a cargo de las variables', NULL, NULL, 1469803450, 1469803450),
('responsable-acc-variable/delete', 2, 'borrar el responsable de la variable', NULL, NULL, 1469803509, 1469803509),
('responsable-acc-variable/update', 2, 'modificar el resposanble a cargo de la variable', NULL, NULL, 1469803474, 1469803474),
('responsable-acc-variable/view', 2, 'permite ver el detalle del responsable de la variable', NULL, NULL, 1469803494, 1469803494),
('site/audit', 2, 'Auditoría', NULL, NULL, 1458665093, 1458665093),
('site/configuracion', 2, 'Configurar el sistema', NULL, NULL, 1450736795, 1450736795),
('sysadmin', 1, 'Administrador del sistema', NULL, NULL, 1450736017, 1459774580),
('unidad-medida/create', 2, 'Crear unidad de medida', NULL, NULL, 1453773712, 1453773712),
('unidad-medida/delete', 2, 'Eliminar unidad de medida', NULL, NULL, 1453773745, 1453773745),
('unidad-medida/index', 2, 'Lista de unidad de medida', NULL, NULL, 1453773700, 1453773700),
('unidad-medida/update', 2, 'Editar unidad de medida', NULL, NULL, 1453773728, 1453773728),
('updateOwnPost', 2, 'Update own post', NULL, NULL, 1456117284, 1456117284);

-- --------------------------------------------------------

--
-- Estructura de tabla para la tabla `auth_item_child`
--

CREATE TABLE `auth_item_child` (
  `parent` varchar(64) COLLATE utf8_unicode_ci NOT NULL,
  `child` varchar(64) COLLATE utf8_unicode_ci NOT NULL
) ENGINE=InnoDB DEFAULT CHARSET=utf8 COLLATE=utf8_unicode_ci;

--
-- Volcado de datos para la tabla `auth_item_child`
--

INSERT INTO `auth_item_child` (`parent`, `child`) VALUES
('acc_accion_especifica', 'ac-ac-espec/bulk-delete'),
('acc_accion_especifica', 'ac-ac-espec/create'),
('sysadmin', 'ac-ac-espec/create'),
('acc_accion_especifica', 'ac-ac-espec/delete'),
('sysadmin', 'ac-ac-espec/delete'),
('acc_accion_especifica', 'ac-ac-espec/index'),
('sysadmin', 'ac-ac-espec/index'),
('acc_accion_especifica', 'ac-ac-espec/update'),
('sysadmin', 'ac-ac-espec/update'),
('acc_accion_especifica', 'ac-ac-espec/view'),
('sysadmin', 'ac-ac-espec/view'),
('acc_accion_especifica', 'ac-esp-uej/create'),
('sysadmin', 'ac-esp-uej/create'),
('acc_accion_especifica', 'ac-esp-uej/delete'),
('sysadmin', 'ac-esp-uej/delete'),
('acc_accion_especifica', 'ac-esp-uej/index'),
('sysadmin', 'ac-esp-uej/index'),
('acc_accion_especifica', 'ac-esp-uej/update'),
('accion_centralizada_asignar', 'accion-centralizada-asignar/ace'),
('sysadmin', 'accion-centralizada-asignar/ace'),
('accion_centralizada_asignar', 'accion-centralizada-asignar/ace1'),
('accion_centralizada_asignar', 'accion-centralizada-asignar/ace2'),
('accion_centralizada_asignar', 'accion-centralizada-asignar/asignar'),
('sysadmin', 'accion-centralizada-asignar/asignar'),
('accion_centralizada_asignar', 'accion-centralizada-asignar/create'),
('sysadmin', 'accion-centralizada-asignar/create'),
('accion_centralizada_asignar', 'accion-centralizada-asignar/delete'),
('sysadmin', 'accion-centralizada-asignar/delete'),
('accion_centralizada_asignar', 'accion-centralizada-asignar/index'),
('sysadmin', 'accion-centralizada-asignar/index'),
('accion_centralizada_asignar', 'accion-centralizada-asignar/update'),
('sysadmin', 'accion-centralizada-asignar/update'),
('accion_centralizada_asignar', 'accion-centralizada-asignar/view'),
('sysadmin', 'accion-centralizada-asignar/view'),
('accion_centralizada_requerimiento', 'accion-centralizada-pedido/aprobar'),
('accion_centralizada_requerimiento', 'accion-centralizada-pedido/bulk-activar'),
('accion_centralizada_requerimiento', 'accion-centralizada-pedido/bulk-delete'),
('accion_centralizada_requerimiento', 'accion-centralizada-pedido/bulk-desactivar'),
('accion_centralizada_requerimiento', 'accion-centralizada-pedido/create'),
('sysadmin', 'accion-centralizada-pedido/create'),
('accion_centralizada_requerimiento', 'accion-centralizada-pedido/delete'),
('accion_centralizada_requerimiento', 'accion-centralizada-pedido/index'),
('sysadmin', 'accion-centralizada-pedido/index'),
('accion_centralizada_requerimiento', 'accion-centralizada-pedido/llenarprecio'),
('accion_centralizada_requerimiento', 'accion-centralizada-pedido/pedido'),
('sysadmin', 'accion-centralizada-pedido/pedido'),
('accion_centralizada_requerimiento', 'accion-centralizada-pedido/update'),
('sysadmin', 'accion-centralizada-pedido/update'),
('accion_centralizada_requerimiento', 'accion-centralizada-pedido/view'),
('accc-ejecucion-variable', 'accion-centralizada-variable-ejecucion/create'),
('accc-ejecucion-variable', 'accion-centralizada-variable-ejecucion/delete'),
('accc-ejecucion-variable', 'accion-centralizada-variable-ejecucion/index'),
('accc-ejecucion-variable', 'accion-centralizada-variable-ejecucion/localizacion'),
('accc-ejecucion-variable', 'accion-centralizada-variable-ejecucion/update'),
('acc_variables', 'accion-centralizada-variable-ejecucion/variables'),
('accc-ejecucion-variable', 'accion-centralizada-variable-ejecucion/variables'),
('accc-ejecucion-variable', 'accion-centralizada-variable-ejecucion/view'),
('acc_variables', 'accion-centralizada-variables/ace'),
('acc_variables', 'accion-centralizada-variables/ace1'),
('acc_variables', 'accion-centralizada-variables/ace2'),
('acc_variables', 'accion-centralizada-variables/create'),
('acc_variables', 'accion-centralizada-variables/delete'),
('acc_variables', 'accion-centralizada-variables/index'),
('acc_variables', 'accion-centralizada-variables/update'),
('acc_variables', 'accion-centralizada-variables/view'),
('accion_centralizada', 'accion-centralizada/aprobar'),
('accion_centralizada', 'accion-centralizada/bulk-delete'),
('accion_centralizada', 'accion-centralizada/create'),
('sysadmin', 'accion-centralizada/create'),
('accion_centralizada', 'accion-centralizada/delete'),
('sysadmin', 'accion-centralizada/delete'),
('accion_centralizada', 'accion-centralizada/distribucion'),
('accion_centralizada', 'accion-centralizada/importar'),
('sysadmin', 'accion-centralizada/importar'),
('accion_centralizada', 'accion-centralizada/index'),
('sysadmin', 'accion-centralizada/index'),
('accion_centralizada', 'accion-centralizada/update'),
('sysadmin', 'accion-centralizada/update'),
('accion_centralizada', 'accion-centralizada/view'),
('sysadmin', 'accion-centralizada/view'),
('acc_variables', 'localizacion-acc-variable/create'),
('accc-ejecucion-variable', 'localizacion-acc-variable/create'),
('accc-ejecucion-variable', 'localizacion-acc-variable/delete'),
('acc_variables', 'localizacion-acc-variable/update'),
('materiales_servicios', 'materiales-servicios/create'),
('sysadmin', 'materiales-servicios/create'),
('materiales_servicios', 'materiales-servicios/delete'),
('sysadmin', 'materiales-servicios/delete'),
('materiales_servicios', 'materiales-servicios/index'),
('sysadmin', 'materiales-servicios/index'),
('materiales_servicios', 'materiales-servicios/update'),
('sysadmin', 'materiales-servicios/update'),
('registrador_accion_especifica', 'proyecto-accion-especifica/bulk-activar'),
('registrador_accion_especifica', 'proyecto-accion-especifica/bulk-desactivar'),
('registrador_accion_especifica', 'proyecto-accion-especifica/create'),
('registrador_accion_especifica', 'proyecto-accion-especifica/delete'),
('registrador_accion_especifica', 'proyecto-accion-especifica/index'),
('registrador_accion_especifica', 'proyecto-accion-especifica/toggle-activo'),
('registrador_accion_especifica', 'proyecto-accion-especifica/update'),
('registrador_accion_especifica', 'proyecto-accion-especifica/view'),
('registrador_alcance', 'proyecto-alcance/create'),
('registrador_alcance', 'proyecto-alcance/delete'),
('registrador_alcance', 'proyecto-alcance/update'),
('registrador_alcance', 'proyecto-alcance/view'),
('registrador_basico', 'proyecto-internacional/create'),
('registrador_basico', 'proyecto-internacional/delete'),
('registrador_basico', 'proyecto-internacional/index'),
('registrador_basico', 'proyecto-internacional/update'),
('registrador_basico', 'proyecto-internacional/view'),
('registrador_basico', 'proyecto-localizacion/create'),
('registrador_basico', 'proyecto-localizacion/delete'),
('registrador_basico', 'proyecto-localizacion/index'),
('registrador_basico', 'proyecto-localizacion/update'),
('registrador_basico', 'proyecto-localizacion/view'),
('proyecto_pedido', 'proyecto-pedido/aprobar'),
('proyecto_pedido', 'proyecto-pedido/bulk-activar'),
('proyecto_pedido', 'proyecto-pedido/bulk-desactivar'),
('proyecto_pedido', 'proyecto-pedido/create'),
('proyecto_pedido', 'proyecto-pedido/delete'),
('proyecto_pedido', 'proyecto-pedido/index'),
('proyecto_pedido', 'proyecto-pedido/pedido'),
('proyecto_pedido', 'proyecto-pedido/toggle-activo'),
('proyecto_pedido', 'proyecto-pedido/update'),
('proyecto_pedido', 'proyecto-pedido/view'),
('registrador_basico', 'proyecto-registrador/create'),
('registrador_basico', 'proyecto-registrador/create-alt'),
('registrador_basico', 'proyecto-registrador/delete'),
('registrador_basico', 'proyecto-registrador/index'),
('registrador_basico', 'proyecto-registrador/update'),
('registrador_basico', 'proyecto-registrador/view'),
('registrador_basico', 'proyecto-responsable-administrativo/create'),
('registrador_basico', 'proyecto-responsable-administrativo/create-alt'),
('registrador_basico', 'proyecto-responsable-administrativo/delete'),
('registrador_basico', 'proyecto-responsable-administrativo/update'),
('registrador_basico', 'proyecto-responsable-administrativo/view'),
('registrador_basico', 'proyecto-responsable-tecnico/create'),
('registrador_basico', 'proyecto-responsable-tecnico/delete'),
('registrador_basico', 'proyecto-responsable-tecnico/update'),
('registrador_basico', 'proyecto-responsable-tecnico/view'),
('registrador_basico', 'proyecto-responsable/create'),
('registrador_basico', 'proyecto-responsable/delete'),
('registrador_basico', 'proyecto-responsable/update'),
('registrador_basico', 'proyecto-responsable/view'),
('proyecto_asignar', 'proyecto-usuario-asignar/asignar'),
('proyecto_asignar', 'proyecto-usuario-asignar/aue'),
('proyecto_asignar', 'proyecto-usuario-asignar/bulk-activar'),
('proyecto_asignar', 'proyecto-usuario-asignar/bulk-delete'),
('proyecto_asignar', 'proyecto-usuario-asignar/bulk-desactivar'),
('proyecto_asignar', 'proyecto-usuario-asignar/create'),
('proyecto_asignar', 'proyecto-usuario-asignar/delete'),
('proyecto_asignar', 'proyecto-usuario-asignar/index'),
('proyecto_asignar', 'proyecto-usuario-asignar/pae'),
('proyecto_asignar', 'proyecto-usuario-asignar/toggle-activo'),
('proyecto_asignar', 'proyecto-usuario-asignar/update'),
('proyecto_asignar', 'proyecto-usuario-asignar/view'),
('gestor_proyecto', 'proyecto/bulk-activar'),
('gestor_proyecto', 'proyecto/bulk-delete'),
('gestor_proyecto', 'proyecto/bulk-desactivar'),
('registrador_basico', 'proyecto/create'),
('gestor_proyecto', 'proyecto/delete'),
('registrador_basico', 'proyecto/delete'),
('gestor_proyecto', 'proyecto/distribucion'),
('registrador_basico', 'proyecto/index'),
('gestor_proyecto', 'proyecto/toggle-activo'),
('registrador_basico', 'proyecto/update'),
('registrador_basico', 'proyecto/view'),
('acc_variables', 'responsable-acc-variable/create'),
('acc_variables', 'responsable-acc-variable/delete'),
('acc_variables', 'responsable-acc-variable/update'),
('acc_variables', 'responsable-acc-variable/view'),
('sysadmin', 'site/audit'),
('sysadmin', 'site/configuracion'),
('sysadmin', 'unidad-medida/create'),
('sysadmin', 'unidad-medida/delete'),
('sysadmin', 'unidad-medida/index'),
('sysadmin', 'unidad-medida/update');

-- --------------------------------------------------------

--
-- Estructura de tabla para la tabla `auth_rule`
--

CREATE TABLE `auth_rule` (
  `name` varchar(64) COLLATE utf8_unicode_ci NOT NULL,
  `data` text COLLATE utf8_unicode_ci,
  `created_at` int(11) DEFAULT NULL,
  `updated_at` int(11) DEFAULT NULL
) ENGINE=InnoDB DEFAULT CHARSET=utf8 COLLATE=utf8_unicode_ci;

-- --------------------------------------------------------

--
-- Estructura de tabla para la tabla `cuenta_presupuestaria`
--

CREATE TABLE `cuenta_presupuestaria` (
  `cuenta` char(1) NOT NULL,
  `nombre` varchar(15) NOT NULL
) ENGINE=InnoDB DEFAULT CHARSET=utf8;

--
-- Volcado de datos para la tabla `cuenta_presupuestaria`
--

INSERT INTO `cuenta_presupuestaria` (`cuenta`, `nombre`) VALUES
('3', 'Recursos'),
('4', 'Egresos');

-- --------------------------------------------------------

--
-- Estructura de tabla para la tabla `estados`
--

CREATE TABLE `estados` (
  `id` int(11) NOT NULL,
  `nombre` varchar(45) CHARACTER SET utf8 NOT NULL,
  `id_pais` int(11) NOT NULL
) ENGINE=InnoDB DEFAULT CHARSET=latin1;

--
-- Volcado de datos para la tabla `estados`
--

INSERT INTO `estados` (`id`, `nombre`, `id_pais`) VALUES
(1, 'Amazonas', 862),
(2, 'Anzoátegui', 862),
(3, 'Apure', 862),
(4, 'Aragua', 862),
(5, 'Barinas', 862),
(6, 'Bolívar', 862),
(7, 'Carabobo', 862),
(8, 'Cojedes', 862),
(9, 'Delta Amacuro', 862),
(10, 'Falcón', 862),
(11, 'Guárico', 862),
(12, 'Lara', 862),
(13, 'Mérida', 862),
(14, 'Miranda', 862),
(15, 'Monagas', 862),
(16, 'Nueva Esparta', 862),
(17, 'Portuguesa', 862),
(18, 'Sucre', 862),
(19, 'Táchira', 862),
(20, 'Trujillo', 862),
(21, 'Vargas', 862),
(22, 'Yaracuy', 862),
(23, 'Zulia', 862),
(24, 'Distrito Capital', 862),
(25, 'Dependencias Federales', 862);

-- --------------------------------------------------------

--
-- Estructura de tabla para la tabla `estatus_proyecto`
--

CREATE TABLE `estatus_proyecto` (
  `id` int(11) NOT NULL,
  `estatus` varchar(25) NOT NULL
) ENGINE=InnoDB DEFAULT CHARSET=utf8 COMMENT='Lista de estatus de proyecto';

--
-- Volcado de datos para la tabla `estatus_proyecto`
--

INSERT INTO `estatus_proyecto` (`id`, `estatus`) VALUES
(1, 'Idea'),
(2, 'Prefactibilidad'),
(3, 'Por iniciar');

-- --------------------------------------------------------

--
-- Estructura de tabla para la tabla `fuente_financiamiento`
--

CREATE TABLE `fuente_financiamiento` (
  `id` int(11) NOT NULL,
  `fuente` varchar(255) NOT NULL
) ENGINE=InnoDB DEFAULT CHARSET=utf8;

--
-- Volcado de datos para la tabla `fuente_financiamiento`
--

INSERT INTO `fuente_financiamiento` (`id`, `fuente`) VALUES
(1, 'RECURSOS ORDINARIOS'),
(2, 'SITUADO CONSTITUCIONAL'),
(3, 'FONDO DE COMPENSACIÓN INTERTERRITORIAL (FCI)'),
(4, 'INGRESOS PROPIOS'),
(5, 'FONDEN'),
(6, 'FONDO NACIONAL DE CIENCIA, TECNOLOGÍA E INNOVACIÓN'),
(7, 'FONDO EZEQUIEL ZAMORA'),
(8, 'FONDO SIMÓN BOLÍVAR'),
(9, 'FONDESPA'),
(10, 'FONDO NACIONAL ANTIDROGAS'),
(11, 'FONDO CONJUNTO CHINO VENEZOLANO');

-- --------------------------------------------------------

--
-- Estructura de tabla para la tabla `instancia_institucion`
--

CREATE TABLE `instancia_institucion` (
  `id` int(11) NOT NULL,
  `tipo` varchar(45) NOT NULL
) ENGINE=InnoDB DEFAULT CHARSET=utf8 COMMENT='Tipo de instancia o institución';

--
-- Volcado de datos para la tabla `instancia_institucion`
--

INSERT INTO `instancia_institucion` (`id`, `tipo`) VALUES
(1, 'Institución'),
(2, 'Instancia del Poder Popular'),
(3, 'Ambas');

-- --------------------------------------------------------

--
-- Estructura de tabla para la tabla `localizacion_acc_variable`
--

CREATE TABLE `localizacion_acc_variable` (
  `id` int(11) NOT NULL,
  `id_variable` int(11) NOT NULL,
  `id_pais` smallint(3) UNSIGNED ZEROFILL NOT NULL,
  `id_estado` int(11) DEFAULT NULL,
  `id_municipio` int(11) DEFAULT NULL,
  `id_parroquia` int(11) DEFAULT NULL
) ENGINE=InnoDB DEFAULT CHARSET=utf8;

--
-- Volcado de datos para la tabla `localizacion_acc_variable`
--

INSERT INTO `localizacion_acc_variable` (`id`, `id_variable`, `id_pais`, `id_estado`, `id_municipio`, `id_parroquia`) VALUES
(51, 31, 862, 2, NULL, NULL),
(54, 31, 862, 3, NULL, NULL),
(55, 32, 862, NULL, NULL, NULL);

-- --------------------------------------------------------

--
-- Estructura de tabla para la tabla `materiales_servicios`
--

CREATE TABLE `materiales_servicios` (
  `id` int(11) NOT NULL,
  `cuenta` char(1) NOT NULL,
  `partida` char(2) NOT NULL,
  `generica` char(2) NOT NULL,
  `especifica` char(2) NOT NULL,
  `subespecifica` char(2) NOT NULL,
  `nombre` varchar(60) NOT NULL,
  `unidad_medida` int(11) DEFAULT NULL,
  `presentacion` int(11) DEFAULT NULL,
  `precio` decimal(12,2) NOT NULL,
  `iva` int(11) NOT NULL,
  `estatus` tinyint(1) NOT NULL
) ENGINE=InnoDB DEFAULT CHARSET=utf8;

--
-- Volcado de datos para la tabla `materiales_servicios`
--

INSERT INTO `materiales_servicios` (`id`, `cuenta`, `partida`, `generica`, `especifica`, `subespecifica`, `nombre`, `unidad_medida`, `presentacion`, `precio`, `iva`, `estatus`) VALUES
(1102, '4', '02', '01', '01', '00', 'Aceite', NULL, NULL, '1392.00', 12, 1),
(1103, '4', '02', '01', '01', '00', 'Aceitunas', NULL, NULL, '900.00', 12, 1),
(1104, '4', '02', '01', '01', '00', 'Acelgas, frescos o congelados', NULL, NULL, '1800.00', 12, 1),
(1105, '4', '02', '01', '01', '00', 'Agua mineral', NULL, NULL, '390.00', 12, 1),
(1106, '4', '02', '01', '01', '00', 'Agua mineral', NULL, NULL, '430.00', 12, 1),
(1107, '4', '02', '01', '01', '00', 'Aguacate', NULL, NULL, '600.00', 12, 1),
(1108, '4', '02', '01', '01', '00', 'Ají dulce, frescos o congelados', NULL, NULL, '2500.00', 12, 1),
(1109, '4', '02', '01', '01', '00', 'Ajo porro, frescos o congelados', NULL, NULL, '3500.00', 12, 1),
(1110, '4', '02', '01', '01', '00', 'Ajos, frescos o congelados', NULL, NULL, '17000.00', 12, 1),
(1111, '4', '02', '01', '01', '00', 'Albahaca, frescos o congelados', NULL, NULL, '500.00', 12, 1),
(1112, '4', '02', '01', '01', '00', 'Apio españa, frescos o congelados', NULL, NULL, '2000.00', 12, 1),
(1113, '4', '02', '01', '01', '00', 'Arroz', NULL, NULL, '2880.00', 12, 1),
(1114, '4', '02', '01', '01', '00', 'Arvejas', NULL, NULL, '3750.00', 12, 1),
(1115, '4', '02', '01', '01', '00', 'Auyama', NULL, NULL, '1500.00', 12, 1),
(1116, '4', '02', '01', '01', '00', 'Avena', NULL, NULL, '2000.00', 12, 1),
(1117, '4', '02', '01', '01', '00', 'Batata, frescos o congelados', NULL, NULL, '2000.00', 12, 1),
(1118, '4', '02', '01', '01', '00', 'Bebida energética o deportiva', NULL, NULL, '4800.00', 12, 1),
(1119, '4', '02', '01', '01', '00', 'Bebidas infantiles', NULL, NULL, '2400.00', 12, 1),
(1120, '4', '02', '01', '01', '00', 'Berenjenas, frescos o congelados', NULL, NULL, '1400.00', 12, 1),
(1121, '4', '02', '01', '01', '00', 'Berro, frescos o congelados', NULL, NULL, '2000.00', 12, 1),
(1122, '4', '02', '01', '01', '00', 'Bolsitas de te', NULL, NULL, '1400.00', 12, 1),
(1123, '4', '02', '01', '01', '00', 'Brócoli, frescos o congelados', NULL, NULL, '2000.00', 12, 1),
(1124, '4', '02', '01', '01', '00', 'Café molido', NULL, NULL, '42336.00', 12, 1),
(1125, '4', '02', '01', '01', '00', 'Calabacín, frescos o congelados', NULL, NULL, '1400.00', 12, 1),
(1126, '4', '02', '01', '01', '00', 'Cambur', NULL, NULL, '800.00', 12, 1),
(1127, '4', '02', '01', '01', '00', 'Caramelos de azúcar o sustituto de azúcar', NULL, NULL, '2800.00', 12, 1),
(1128, '4', '02', '01', '01', '00', 'Caramelos de chocolate y sustitutos de chocolate', NULL, NULL, '4000.00', 12, 1),
(1129, '4', '02', '01', '01', '00', 'Caraotas', NULL, NULL, '4800.00', 12, 1),
(1130, '4', '02', '01', '01', '00', 'Carne de cerdo fresca', NULL, NULL, '4300.00', 12, 1),
(1131, '4', '02', '01', '01', '00', 'Carne de pollo fresca', NULL, NULL, '560.00', 12, 1),
(1132, '4', '02', '01', '01', '00', 'Carne de res fresca', NULL, NULL, '3800.00', 12, 1),
(1133, '4', '02', '01', '01', '00', 'Casabe', NULL, NULL, '1250.00', 12, 1),
(1134, '4', '02', '01', '01', '00', 'Cebada', NULL, NULL, '5000.00', 12, 1),
(1135, '4', '02', '01', '01', '00', 'Cebolla, frescos o congelados', NULL, NULL, '2800.00', 12, 1),
(1136, '4', '02', '01', '01', '00', 'Celeri, frescos o congelados', NULL, NULL, '2800.00', 12, 1),
(1137, '4', '02', '01', '01', '00', 'Cereales calientes listos para comer', NULL, NULL, '800.00', 12, 1),
(1138, '4', '02', '01', '01', '00', 'Chayota, frescos o congelados', NULL, NULL, '2800.00', 12, 1),
(1139, '4', '02', '01', '01', '00', 'Chocolate y sustitutos de chocolate', NULL, NULL, '1000.00', 12, 1),
(1140, '4', '02', '01', '01', '00', 'Chocolate, malta u otras bebidas calientes', NULL, NULL, '2500.00', 12, 1),
(1141, '4', '02', '01', '01', '00', 'Cilantro', NULL, NULL, '2800.00', 12, 1),
(1142, '4', '02', '01', '01', '00', 'Ciruela pasa', NULL, NULL, '600.00', 12, 1),
(1143, '4', '02', '01', '01', '00', 'Coco', NULL, NULL, '1302.00', 12, 1),
(1144, '4', '02', '01', '01', '00', 'Coliflor, frescos o congelados', NULL, NULL, '1300.00', 12, 1),
(1145, '4', '02', '01', '01', '00', 'Condimentos o adobos', NULL, NULL, '800.00', 12, 1),
(1146, '4', '02', '01', '01', '00', 'Confites o caramelos', NULL, NULL, '1500.00', 12, 1),
(1147, '4', '02', '01', '01', '00', 'Crema de leche y derivados (suero, natilla, yogur)', NULL, NULL, '3100.00', 12, 1),
(1148, '4', '02', '01', '01', '00', 'Cremas no lácteas', NULL, NULL, '2000.00', 12, 1),
(1149, '4', '02', '01', '01', '00', 'Dulces criollos', NULL, NULL, '400.00', 12, 1),
(1150, '4', '02', '01', '01', '00', 'Durazno', NULL, NULL, '1000.00', 12, 1),
(1151, '4', '02', '01', '01', '00', 'Embutidos', NULL, NULL, '10500.00', 12, 1),
(1152, '4', '02', '01', '01', '00', 'Ensaladas preparadas frescas', NULL, NULL, '2200.00', 12, 1),
(1153, '4', '02', '01', '01', '00', 'Especias o extractos', NULL, NULL, '2800.00', 12, 1),
(1154, '4', '02', '01', '01', '00', 'Espinacas, frescos o congelados', NULL, NULL, '2800.00', 12, 1),
(1155, '4', '02', '01', '01', '00', 'Flan o leche asada', NULL, NULL, '600.00', 12, 1),
(1156, '4', '02', '01', '01', '00', 'Fresa congelada', NULL, NULL, '600.00', 12, 1),
(1157, '4', '02', '01', '01', '00', 'Fruta de templo procesada', NULL, NULL, '500.00', 12, 1),
(1158, '4', '02', '01', '01', '00', 'Frutos secos pelados', NULL, NULL, '2300.00', 12, 1),
(1159, '4', '02', '01', '01', '00', 'Galletas dulces o pastelitos', NULL, NULL, '4800.00', 12, 1),
(1160, '4', '02', '01', '01', '00', 'Galletas integrales', NULL, NULL, '1800.00', 12, 1),
(1161, '4', '02', '01', '01', '00', 'Galletas simples saladas', NULL, NULL, '900.00', 12, 1),
(1162, '4', '02', '01', '01', '00', 'Garbanzos', NULL, NULL, '3000.00', 12, 1),
(1163, '4', '02', '01', '01', '00', 'Gelatina', NULL, NULL, '600.00', 12, 1),
(1164, '4', '02', '01', '01', '00', 'Granos de cereales', NULL, NULL, '800.00', 12, 1),
(1165, '4', '02', '01', '01', '00', 'Guayaba', NULL, NULL, '950.00', 12, 1),
(1166, '4', '02', '01', '01', '00', 'Guisantes', NULL, NULL, '500.00', 12, 1),
(1167, '4', '02', '01', '01', '00', 'Gunanabanas frescas y congeladas', NULL, NULL, '1500.00', 12, 1),
(1168, '4', '02', '01', '01', '00', 'Harina de Maiz', NULL, NULL, '3800.00', 12, 1),
(1169, '4', '02', '01', '01', '00', 'Harina de Trigo', NULL, NULL, '10800.00', 12, 1),
(1170, '4', '02', '01', '01', '00', 'Harina de cereales', NULL, NULL, '900.00', 12, 1),
(1171, '4', '02', '01', '01', '00', 'Helados con sabores, postres de helado o yogures congelados', NULL, NULL, '1200.00', 12, 1),
(1172, '4', '02', '01', '01', '00', 'Hierbas frescas', NULL, NULL, '1017.00', 12, 1),
(1173, '4', '02', '01', '01', '00', 'Huevos frescos', NULL, NULL, '4200.00', 12, 1),
(1174, '4', '02', '01', '01', '00', 'Jugos congelados y/o procesados', NULL, NULL, '441.00', 12, 1),
(1175, '4', '02', '01', '01', '00', 'Leche en polvo completa', NULL, NULL, '4200.00', 12, 1),
(1176, '4', '02', '01', '01', '00', 'Leche en polvo de soya', NULL, NULL, '7200.00', 12, 1),
(1177, '4', '02', '01', '01', '00', 'Leche en polvo descremada', NULL, NULL, '7200.00', 12, 1),
(1178, '4', '02', '01', '01', '00', 'Leche en polvo semi-descremada', NULL, NULL, '7200.00', 12, 1),
(1179, '4', '02', '01', '01', '00', 'Leche liquida', NULL, NULL, '480.00', 12, 1),
(1180, '4', '02', '01', '01', '00', 'Lechoza', NULL, NULL, '1800.00', 12, 1),
(1181, '4', '02', '01', '01', '00', 'Lechuga, frescos o congelados', NULL, NULL, '1200.00', 12, 1),
(1182, '4', '02', '01', '01', '00', 'Lentejas', NULL, NULL, '3750.00', 12, 1),
(1183, '4', '02', '01', '01', '00', 'Limón', NULL, NULL, '1300.00', 12, 1),
(1184, '4', '02', '01', '01', '00', 'Maiz', NULL, NULL, '1800.00', 12, 1),
(1185, '4', '02', '01', '01', '00', 'Mandarina', NULL, NULL, '1000.00', 12, 1),
(1186, '4', '02', '01', '01', '00', 'Mango', NULL, NULL, '650.00', 12, 1),
(1187, '4', '02', '01', '01', '00', 'Mani', NULL, NULL, '1400.00', 12, 1),
(1188, '4', '02', '01', '01', '00', 'Manzanas', NULL, NULL, '6000.00', 12, 1),
(1189, '4', '02', '01', '01', '00', 'Masa de repostería congelada', NULL, NULL, '5300.00', 12, 1),
(1190, '4', '02', '01', '01', '00', 'Mayonesa', NULL, NULL, '19500.00', 12, 1),
(1191, '4', '02', '01', '01', '00', 'Melocotones', NULL, NULL, '1600.00', 12, 1),
(1192, '4', '02', '01', '01', '00', 'Melón', NULL, NULL, '850.00', 12, 1),
(1193, '4', '02', '01', '01', '00', 'Merey frescos y congelados', NULL, NULL, '1800.00', 12, 1),
(1194, '4', '02', '01', '01', '00', 'Mermeladas o conservas de frutas', NULL, NULL, '280.00', 12, 1),
(1195, '4', '02', '01', '01', '00', 'Mezcla pulverizada para bebidas (bebidas en polvo)', NULL, NULL, '30000.00', 12, 1),
(1196, '4', '02', '01', '01', '00', 'Naranja', NULL, NULL, '880.00', 12, 1),
(1197, '4', '02', '01', '01', '00', 'Nueces o frutos secos', NULL, NULL, '1800.00', 12, 1),
(1198, '4', '02', '01', '01', '00', 'Ñame, frescos o congelados', NULL, NULL, '1250.00', 12, 1),
(1199, '4', '02', '01', '01', '00', 'Pan fresco', NULL, NULL, '450.00', 12, 1),
(1200, '4', '02', '01', '01', '00', 'Papas, frescos o congelados', NULL, NULL, '2000.00', 12, 1),
(1201, '4', '02', '01', '01', '00', 'Papelón o panela', NULL, NULL, '3800.00', 12, 1),
(1202, '4', '02', '01', '01', '00', 'Pasta o tallarines natural fresco', NULL, NULL, '30000.00', 12, 1),
(1203, '4', '02', '01', '01', '00', 'Patilla', NULL, NULL, '650.00', 12, 1),
(1204, '4', '02', '01', '01', '00', 'Pepino, frescos o congelados', NULL, NULL, '1000.00', 12, 1),
(1205, '4', '02', '01', '01', '00', 'Perejil, frescos o congelados', NULL, NULL, '180.00', 12, 1),
(1206, '4', '02', '01', '01', '00', 'Pescado fresco', NULL, NULL, '7500.00', 12, 1),
(1207, '4', '02', '01', '01', '00', 'Pescados enlatados', NULL, NULL, '7500.00', 12, 1),
(1208, '4', '02', '01', '01', '00', 'Pimenton, frescos o congelados', NULL, NULL, '3800.00', 12, 1),
(1209, '4', '02', '01', '01', '00', 'Platano', NULL, NULL, '850.00', 12, 1),
(1210, '4', '02', '01', '01', '00', 'Platos combinados frescos (Desayuno, Almuerzo, Cena y Refrig', NULL, NULL, '3000.00', 12, 1),
(1211, '4', '02', '01', '01', '00', 'Productos de edulcorantes o azúcares naturales', NULL, NULL, '30000.00', 12, 1),
(1212, '4', '02', '01', '01', '00', 'Productos de mantequilla y leche frescos', NULL, NULL, '11484.00', 12, 1),
(1213, '4', '02', '01', '01', '00', 'Pulpa', NULL, NULL, '2600.00', 12, 1),
(1214, '4', '02', '01', '01', '00', 'Queso natural', NULL, NULL, '2500.00', 12, 1),
(1215, '4', '02', '01', '01', '00', 'Queso procesado', NULL, NULL, '3500.00', 12, 1),
(1216, '4', '02', '01', '01', '00', 'Refrescos, gaseosas', NULL, NULL, '950.00', 12, 1),
(1217, '4', '02', '01', '01', '00', 'Repollo, frescos o congelados', NULL, NULL, '1000.00', 12, 1),
(1218, '4', '02', '01', '01', '00', 'Sal de cocina o de mesa', NULL, NULL, '300.00', 12, 1),
(1219, '4', '02', '01', '01', '00', 'Salsa', NULL, NULL, '1400.00', 12, 1),
(1220, '4', '02', '01', '01', '00', 'Salsa de tomate', NULL, NULL, '3500.00', 12, 1),
(1221, '4', '02', '01', '01', '00', 'Salsa para cocinar', NULL, NULL, '16000.00', 12, 1),
(1222, '4', '02', '01', '01', '00', 'Sopas instantáneas', NULL, NULL, '1900.00', 12, 1),
(1223, '4', '02', '01', '01', '00', 'Suministros para hacer al horno', NULL, NULL, '450.00', 12, 1),
(1224, '4', '02', '01', '01', '00', 'Té en hoja', NULL, NULL, '1974.00', 12, 1),
(1225, '4', '02', '01', '01', '00', 'Tomate, frescos o congelados', NULL, NULL, '1260.00', 12, 1),
(1226, '4', '02', '01', '01', '00', 'Tortas, empanadas o pastas frescas', NULL, NULL, '900.00', 12, 1),
(1227, '4', '02', '01', '01', '00', 'Vainitas, frescos o congelados', NULL, NULL, '2000.00', 12, 1),
(1228, '4', '02', '01', '01', '00', 'Verduras frescas', NULL, NULL, '1800.00', 12, 1),
(1229, '4', '02', '01', '01', '00', 'Vinagres', NULL, NULL, '400.00', 12, 1),
(1230, '4', '02', '01', '01', '00', 'Viveres', NULL, NULL, '2688.00', 12, 1),
(1231, '4', '02', '01', '01', '00', 'Yuca, frescos o congelados', NULL, NULL, '1000.00', 12, 1),
(1232, '4', '02', '01', '01', '00', 'Zanahoria, frescos o congelados', NULL, NULL, '1200.00', 12, 1),
(1233, '4', '02', '03', '01', '00', 'Algodón', NULL, NULL, '600.00', 12, 1),
(1234, '4', '02', '03', '01', '00', 'Estampables de algodón', NULL, NULL, '3500.00', 12, 1),
(1235, '4', '02', '03', '01', '00', 'Fibras de algodón', NULL, NULL, '5250.00', 12, 1),
(1236, '4', '02', '03', '01', '00', 'Sábanas', NULL, NULL, '13000.00', 12, 1),
(1237, '4', '02', '03', '01', '00', 'Tela de batik', NULL, NULL, '8890.00', 12, 1),
(1238, '4', '02', '03', '01', '00', 'Tela de cortina', NULL, NULL, '3500.00', 12, 1),
(1239, '4', '02', '03', '01', '00', 'Telas para tapicerías', NULL, NULL, '3850.00', 12, 1),
(1240, '4', '02', '03', '01', '00', 'Toallas de baño', NULL, NULL, '3650.00', 12, 1),
(1241, '4', '02', '03', '01', '00', 'Yute', NULL, NULL, '5700.00', 12, 1),
(1242, '4', '02', '03', '02', '00', 'Abrigos y chaquetas para hombre', NULL, NULL, '20400.00', 12, 1),
(1243, '4', '02', '03', '02', '00', 'Batas, bragas y overoles para hombre', NULL, NULL, '27338.00', 12, 1),
(1244, '4', '02', '03', '02', '00', 'Batas, bragas y overoles para mujer', NULL, NULL, '27338.00', 12, 1),
(1245, '4', '02', '03', '02', '00', 'Chemisse para hombre', NULL, NULL, '10200.00', 12, 1),
(1246, '4', '02', '03', '02', '00', 'Chemisse para mujer', NULL, NULL, '10200.00', 12, 1),
(1247, '4', '02', '03', '02', '00', 'Franela', NULL, NULL, '4250.00', 12, 1),
(1248, '4', '02', '03', '02', '00', 'Gorras deportivas', NULL, NULL, '2000.00', 12, 1),
(1249, '4', '02', '03', '02', '00', 'Uniformes de personal médico', NULL, NULL, '10000.00', 12, 1),
(1250, '4', '02', '04', '03', '00', 'Neumático (caucho) para automóviles', NULL, NULL, '100000.00', 12, 1),
(1251, '4', '02', '04', '03', '00', 'Neumático (caucho) para camiones pesados', NULL, NULL, '200000.00', 12, 1),
(1252, '4', '02', '04', '03', '00', 'Neumático (caucho) para camioneta', NULL, NULL, '170000.00', 12, 1),
(1253, '4', '02', '04', '03', '00', 'Neumáticos (cauchos) para motos', NULL, NULL, '40000.00', 12, 1),
(1254, '4', '02', '05', '01', '00', 'Etiquetas de quita y pon', NULL, NULL, '800.00', 12, 1),
(1255, '4', '02', '05', '01', '00', 'Flechas o puntos adhesivos', NULL, NULL, '1500.00', 12, 1),
(1256, '4', '02', '05', '01', '00', 'Papel higiénico de uso doméstico', NULL, NULL, '4840.00', 12, 1),
(1257, '4', '02', '05', '01', '00', 'Papel higiénico industrial', NULL, NULL, '12465.00', 12, 1),
(1258, '4', '02', '05', '01', '00', 'Papel para embalaje', NULL, NULL, '1848.00', 12, 1),
(1259, '4', '02', '05', '01', '00', 'Servilletas de barra', NULL, NULL, '18846.00', 12, 1),
(1260, '4', '02', '05', '01', '00', 'Servilletas de papel', NULL, NULL, '3141.00', 12, 1),
(1261, '4', '02', '05', '01', '00', 'Toallas de papel', NULL, NULL, '2226.00', 12, 1),
(1262, '4', '02', '05', '02', '00', 'Envases para guardar alimentos domésticos', NULL, NULL, '4800.00', 12, 1),
(1263, '4', '02', '05', '02', '00', 'Tapas para envases de servicios de alimentación', NULL, NULL, '4500.00', 12, 1),
(1264, '4', '02', '05', '03', '00', 'Agendas de citas y repuestos', NULL, NULL, '3500.00', 12, 1),
(1265, '4', '02', '05', '03', '00', 'Block o libro de mensajes telefónicos', NULL, NULL, '2600.00', 12, 1),
(1266, '4', '02', '05', '03', '00', 'Block rayado y/o taquigrafía', NULL, NULL, '799.00', 12, 1),
(1267, '4', '02', '05', '03', '00', 'Block sin raya de papel bond o cartulina', NULL, NULL, '5625.00', 12, 1),
(1268, '4', '02', '05', '03', '00', 'Carpetas clasificadoras de fuelle (acordeon)', NULL, NULL, '2700.00', 12, 1),
(1269, '4', '02', '05', '03', '00', 'Carpetas colgantes o accesorios', NULL, NULL, '3780.00', 12, 1),
(1270, '4', '02', '05', '03', '00', 'Carpetas para archivos tamaño carta', NULL, NULL, '7900.00', 12, 1),
(1271, '4', '02', '05', '03', '00', 'Carpetas para archivos tamaño oficio', NULL, NULL, '7900.00', 12, 1),
(1272, '4', '02', '05', '03', '00', 'Cuadernos y libretas de espiral', NULL, NULL, '3450.00', 12, 1),
(1273, '4', '02', '05', '03', '00', 'Cuadernos y libretas empastado', NULL, NULL, '19800.00', 12, 1),
(1274, '4', '02', '05', '03', '00', 'Cuadernos y libretas grapados', NULL, NULL, '2600.00', 12, 1),
(1275, '4', '02', '05', '03', '00', 'Etiquetas autoadhesivas', NULL, NULL, '17500.00', 12, 1),
(1276, '4', '02', '05', '03', '00', 'Folder, carpeta sujeta documentos', NULL, NULL, '5026.00', 12, 1),
(1277, '4', '02', '05', '03', '00', 'Formularios, comprobantes o libros de contabilidad', NULL, NULL, '5800.00', 12, 1),
(1278, '4', '02', '05', '03', '00', 'Juegos de papel surtido', NULL, NULL, '3400.00', 12, 1),
(1279, '4', '02', '05', '03', '00', 'Libretas de ahorro', NULL, NULL, '1000.00', 12, 1),
(1280, '4', '02', '05', '03', '00', 'Libros de actas o cuadernos de registros', NULL, NULL, '5000.00', 12, 1),
(1281, '4', '02', '05', '03', '00', 'Papel de escribir, papel rayado', NULL, NULL, '3000.00', 12, 1),
(1282, '4', '02', '05', '03', '00', 'Papel de seda de manualidades, papel lustrillo', NULL, NULL, '300.00', 12, 1),
(1283, '4', '02', '05', '03', '00', 'Papel multiuso', NULL, NULL, '850.00', 12, 1),
(1284, '4', '02', '05', '03', '00', 'Papel para calcar', NULL, NULL, '1630.00', 12, 1),
(1285, '4', '02', '05', '03', '00', 'Papel para calculadoras o cajas registradoras', NULL, NULL, '550.00', 12, 1),
(1286, '4', '02', '05', '03', '00', 'Papel para fax', NULL, NULL, '2000.00', 12, 1),
(1287, '4', '02', '05', '03', '00', 'Papel para fotocopiadora, tamaño carta', NULL, NULL, '4995.00', 12, 1),
(1288, '4', '02', '05', '03', '00', 'Papel para impresora, fotocopiadora, fax tamaño extra oficio', NULL, NULL, '6840.00', 12, 1),
(1289, '4', '02', '05', '03', '00', 'Papel para impresora, fotocopiadora, fax tamaño oficio', NULL, NULL, '6097.00', 12, 1),
(1290, '4', '02', '05', '03', '00', 'Papel pergamino', NULL, NULL, '750.00', 12, 1),
(1291, '4', '02', '05', '03', '00', 'Portafolios (carpeta portafolios) Soneque', NULL, NULL, '3500.00', 12, 1),
(1292, '4', '02', '05', '03', '00', 'Separadores de cartón', NULL, NULL, '8907.00', 12, 1),
(1293, '4', '02', '05', '03', '00', 'Sobres de manila, especiales', NULL, NULL, '2800.00', 12, 1),
(1294, '4', '02', '05', '03', '00', 'Sobres de ventanillas', NULL, NULL, '2800.00', 12, 1),
(1295, '4', '02', '05', '03', '00', 'Sobres estándar carta', NULL, NULL, '8750.00', 12, 1),
(1296, '4', '02', '05', '03', '00', 'Sobres estándar extra oficio', NULL, NULL, '11250.00', 12, 1),
(1297, '4', '02', '05', '03', '00', 'Sobres estándar oficio', NULL, NULL, '10000.00', 12, 1),
(1298, '4', '02', '05', '03', '00', 'Tacos de papel (incluye los adhesivos)', NULL, NULL, '1200.00', 12, 1),
(1299, '4', '02', '05', '04', '00', 'Diarios, prensa, periodicos', NULL, NULL, '4000.00', 12, 1),
(1300, '4', '02', '05', '04', '00', 'Hojas o folletos de instrucciones', NULL, NULL, '100.00', 12, 1),
(1301, '4', '02', '05', '04', '00', 'Leyes', NULL, NULL, '600.00', 12, 1),
(1302, '4', '02', '05', '04', '00', 'Libros de texto educativos o vocacionales', NULL, NULL, '1500.00', 12, 1),
(1303, '4', '02', '05', '04', '00', 'Revistas', NULL, NULL, '1600.00', 12, 1),
(1304, '4', '02', '05', '07', '00', 'Cartulina blanca', NULL, NULL, '12000.00', 12, 1),
(1305, '4', '02', '05', '07', '00', 'Cartulina de color', NULL, NULL, '12000.00', 12, 1),
(1306, '4', '02', '05', '07', '00', 'Cartulina metálica', NULL, NULL, '12800.00', 12, 1),
(1307, '4', '02', '05', '07', '00', 'Cartulina, papel de construcción', NULL, NULL, '840.00', 12, 1),
(1308, '4', '02', '05', '07', '00', 'Papel para impresora and fotocopiadora and fax tamaño carta', NULL, NULL, '6930.00', 12, 1),
(1309, '4', '02', '05', '07', '00', 'Papeles para carteles, posters', NULL, NULL, '6930.00', 12, 1),
(1310, '4', '02', '06', '03', '00', 'Agentes antiresbaladizos', NULL, NULL, '1350.00', 12, 1),
(1311, '4', '02', '06', '03', '00', 'Barnices', NULL, NULL, '11980.00', 12, 1),
(1312, '4', '02', '06', '03', '00', 'Pintura secante', NULL, NULL, '8000.00', 12, 1),
(1313, '4', '02', '06', '03', '00', 'Pinturas aceitosas', NULL, NULL, '9800.00', 12, 1),
(1314, '4', '02', '06', '03', '00', 'Pinturas acrílicas', NULL, NULL, '9800.00', 12, 1),
(1315, '4', '02', '06', '03', '00', 'Pinturas al esmalte', NULL, NULL, '10000.00', 12, 1),
(1316, '4', '02', '06', '03', '00', 'Removedor de pinturas y de barniz', NULL, NULL, '3200.00', 12, 1),
(1317, '4', '02', '06', '03', '00', 'Selladores', NULL, NULL, '55000.00', 12, 1),
(1318, '4', '02', '06', '03', '00', 'Thinner', NULL, NULL, '21000.00', 12, 1),
(1319, '4', '02', '06', '04', '00', 'Acetaminofen', NULL, NULL, '400.00', 12, 1),
(1320, '4', '02', '06', '04', '00', 'Agua destilada para irrigación', NULL, NULL, '200.00', 12, 1),
(1321, '4', '02', '06', '04', '00', 'Alcohol, cremas o lociones para farmacéuticas', NULL, NULL, '1200.00', 12, 1),
(1322, '4', '02', '06', '04', '00', 'Amoxicilina', NULL, NULL, '1800.00', 12, 1),
(1323, '4', '02', '06', '04', '00', 'Ampicilina', NULL, NULL, '2250.00', 12, 1),
(1324, '4', '02', '06', '04', '00', 'Antisépticos basados en alcohol o acetona', NULL, NULL, '1500.00', 12, 1),
(1325, '4', '02', '06', '04', '00', 'Cloruro de oxibutinin', NULL, NULL, '2300.00', 12, 1),
(1326, '4', '02', '06', '04', '00', 'Combinación acetaminofeno y ácido acetil salicílico', NULL, NULL, '500.00', 12, 1),
(1327, '4', '02', '06', '04', '00', 'Frascos limpiadores', NULL, NULL, '1200.00', 12, 1),
(1328, '4', '02', '06', '04', '00', 'Ibuprofeno', NULL, NULL, '480.00', 12, 1),
(1329, '4', '02', '06', '04', '00', 'Isometepteno', NULL, NULL, '600.00', 12, 1),
(1330, '4', '02', '06', '04', '00', 'Povidona yodada', NULL, NULL, '132.00', 12, 1),
(1331, '4', '02', '06', '04', '00', 'Solución de cloruro sódico para irrigación', NULL, NULL, '727.00', 12, 1),
(1332, '4', '02', '06', '06', '00', 'Aceite de motor', NULL, NULL, '8850.00', 12, 1),
(1333, '4', '02', '06', '06', '00', 'Aceite hidráulico', NULL, NULL, '15900.00', 12, 1),
(1334, '4', '02', '06', '06', '00', 'Lubricantes de grafito', NULL, NULL, '4500.00', 12, 1),
(1335, '4', '02', '06', '06', '00', 'Lubricantes de uso general (aceites multiusos)', NULL, NULL, '10900.00', 12, 1),
(1336, '4', '02', '06', '08', '00', 'Banda de plástico', NULL, NULL, '2000.00', 12, 1),
(1337, '4', '02', '06', '08', '00', 'Bandejas de empaquetamiento', NULL, NULL, '4000.00', 12, 1),
(1338, '4', '02', '06', '08', '00', 'Bandejas de revelado', NULL, NULL, '13500.00', 12, 1),
(1339, '4', '02', '06', '08', '00', 'Barras de plástico', NULL, NULL, '1000.00', 12, 1),
(1340, '4', '02', '06', '08', '00', 'Base de panal de plástico', NULL, NULL, '2500.00', 12, 1),
(1341, '4', '02', '06', '08', '00', 'Bolsas de basura', NULL, NULL, '15000.00', 12, 1),
(1342, '4', '02', '06', '08', '00', 'Bolsas de plástico', NULL, NULL, '3700.00', 12, 1),
(1343, '4', '02', '06', '08', '00', 'Cajas no metálicas', NULL, NULL, '1510.00', 12, 1),
(1344, '4', '02', '06', '08', '00', 'Cestas, papeleras no metálicas', NULL, NULL, '5000.00', 12, 1),
(1345, '4', '02', '06', '08', '00', 'Fundas de distintivos o accesorios', NULL, NULL, '170.00', 12, 1),
(1346, '4', '02', '06', '08', '00', 'Lamina de plastico', NULL, NULL, '12000.00', 12, 1),
(1347, '4', '02', '06', '08', '00', 'Láminas de embalaje retráctiles', NULL, NULL, '17000.00', 12, 1),
(1348, '4', '02', '06', '08', '00', 'Marcos de plástico', NULL, NULL, '4000.00', 12, 1),
(1349, '4', '02', '06', '08', '00', 'Palas de plástico para uso comercial', NULL, NULL, '6996.00', 12, 1),
(1350, '4', '02', '06', '08', '00', 'Perfiles de plástico', NULL, NULL, '3500.00', 12, 1),
(1351, '4', '02', '06', '08', '00', 'Persianas', NULL, NULL, '19935.00', 12, 1),
(1352, '4', '02', '06', '08', '00', 'Platos desechables cuadrados medidas numero 9', NULL, NULL, '1960.00', 12, 1),
(1353, '4', '02', '06', '08', '00', 'Tazas o vasos desechables domésticos', NULL, NULL, '950.00', 12, 1),
(1354, '4', '02', '06', '08', '00', 'Varillas de plástico', NULL, NULL, '8000.00', 12, 1),
(1355, '4', '02', '07', '04', '00', 'Cemento/ pego', NULL, NULL, '10800.00', 12, 1),
(1356, '4', '02', '08', '02', '00', 'Lamina de aluminio', NULL, NULL, '100000.00', 12, 1),
(1357, '4', '02', '08', '02', '00', 'Perfiles de aluminio', NULL, NULL, '15000.00', 12, 1),
(1358, '4', '02', '08', '02', '00', 'Vigas de aluminio', NULL, NULL, '25000.00', 12, 1),
(1359, '4', '02', '08', '03', '00', 'Abrazaderas, anillos o virolas', NULL, NULL, '200.00', 12, 1),
(1360, '4', '02', '08', '03', '00', 'Acumulador de depositos o bolsas', NULL, NULL, '100.00', 12, 1),
(1361, '4', '02', '08', '03', '00', 'Alicates de presión', NULL, NULL, '15000.00', 12, 1),
(1362, '4', '02', '08', '03', '00', 'Brocas de taladro (mechas)', NULL, NULL, '1000.00', 12, 1),
(1363, '4', '02', '08', '03', '00', 'Brochas', NULL, NULL, '722.00', 12, 1),
(1364, '4', '02', '08', '03', '00', 'Cajas eléctricas', NULL, NULL, '3800.00', 12, 1),
(1365, '4', '02', '08', '03', '00', 'Cajas eléctricas de uso general', NULL, NULL, '20000.00', 12, 1),
(1366, '4', '02', '08', '03', '00', 'Cajas para toma de corriente', NULL, NULL, '300.00', 12, 1),
(1367, '4', '02', '08', '03', '00', 'Cambiador de bombilla de luz', NULL, NULL, '1500.00', 12, 1),
(1368, '4', '02', '08', '03', '00', 'Candados', NULL, NULL, '6500.00', 12, 1),
(1369, '4', '02', '08', '03', '00', 'Cinta adhesiva de doble cara', NULL, NULL, '1135.00', 12, 1),
(1370, '4', '02', '08', '03', '00', 'Cinta autoadhesiva aislante eléctrica', NULL, NULL, '3100.00', 12, 1),
(1371, '4', '02', '08', '03', '00', 'Cintas de sellado de hilo de politetrafluoretileno (ptfe) te', NULL, NULL, '650.00', 12, 1),
(1372, '4', '02', '08', '03', '00', 'Clavo-tornillo', NULL, NULL, '2300.00', 12, 1),
(1373, '4', '02', '08', '03', '00', 'Codo de tubería', NULL, NULL, '6500.00', 12, 1),
(1374, '4', '02', '08', '03', '00', 'Cojinetes, dados de roscar', NULL, NULL, '8000.00', 12, 1),
(1375, '4', '02', '08', '03', '00', 'Conducciones o conductos de cemento', NULL, NULL, '38000.00', 12, 1),
(1376, '4', '02', '08', '03', '00', 'Conectores para fontanería o plomería (canillas)', NULL, NULL, '1800.00', 12, 1),
(1377, '4', '02', '08', '03', '00', 'Conexiones de tubo', NULL, NULL, '10000.00', 12, 1),
(1378, '4', '02', '08', '03', '00', 'Electrodos para soldar', NULL, NULL, '5000.00', 12, 1),
(1379, '4', '02', '08', '03', '00', 'Empacaduras', NULL, NULL, '25000.00', 12, 1),
(1380, '4', '02', '08', '03', '00', 'Equipo para protección, para enmascarar y/o encamisar', NULL, NULL, '30000.00', 12, 1),
(1381, '4', '02', '08', '03', '00', 'Gomas, pegamentos', NULL, NULL, '11500.00', 12, 1),
(1382, '4', '02', '08', '03', '00', 'Grifo aerador', NULL, NULL, '3000.00', 12, 1),
(1383, '4', '02', '08', '03', '00', 'Grifos, llaves de paso', NULL, NULL, '13900.00', 12, 1),
(1384, '4', '02', '08', '03', '00', 'Hojas de cuchillo', NULL, NULL, '4000.00', 12, 1),
(1385, '4', '02', '08', '03', '00', 'Hojas de sierra', NULL, NULL, '1600.00', 12, 1),
(1386, '4', '02', '08', '03', '00', 'Juego (kits) de rodillo y bandeja para pintar', NULL, NULL, '3500.00', 12, 1),
(1387, '4', '02', '08', '03', '00', 'Juego de destornilladores', NULL, NULL, '14900.00', 12, 1),
(1388, '4', '02', '08', '03', '00', 'Juego de llaves fijas y corona', NULL, NULL, '57200.00', 12, 1),
(1389, '4', '02', '08', '03', '00', 'Juegos (kits) de herramientas en general', NULL, NULL, '13000.00', 12, 1),
(1390, '4', '02', '08', '03', '00', 'Juegos (kits) de reparación de cilindro hidráulico o sus com', NULL, NULL, '84320.00', 12, 1),
(1391, '4', '02', '08', '03', '00', 'Juegos (sets) de llaves de dados', NULL, NULL, '78000.00', 12, 1),
(1392, '4', '02', '08', '03', '00', 'Juegos de cerraduras', NULL, NULL, '30000.00', 12, 1),
(1393, '4', '02', '08', '03', '00', 'Llaves', NULL, NULL, '20000.00', 12, 1),
(1394, '4', '02', '08', '03', '00', 'Machetes', NULL, NULL, '8000.00', 12, 1),
(1395, '4', '02', '08', '03', '00', 'Mangueras multiuso gas, agua, aire', NULL, NULL, '4000.00', 12, 1),
(1396, '4', '02', '08', '03', '00', 'Navajas', NULL, NULL, '3750.00', 12, 1),
(1397, '4', '02', '08', '03', '00', 'Niples de tubería', NULL, NULL, '3700.00', 12, 1),
(1398, '4', '02', '08', '03', '00', 'Palas', NULL, NULL, '6980.00', 12, 1),
(1399, '4', '02', '08', '03', '00', 'Paños para herramientas', NULL, NULL, '1300.00', 12, 1),
(1400, '4', '02', '08', '03', '00', 'Pinzas', NULL, NULL, '1999.00', 12, 1),
(1401, '4', '02', '08', '03', '00', 'Pistolas de calor eléctricas', NULL, NULL, '14000.00', 12, 1),
(1402, '4', '02', '08', '03', '00', 'Pliegos de lija', NULL, NULL, '750.00', 12, 1),
(1403, '4', '02', '08', '03', '00', 'Ramplug de pared', NULL, NULL, '1300.00', 12, 1),
(1404, '4', '02', '08', '03', '00', 'Rastrillos', NULL, NULL, '2210.00', 12, 1),
(1405, '4', '02', '08', '03', '00', 'Reglas de medir clavos o molduras', NULL, NULL, '5000.00', 12, 1),
(1406, '4', '02', '08', '03', '00', 'Remaches de persiana', NULL, NULL, '17500.00', 12, 1),
(1407, '4', '02', '08', '03', '00', 'Rodillos de pintar', NULL, NULL, '3500.00', 12, 1),
(1408, '4', '02', '08', '03', '00', 'Serrucho', NULL, NULL, '3300.00', 12, 1),
(1409, '4', '02', '08', '03', '00', 'Sifones en p', NULL, NULL, '5650.00', 12, 1),
(1410, '4', '02', '08', '03', '00', 'Soportes de montaje para cilindros hidráulicos', NULL, NULL, '30000.00', 12, 1),
(1411, '4', '02', '08', '03', '00', 'Tapón de tubería', NULL, NULL, '1900.00', 12, 1),
(1412, '4', '02', '08', '03', '00', 'Tapones de drenaje', NULL, NULL, '1800.00', 12, 1),
(1413, '4', '02', '08', '03', '00', 'Tarraja', NULL, NULL, '20000.00', 12, 1),
(1414, '4', '02', '08', '03', '00', 'Tenazas', NULL, NULL, '4980.00', 12, 1),
(1415, '4', '02', '08', '03', '00', 'Tenazas para alambre', NULL, NULL, '7000.00', 12, 1),
(1416, '4', '02', '08', '03', '00', 'Tornillos para muros en seco', NULL, NULL, '3700.00', 12, 1),
(1417, '4', '02', '08', '03', '00', 'Válvulas de seguridad', NULL, NULL, '39500.00', 12, 1),
(1418, '4', '02', '08', '07', '00', 'Señales de seguridad', NULL, NULL, '800.00', 12, 1),
(1419, '4', '02', '08', '09', '00', 'Amortiguadores', NULL, NULL, '17900.00', 12, 1),
(1420, '4', '02', '08', '09', '00', 'Anillos amortiguadores de cilindro neumático', NULL, NULL, '6510.00', 12, 1),
(1421, '4', '02', '08', '09', '00', 'Baterías para vehículos', NULL, NULL, '9800.00', 12, 1),
(1422, '4', '02', '08', '09', '00', 'Bomba de frenos', NULL, NULL, '12600.00', 12, 1),
(1423, '4', '02', '08', '09', '00', 'Bomba lava parabrisas', NULL, NULL, '24000.00', 12, 1),
(1424, '4', '02', '08', '09', '00', 'Bujía de encendido', NULL, NULL, '2300.00', 12, 1),
(1425, '4', '02', '08', '09', '00', 'Cables de bujías', NULL, NULL, '7500.00', 12, 1),
(1426, '4', '02', '08', '09', '00', 'Correas para autos', NULL, NULL, '7500.00', 12, 1),
(1427, '4', '02', '08', '09', '00', 'Filtros, tamices de aceite', NULL, NULL, '1650.00', 12, 1),
(1428, '4', '02', '08', '09', '00', 'Juegos (kits) de reparación de cilindro neumático o sus comp', NULL, NULL, '170000.00', 12, 1),
(1429, '4', '02', '08', '09', '00', 'Juegos (kits) de válvulas', NULL, NULL, '16555.00', 12, 1),
(1430, '4', '02', '08', '09', '00', 'Juegos de reparación del motor', NULL, NULL, '15000.00', 12, 1),
(1431, '4', '02', '08', '09', '00', 'Juegos(kits) de reparación de frenos', NULL, NULL, '19999.00', 12, 1),
(1432, '4', '02', '08', '09', '00', 'Kits de reparacion del embrague (incluye otros accesorios de', NULL, NULL, '52000.00', 12, 1),
(1433, '4', '02', '08', '09', '00', 'Limpiaparabrisas para automoviles', NULL, NULL, '2499.00', 12, 1),
(1434, '4', '02', '08', '09', '00', 'Llave para tuercas de llantas', NULL, NULL, '7000.00', 12, 1),
(1435, '4', '02', '08', '09', '00', 'Parabrisas', NULL, NULL, '54000.00', 12, 1),
(1436, '4', '02', '08', '09', '00', 'Pistones (cilindros)', NULL, NULL, '254800.00', 12, 1),
(1437, '4', '02', '08', '09', '00', 'Pistones de freno', NULL, NULL, '5500.00', 12, 1),
(1438, '4', '02', '08', '09', '00', 'Sistemas de control de la tracción del vehículo', NULL, NULL, '14000.00', 12, 1),
(1439, '4', '02', '08', '09', '00', 'Sistemas de frenos para automoviles', NULL, NULL, '14500.00', 12, 1),
(1440, '4', '02', '08', '09', '00', 'Tapón o tapa del carter, de aceite o combustible', NULL, NULL, '6500.00', 12, 1),
(1441, '4', '02', '08', '09', '00', 'Válvulas de motor', NULL, NULL, '5800.00', 12, 1),
(1442, '4', '02', '08', '99', '00', 'Capas de chapa de aluminio', NULL, NULL, '1500.00', 12, 1),
(1443, '4', '02', '08', '99', '00', 'Tubería de hierro fundido', NULL, NULL, '3000.00', 12, 1),
(1444, '4', '02', '10', '01', '00', 'Bates de softball', NULL, NULL, '8000.00', 12, 1),
(1445, '4', '02', '10', '01', '00', 'Pelotas de softball', NULL, NULL, '3890.00', 12, 1),
(1446, '4', '02', '10', '01', '00', 'Redes o mallas deportivas', NULL, NULL, '8000.00', 12, 1),
(1447, '4', '02', '10', '02', '00', 'Accesorios para carros de limpieza', NULL, NULL, '9000.00', 12, 1),
(1448, '4', '02', '10', '02', '00', 'Blanqueadores y/o cloro de uso doméstico', NULL, NULL, '1250.00', 12, 1),
(1449, '4', '02', '10', '02', '00', 'Blanqueadores y/o cloro de uso doméstico', NULL, NULL, '2900.00', 12, 1),
(1450, '4', '02', '10', '02', '00', 'Blanqueadores y/o cloro de uso industrial', NULL, NULL, '2305.00', 12, 1),
(1451, '4', '02', '10', '02', '00', 'Cepillo para inodoro', NULL, NULL, '650.00', 12, 1),
(1452, '4', '02', '10', '02', '00', 'Cepillos de escoba', NULL, NULL, '1600.00', 12, 1),
(1453, '4', '02', '10', '02', '00', 'Cepillos de limpieza industrial', NULL, NULL, '4500.00', 12, 1),
(1454, '4', '02', '10', '02', '00', 'Cepillos de polvo', NULL, NULL, '1100.00', 12, 1),
(1455, '4', '02', '10', '02', '00', 'Ceras para suelos o pisos de uso doméstico', NULL, NULL, '5600.00', 12, 1),
(1456, '4', '02', '10', '02', '00', 'Ceras para suelos o pisos de uso industrial', NULL, NULL, '25000.00', 12, 1),
(1457, '4', '02', '10', '02', '00', 'Coleto', NULL, NULL, '2660.00', 12, 1),
(1458, '4', '02', '10', '02', '00', 'Compuestos desengrasantes', NULL, NULL, '1800.00', 12, 1),
(1459, '4', '02', '10', '02', '00', 'Creolina', NULL, NULL, '3200.00', 12, 1),
(1460, '4', '02', '10', '02', '00', 'Cubos, baldes o tobos para limpieza', NULL, NULL, '7500.00', 12, 1),
(1461, '4', '02', '10', '02', '00', 'Desinfectantes domésticos', NULL, NULL, '3500.00', 12, 1),
(1462, '4', '02', '10', '02', '00', 'Desodorantes ambientales', NULL, NULL, '5500.00', 12, 1),
(1463, '4', '02', '10', '02', '00', 'Destaqueador o destapador de cañerias, chupón para inodoro', NULL, NULL, '1800.00', 12, 1),
(1464, '4', '02', '10', '02', '00', 'Detergente en polvo', NULL, NULL, '31120.00', 12, 1),
(1465, '4', '02', '10', '02', '00', 'Dispensador de productos limpiadores,repuesto de spray', NULL, NULL, '1600.00', 12, 1),
(1466, '4', '02', '10', '02', '00', 'Esponjas', NULL, NULL, '965.00', 12, 1),
(1467, '4', '02', '10', '02', '00', 'Guantes para limpieza', NULL, NULL, '550.00', 12, 1),
(1468, '4', '02', '10', '02', '00', 'Haragán', NULL, NULL, '1090.00', 12, 1),
(1469, '4', '02', '10', '02', '00', 'Jabón de uso público o expendedoras de loción', NULL, NULL, '650.00', 12, 1),
(1470, '4', '02', '10', '02', '00', 'Jabón liquido para ropa', NULL, NULL, '950.00', 12, 1),
(1471, '4', '02', '10', '02', '00', 'Lanillas, paños', NULL, NULL, '1900.00', 12, 1),
(1472, '4', '02', '10', '02', '00', 'Lavaplatos en crema', NULL, NULL, '300.00', 12, 1),
(1473, '4', '02', '10', '02', '00', 'Lavaplatos liquido', NULL, NULL, '550.00', 12, 1),
(1474, '4', '02', '10', '02', '00', 'Limpiador de desagüe', NULL, NULL, '1050.00', 12, 1),
(1475, '4', '02', '10', '02', '00', 'Limpiadores de aire, ambientadores', NULL, NULL, '5500.00', 12, 1),
(1476, '4', '02', '10', '02', '00', 'Limpiadores de suelos o pisos', NULL, NULL, '1100.00', 12, 1),
(1477, '4', '02', '10', '02', '00', 'Limpiadores de uso general', NULL, NULL, '6500.00', 12, 1),
(1478, '4', '02', '10', '02', '00', 'Limpiadores o pulidores de metal', NULL, NULL, '3000.00', 12, 1),
(1479, '4', '02', '10', '02', '00', 'Mecha (mopa) de lampazo o trapeador', NULL, NULL, '3400.00', 12, 1),
(1480, '4', '02', '10', '02', '00', 'Mecha (mopa) de lampazo o trapeador', NULL, NULL, '1300.00', 12, 1),
(1481, '4', '02', '10', '02', '00', 'Palas de uso comercial', NULL, NULL, '1100.00', 12, 1),
(1482, '4', '02', '10', '02', '00', 'Palo para escobas', NULL, NULL, '250.00', 12, 1),
(1483, '4', '02', '10', '02', '00', 'Productos de limpieza de muebles', NULL, NULL, '950.00', 12, 1),
(1484, '4', '02', '10', '02', '00', 'Productos de limpieza de superficies de contacto', NULL, NULL, '1200.00', 12, 1),
(1485, '4', '02', '10', '02', '00', 'Recoge basuras ó recogedor ó pala', NULL, NULL, '750.00', 12, 1),
(1486, '4', '02', '10', '03', '00', 'Bandejas de servicio', NULL, NULL, '330.00', 12, 1),
(1487, '4', '02', '10', '03', '00', 'Ollas o cazuelas de uso comercial', NULL, NULL, '6500.00', 12, 1),
(1488, '4', '02', '10', '03', '00', 'Platos domésticos', NULL, NULL, '2200.00', 12, 1),
(1489, '4', '02', '10', '03', '00', 'Platos y cubiertos de servicio', NULL, NULL, '4500.00', 12, 1),
(1490, '4', '02', '10', '03', '00', 'Protector contra salpicaduras de uso doméstico', NULL, NULL, '1390.00', 12, 1),
(1491, '4', '02', '10', '03', '00', 'Sartenes domésticas', NULL, NULL, '3779.00', 12, 1),
(1492, '4', '02', '10', '03', '00', 'Tazas de café o té domésticas', NULL, NULL, '4995.00', 12, 1),
(1493, '4', '02', '10', '03', '00', 'Termos domésticos', NULL, NULL, '6500.00', 12, 1),
(1494, '4', '02', '10', '03', '00', 'Utensilios para servir domésticos', NULL, NULL, '1200.00', 12, 1),
(1495, '4', '02', '10', '03', '00', 'Vajilla de uso doméstico', NULL, NULL, '44000.00', 12, 1),
(1496, '4', '02', '10', '04', '00', 'Adhesivos de tejidos, sistemas de adhesivos, aplicadores o a', NULL, NULL, '999.00', 12, 1),
(1497, '4', '02', '10', '04', '00', 'Agujas de jeringa de cromatografía', NULL, NULL, '1600.00', 12, 1),
(1498, '4', '02', '10', '04', '00', 'Batas de aislamiento para el personal médico', NULL, NULL, '1800.00', 12, 1),
(1499, '4', '02', '10', '04', '00', 'Cintas adhesivas médicas y quirúrgicas para el uso general', NULL, NULL, '1200.00', 12, 1),
(1500, '4', '02', '10', '04', '00', 'Gasas o curitas quirúrgicas', NULL, NULL, '16000.00', 12, 1),
(1501, '4', '02', '10', '04', '00', 'Guantes médicos quirúrgicos', NULL, NULL, '740.00', 12, 1),
(1502, '4', '02', '10', '04', '00', 'Jeringas de toma de muestras', NULL, NULL, '1800.00', 12, 1),
(1503, '4', '02', '10', '04', '00', 'Kits, bandejas o paquetes de sutura', NULL, NULL, '8000.00', 12, 1),
(1504, '4', '02', '10', '04', '00', 'Nebulizadores o accesorios', NULL, NULL, '41200.00', 12, 1),
(1505, '4', '02', '10', '04', '00', 'Papel para camillas, básculas', NULL, NULL, '2500.00', 12, 1),
(1506, '4', '02', '10', '04', '00', 'Pinzas de laboratorio', NULL, NULL, '2700.00', 12, 1),
(1507, '4', '02', '10', '04', '00', 'Probetas graduadas de laboratorio (cilindro graduado)', NULL, NULL, '6500.00', 12, 1),
(1508, '4', '02', '10', '04', '00', 'Sabanas de camilla medicas', NULL, NULL, '650.00', 12, 1),
(1509, '4', '02', '10', '04', '00', 'Sondas quirúrgicas', NULL, NULL, '800.00', 12, 1),
(1510, '4', '02', '10', '04', '00', 'Vendas o vendajes para uso general', NULL, NULL, '3998.00', 12, 1),
(1511, '4', '02', '10', '05', '00', 'Almohadilla de sellos de caucho de estampación', NULL, NULL, '1100.00', 12, 1),
(1512, '4', '02', '10', '05', '00', 'Almohadillas de entintar, para sellos', NULL, NULL, '800.00', 12, 1),
(1513, '4', '02', '10', '05', '00', 'Bolígrafos', NULL, NULL, '1800.00', 12, 1),
(1514, '4', '02', '10', '05', '00', 'Borradores', NULL, NULL, '1600.00', 12, 1),
(1515, '4', '02', '10', '05', '00', 'Borradores de goma', NULL, NULL, '1600.00', 12, 1),
(1516, '4', '02', '10', '05', '00', 'Carretes de cinta adhesiva', NULL, NULL, '4000.00', 12, 1),
(1517, '4', '02', '10', '05', '00', 'Cera para contar o cuenta fácil', NULL, NULL, '1800.00', 12, 1),
(1518, '4', '02', '10', '05', '00', 'Chinches y tachuelas de colores', NULL, NULL, '620.00', 12, 1),
(1519, '4', '02', '10', '05', '00', 'Cinta de conductos', NULL, NULL, '950.00', 12, 1),
(1520, '4', '02', '10', '05', '00', 'Cinta para empaquetar', NULL, NULL, '15000.00', 12, 1),
(1521, '4', '02', '10', '05', '00', 'Cintas adhesivas de protección', NULL, NULL, '3150.00', 12, 1),
(1522, '4', '02', '10', '05', '00', 'Cintas de calculadora', NULL, NULL, '1500.00', 12, 1),
(1523, '4', '02', '10', '05', '00', 'Clips para carpetas o abrazaderas', NULL, NULL, '2700.00', 12, 1),
(1524, '4', '02', '10', '05', '00', 'Clips para papel', NULL, NULL, '7000.00', 12, 1),
(1525, '4', '02', '10', '05', '00', 'Dispensador de cinta adhesiva', NULL, NULL, '2625.00', 12, 1),
(1526, '4', '02', '10', '05', '00', 'Dispensador de pegamento y repuesto', NULL, NULL, '1650.00', 12, 1),
(1527, '4', '02', '10', '05', '00', 'Engrapadoras', NULL, NULL, '9000.00', 12, 1),
(1528, '4', '02', '10', '05', '00', 'Fundas de etiquetas', NULL, NULL, '1370.00', 12, 1),
(1529, '4', '02', '10', '05', '00', 'Ganchos para carpetas', NULL, NULL, '3200.00', 12, 1),
(1530, '4', '02', '10', '05', '00', 'Grapas', NULL, NULL, '2400.00', 12, 1),
(1531, '4', '02', '10', '05', '00', 'Indices, etiquetas o separadores de lengüeta', NULL, NULL, '3000.00', 12, 1),
(1532, '4', '02', '10', '05', '00', 'Juegos de bolígrafos y lápices', NULL, NULL, '4000.00', 12, 1),
(1533, '4', '02', '10', '05', '00', 'Lámina para plastificar', NULL, NULL, '3900.00', 12, 1),
(1534, '4', '02', '10', '05', '00', 'Lápices de grafito', NULL, NULL, '1200.00', 12, 1),
(1535, '4', '02', '10', '05', '00', 'Ligas elasticas finas', NULL, NULL, '1650.00', 12, 1),
(1536, '4', '02', '10', '05', '00', 'Ligas elasticas gruesas', NULL, NULL, '2500.00', 12, 1),
(1537, '4', '02', '10', '05', '00', 'Líquido corrector', NULL, NULL, '1500.00', 12, 1),
(1538, '4', '02', '10', '05', '00', 'Marcador de resaltar o fluorescente', NULL, NULL, '3500.00', 12, 1),
(1539, '4', '02', '10', '05', '00', 'Marcadores', NULL, NULL, '3250.00', 12, 1),
(1540, '4', '02', '10', '05', '00', 'Marcadores de pintura', NULL, NULL, '3100.00', 12, 1),
(1541, '4', '02', '10', '05', '00', 'Marcadores punta fina', NULL, NULL, '3100.00', 12, 1),
(1542, '4', '02', '10', '05', '00', 'Marcadores punta gruesa', NULL, NULL, '3900.00', 12, 1),
(1543, '4', '02', '10', '05', '00', 'Perforadora de papel de tres huecos', NULL, NULL, '7900.00', 12, 1),
(1544, '4', '02', '10', '05', '00', 'Perforadra de papel de dos huecos', NULL, NULL, '5800.00', 12, 1),
(1545, '4', '02', '10', '05', '00', 'Porta lapices, portaclips, portatacos', NULL, NULL, '1500.00', 12, 1),
(1546, '4', '02', '10', '05', '00', 'Quitagrapas o removedor de grapas (sacagrapas)', NULL, NULL, '950.00', 12, 1),
(1547, '4', '02', '10', '05', '00', 'Reglas T', NULL, NULL, '4390.00', 12, 1),
(1548, '4', '02', '10', '05', '00', 'Sellos de caucho o automáticos', NULL, NULL, '11200.00', 12, 1),
(1549, '4', '02', '10', '05', '00', 'Sellos de plástico', NULL, NULL, '12100.00', 12, 1),
(1550, '4', '02', '10', '05', '00', 'Sellos metálicos', NULL, NULL, '13780.00', 12, 1),
(1551, '4', '02', '10', '05', '00', 'Sellos, empaques de hule, caucho o goma', NULL, NULL, '14861.00', 12, 1),
(1552, '4', '02', '10', '05', '00', 'Serafines', NULL, NULL, '1950.00', 12, 1),
(1553, '4', '02', '10', '05', '00', 'Tijeras', NULL, NULL, '1590.00', 12, 1),
(1554, '4', '02', '10', '05', '00', 'Tinta, repuestos de tinta', NULL, NULL, '3000.00', 12, 1),
(1555, '4', '02', '10', '06', '00', 'Botones de reconocimiento', NULL, NULL, '1000.00', 12, 1),
(1556, '4', '02', '10', '06', '00', 'Diplomas', NULL, NULL, '3400.00', 12, 1),
(1557, '4', '02', '10', '06', '00', 'Joyas de recompensa', NULL, NULL, '1995.00', 12, 1),
(1558, '4', '02', '10', '06', '00', 'Medallas', NULL, NULL, '1995.00', 12, 1),
(1559, '4', '02', '10', '06', '00', 'Ornamentos y decoraciones', NULL, NULL, '6635.00', 12, 1),
(1560, '4', '02', '10', '07', '00', 'Batas blancas', NULL, NULL, '13888.00', 12, 1),
(1561, '4', '02', '10', '07', '00', 'Botas de protección', NULL, NULL, '38864.00', 12, 1),
(1562, '4', '02', '10', '07', '00', 'Cascos de motocicleta', NULL, NULL, '22000.00', 12, 1),
(1563, '4', '02', '10', '07', '00', 'Cascos de protección', NULL, NULL, '23000.00', 12, 1),
(1564, '4', '02', '10', '07', '00', 'Chalecos de proteccion', NULL, NULL, '14800.00', 12, 1),
(1565, '4', '02', '10', '07', '00', 'Cintas de apoyo o fajas de seguridad para la espalda', NULL, NULL, '6000.00', 12, 1),
(1566, '4', '02', '10', '07', '00', 'Delantales protectores', NULL, NULL, '1390.00', 12, 1),
(1567, '4', '02', '10', '07', '00', 'Gafas, lentes de proteccion', NULL, NULL, '2000.00', 12, 1),
(1568, '4', '02', '10', '07', '00', 'Guantes protectores', NULL, NULL, '3500.00', 12, 1),
(1569, '4', '02', '10', '07', '00', 'Mascaras o accesorios (protectoras)', NULL, NULL, '7280.00', 12, 1),
(1570, '4', '02', '10', '07', '00', 'Ropa impermeable protectora o ropa para ambiente húmedo', NULL, NULL, '19900.00', 12, 1),
(1571, '4', '02', '10', '07', '00', 'Ropa protectora contra materias peligrosas', NULL, NULL, '4200.00', 12, 1),
(1572, '4', '02', '10', '08', '00', 'Cartuchos de tinta negro', NULL, NULL, '82000.00', 12, 1),
(1573, '4', '02', '10', '08', '00', 'Cd de lectura y escritura', NULL, NULL, '18000.00', 12, 1),
(1574, '4', '02', '10', '08', '00', 'Circuitos integrados ordenados hacia arriba', NULL, NULL, '12600.00', 12, 1),
(1575, '4', '02', '10', '08', '00', 'Cojines o filtros de limpieza de fusor', NULL, NULL, '80450.00', 12, 1),
(1576, '4', '02', '10', '08', '00', 'Discos compactos (cd)', NULL, NULL, '18000.00', 12, 1),
(1577, '4', '02', '10', '08', '00', 'Dispositivos de almacenamiento de memoria flash (2gb)', NULL, NULL, '7800.00', 12, 1),
(1578, '4', '02', '10', '08', '00', 'Dvd de lectura y escritura', NULL, NULL, '19000.00', 12, 1),
(1579, '4', '02', '10', '08', '00', 'Kits de revestimiento de laserjet', NULL, NULL, '89500.00', 12, 1),
(1580, '4', '02', '10', '08', '00', 'Limpiadores de unidad de compact disc', NULL, NULL, '46400.00', 12, 1),
(1581, '4', '02', '10', '08', '00', 'Procesador de señal digital (dsp)', NULL, NULL, '8500.00', 12, 1),
(1582, '4', '02', '10', '08', '00', 'Procesadores de red', NULL, NULL, '3200.00', 12, 1),
(1583, '4', '02', '10', '08', '00', 'Toner para fax', NULL, NULL, '121000.00', 12, 1),
(1584, '4', '02', '10', '08', '00', 'Toner para fotocopiadoras', NULL, NULL, '225000.00', 12, 1),
(1585, '4', '02', '10', '08', '00', 'Toner para impresora', NULL, NULL, '225000.00', 12, 1),
(1586, '4', '02', '10', '08', '00', 'Varas de tinta', NULL, NULL, '1550.00', 12, 1),
(1587, '4', '02', '10', '11', '00', 'Apagadores, interruptores de flotador o de nivel', NULL, NULL, '3250.00', 12, 1),
(1588, '4', '02', '10', '11', '00', 'Balasto electronico para tubo fluorescente', NULL, NULL, '2500.00', 12, 1),
(1589, '4', '02', '10', '11', '00', 'Baterías recargables', NULL, NULL, '18000.00', 12, 1),
(1590, '4', '02', '10', '11', '00', 'Bobinadoras de cable', NULL, NULL, '13000.00', 12, 1),
(1591, '4', '02', '10', '11', '00', 'Bombillos, bujias de filamento', NULL, NULL, '3200.00', 12, 1),
(1592, '4', '02', '10', '11', '00', 'Breakers, apagadores, interruptores automaticos por caida de', NULL, NULL, '3800.00', 12, 1),
(1593, '4', '02', '10', '11', '00', 'Breakers, interruptores de seguridad', NULL, NULL, '25790.00', 12, 1),
(1594, '4', '02', '10', '11', '00', 'Cable de redes', NULL, NULL, '1900.00', 12, 1),
(1595, '4', '02', '10', '11', '00', 'Cable de teléfono, de telecomunicaciones', NULL, NULL, '15000.00', 12, 1),
(1596, '4', '02', '10', '11', '00', 'Cable galvanizado', NULL, NULL, '4100.00', 12, 1),
(1597, '4', '02', '10', '11', '00', 'Cable para automoción o aviación', NULL, NULL, '3000.00', 12, 1),
(1598, '4', '02', '10', '11', '00', 'Cajas de suelo', NULL, NULL, '1300.00', 12, 1),
(1599, '4', '02', '10', '11', '00', 'Cajas eléctricas de uso general', NULL, NULL, '3800.00', 12, 1),
(1600, '4', '02', '10', '11', '00', 'Conectores de cables eléctricos', NULL, NULL, '570.00', 12, 1),
(1601, '4', '02', '10', '11', '00', 'Fuentes de alimentación continua', NULL, NULL, '15000.00', 12, 1),
(1602, '4', '02', '10', '11', '00', 'Interruptores (apagadores)', NULL, NULL, '3800.00', 12, 1),
(1603, '4', '02', '10', '11', '00', 'Linternas, lamparas portatiles', NULL, NULL, '5690.00', 12, 1),
(1604, '4', '02', '10', '11', '00', 'Portalámpara o sócates', NULL, NULL, '900.00', 12, 1),
(1605, '4', '02', '10', '11', '00', 'Reflectores', NULL, NULL, '4500.00', 12, 1),
(1606, '4', '02', '10', '11', '00', 'Regletas, terminales de conexiones', NULL, NULL, '9900.00', 12, 1),
(1607, '4', '02', '10', '11', '00', 'Reguladores eléctricos o de energía', NULL, NULL, '10970.00', 12, 1),
(1608, '4', '02', '10', '11', '00', 'Rollos de cable electrico', NULL, NULL, '10970.00', 12, 1),
(1609, '4', '02', '10', '11', '00', 'Toma de corriente hembra y macho', NULL, NULL, '2450.00', 12, 1),
(1610, '4', '02', '10', '11', '00', 'Tubos corrugados para cableado posterior', NULL, NULL, '1300.00', 12, 1),
(1611, '4', '02', '10', '11', '00', 'Tubos fluorescentes', NULL, NULL, '15000.00', 12, 1),
(1612, '4', '02', '10', '12', '00', 'Accesorios para baño', NULL, NULL, '4500.00', 12, 1),
(1613, '4', '02', '10', '12', '00', 'Desagües, drenajes', NULL, NULL, '7490.00', 12, 1),
(1614, '4', '02', '10', '12', '00', 'Fregaderos, pilas', NULL, NULL, '1500.00', 12, 1),
(1615, '4', '02', '10', '12', '00', 'Inodoros', NULL, NULL, '1629.00', 12, 1),
(1616, '4', '02', '10', '12', '00', 'Lavamanos cemento', NULL, NULL, '27000.00', 12, 1),
(1617, '4', '02', '10', '12', '00', 'Lavamanos de ceramica', NULL, NULL, '27000.00', 12, 1),
(1618, '4', '02', '10', '12', '00', 'Tapas de depósitos de inodoro', NULL, NULL, '1629.00', 12, 1),
(1619, '4', '02', '10', '12', '00', 'Tapas del inodoro', NULL, NULL, '1629.00', 12, 1),
(1620, '4', '02', '10', '12', '00', 'Tubería de goma o caucho', NULL, NULL, '2250.00', 12, 1),
(1621, '4', '02', '10', '12', '00', 'Tubería de plástico', NULL, NULL, '1000.00', 12, 1),
(1622, '4', '02', '10', '99', '00', 'Bolsas, maletines de herramientas', NULL, NULL, '6720.00', 12, 1),
(1623, '4', '02', '10', '99', '00', 'Cajas para empaquetado', NULL, NULL, '20700.00', 12, 1),
(1624, '4', '02', '99', '01', '00', 'Brochas, cepillos para techos', NULL, NULL, '12000.00', 12, 1),
(1625, '4', '02', '99', '01', '00', 'Canales', NULL, NULL, '7900.00', 12, 1),
(1626, '4', '02', '99', '01', '00', 'Membranas para techos (manto asfáltico)', NULL, NULL, '36000.00', 12, 1),
(1627, '4', '03', '01', '01', '00', 'Alquiler de edificios de oficinas', NULL, NULL, '2627594.00', 12, 1),
(1628, '4', '03', '04', '01', '00', 'Eléctricidad', NULL, NULL, '3168356.00', 12, 1),
(1629, '4', '03', '04', '03', '00', 'Agua', NULL, NULL, '482724.00', 12, 1),
(1630, '4', '03', '04', '05', '00', 'Internet', NULL, NULL, '1500000.00', 12, 1),
(1631, '4', '03', '04', '06', '00', 'Servicio de aseo urbano y domiciliario', NULL, NULL, '295890.00', 12, 1),
(1632, '4', '03', '04', '07', '00', 'Servicio de condominio', NULL, NULL, '3364615.00', 12, 1),
(1633, '4', '03', '06', '01', '00', 'Flete nacional (flete y enbalaje)', NULL, NULL, '95550.00', 12, 1);
INSERT INTO `materiales_servicios` (`id`, `cuenta`, `partida`, `generica`, `especifica`, `subespecifica`, `nombre`, `unidad_medida`, `presentacion`, `precio`, `iva`, `estatus`) VALUES
(1634, '4', '03', '06', '03', '00', 'Estacionamiento', NULL, NULL, '9750.00', 12, 1),
(1635, '4', '03', '06', '05', '00', 'Servicio de protección en traslado de fondos y de mensajería', NULL, NULL, '41600.00', 12, 1),
(1636, '4', '03', '07', '01', '00', 'Inserción en televisión', NULL, NULL, '122850.00', 12, 1),
(1637, '4', '03', '07', '01', '00', 'Servicios de promoción comercial', NULL, NULL, '81900.00', 12, 1),
(1638, '4', '03', '07', '02', '00', 'Impresión de publicaciones', NULL, NULL, '19110.00', 12, 1),
(1639, '4', '03', '07', '02', '00', 'Impresión digital', NULL, NULL, '182910.00', 12, 1),
(1640, '4', '03', '07', '02', '00', 'Impresión promocional o publicitaria', NULL, NULL, '81900.00', 12, 1),
(1641, '4', '03', '07', '03', '00', 'Alquiler de sillas y mesas', NULL, NULL, '47000.00', 12, 1),
(1642, '4', '03', '07', '03', '00', 'Instalaciones para banquetes', NULL, NULL, '450000.00', 12, 1),
(1643, '4', '03', '07', '03', '00', 'Marquesinas (toldos)', NULL, NULL, '51105.00', 12, 1),
(1644, '4', '03', '07', '03', '00', 'Salas de reuniones o banquetes', NULL, NULL, '300000.00', 12, 1),
(1645, '4', '03', '07', '03', '00', 'Servicios de camarero', NULL, NULL, '9464.00', 12, 1),
(1646, '4', '03', '07', '03', '00', 'Servicios de catering (alimento institucional o colectiva)', NULL, NULL, '8775.00', 12, 1),
(1647, '4', '03', '07', '04', '00', 'Servicios de boletines informativos de especial interés', NULL, NULL, '24843.00', 12, 1),
(1648, '4', '03', '07', '04', '00', 'Servicios de comunicados de prensa', NULL, NULL, '259350.00', 12, 1),
(1649, '4', '03', '08', '01', '00', 'Seguro de automóviles o camiones', NULL, NULL, '15299375.00', 12, 1),
(1650, '4', '03', '08', '01', '00', 'Seguro escolar', NULL, NULL, '2000.00', 12, 1),
(1651, '4', '03', '08', '02', '00', 'Comisión gastos bancarios', NULL, NULL, '5260.00', 12, 1),
(1652, '4', '03', '09', '01', '00', 'Hospedaje', NULL, NULL, '35800.00', 12, 1),
(1653, '4', '03', '09', '01', '00', 'Viajes en aviones comerciales Nacional', NULL, NULL, '17940.00', 12, 1),
(1654, '4', '03', '09', '02', '00', 'Viajes en aviones comerciales Internacional', NULL, NULL, '730000.00', 12, 1),
(1655, '4', '03', '10', '04', '00', 'Evaluación de terrenos', NULL, NULL, '78400.00', 12, 1),
(1656, '4', '03', '10', '04', '00', 'Gestión o administración de proyectos de mobiliario', NULL, NULL, '19500.00', 12, 1),
(1657, '4', '03', '10', '07', '00', 'Servicio de capacitación y adiestramiento', NULL, NULL, '375000.00', 12, 1),
(1658, '4', '03', '10', '99', '00', 'Servicios de reforzamiento (Fumigaciones)', NULL, NULL, '712000.00', 12, 1),
(1659, '4', '03', '11', '02', '00', 'Dispositivo de montaje de superficies (Ascensores)', NULL, NULL, '450000.00', 12, 1),
(1660, '4', '03', '11', '02', '00', 'Mantenimiento y reparacion de vehículos', NULL, NULL, '560000.00', 12, 1),
(1661, '4', '03', '11', '02', '00', 'Servicios de mecánica', NULL, NULL, '135298.00', 12, 1),
(1662, '4', '03', '11', '07', '00', 'Mantenimiento y reparación de mobiliario de oficina ', NULL, NULL, '55000.00', 12, 1),
(1663, '4', '03', '11', '07', '00', 'Mantenimiento y reparación de equipo de impresión', NULL, NULL, '45000.00', 12, 1),
(1664, '4', '03', '11', '07', '00', 'Mantenimiento y reparación de equipo de aire acondicionado', NULL, NULL, '50000.00', 12, 1),
(1665, '4', '03', '11', '07', '00', 'Mantenimiento y reparación de equipo de oficina (fotocopiado', NULL, NULL, '45000.00', 12, 1),
(1666, '4', '03', '12', '01', '00', 'Servicios de limpieza y reparación de edificios', NULL, NULL, '365000.00', 12, 1),
(1667, '4', '03', '16', '01', '00', 'Plan vacacional', NULL, NULL, '50000.00', 12, 1),
(1668, '4', '03', '19', '01', '00', 'comisión por servicios para cumplir con los beneficios socia', NULL, NULL, '2194007.00', 12, 1),
(1669, '4', '03', '99', '01', '00', 'Mantenimiento y recarga de extinguidores o extintores', NULL, NULL, '563000.00', 12, 1),
(1670, '4', '03', '99', '01', '00', 'Mantenimiento y reparacion de equipos de comunicaciones', NULL, NULL, '81900.00', 12, 1),
(1671, '4', '03', '99', '01', '00', 'Mantenimiento y reparación de equipos de seguridad', NULL, NULL, '65490.00', 12, 1),
(1672, '4', '03', '99', '01', '00', 'Recarga de cartuchos (tinta, toner)', NULL, NULL, '45000.00', 12, 1),
(1673, '4', '04', '03', '01', '00', 'Escaleras', NULL, NULL, '80000.00', 12, 1),
(1674, '4', '04', '03', '02', '00', 'Rectificadores', NULL, NULL, '40000.00', 12, 1),
(1675, '4', '04', '03', '04', '00', 'Ecuadernadora', NULL, NULL, '350000.00', 12, 1),
(1676, '4', '04', '03', '04', '00', 'Encuadernadoras y/o anilladoras térmicas', NULL, NULL, '170000.00', 12, 1),
(1677, '4', '04', '03', '04', '00', 'Fotocopiadoras a color', NULL, NULL, '950000.00', 12, 1),
(1678, '4', '04', '03', '04', '00', 'Fotocopiadoras blanco y negro', NULL, NULL, '850000.00', 12, 1),
(1679, '4', '04', '03', '04', '00', 'Guillotinas de imprenta', NULL, NULL, '17000.00', 12, 1),
(1680, '4', '04', '03', '04', '00', 'Perforadoras de papel', NULL, NULL, '26000.00', 12, 1),
(1681, '4', '04', '03', '04', '00', 'Perforadoras impresoras', NULL, NULL, '200000.00', 12, 1),
(1682, '4', '04', '03', '05', '00', 'Escaner automotriz', NULL, NULL, '950000.00', 12, 1),
(1683, '4', '04', '03', '05', '00', 'Varas o palas gigantes de cavado, hidráulicas', NULL, NULL, '230000.00', 12, 1),
(1684, '4', '04', '04', '01', '00', 'Camionetas', NULL, NULL, '3800000.00', 12, 1),
(1685, '4', '04', '04', '01', '00', 'Vehiculos', NULL, NULL, '980000.00', 12, 1),
(1686, '4', '04', '05', '01', '00', 'Cámaras digitales', NULL, NULL, '275000.00', 12, 1),
(1687, '4', '04', '05', '01', '00', 'Contestadores automáticos', NULL, NULL, '75000.00', 12, 1),
(1688, '4', '04', '05', '01', '00', 'Cordones extension de telefono', NULL, NULL, '1500.00', 12, 1),
(1689, '4', '04', '05', '01', '00', 'Discos vídeo digitales (dvd)', NULL, NULL, '70000.00', 12, 1),
(1690, '4', '04', '05', '01', '00', 'Teléfonos analógicos', NULL, NULL, '29900.00', 12, 1),
(1691, '4', '04', '05', '01', '00', 'Teléfonos digitales', NULL, NULL, '40000.00', 12, 1),
(1692, '4', '04', '05', '01', '00', 'Televisores', NULL, NULL, '180000.00', 12, 1),
(1693, '4', '04', '05', '01', '00', 'Tubos de voz de auriculares telefónicos', NULL, NULL, '3500.00', 12, 1),
(1694, '4', '04', '07', '02', '00', 'Cartelera de corcho', NULL, NULL, '8000.00', 12, 1),
(1695, '4', '04', '07', '02', '00', 'Carteleras', NULL, NULL, '11990.00', 12, 1),
(1696, '4', '04', '07', '02', '00', 'Pantallas de proyección', NULL, NULL, '80000.00', 12, 1),
(1697, '4', '04', '07', '02', '00', 'Pizarras blancas interactivas o accesorios', NULL, NULL, '24500.00', 12, 1),
(1698, '4', '04', '07', '02', '00', 'Retroproyectores (video beam)', NULL, NULL, '599000.00', 12, 1),
(1699, '4', '04', '07', '06', '00', 'Altavoces / parlantes', NULL, NULL, '95000.00', 12, 1),
(1700, '4', '04', '07', '06', '00', 'Cuatros', NULL, NULL, '25000.00', 12, 1),
(1701, '4', '04', '07', '06', '00', 'Equipos de sonido', NULL, NULL, '140000.00', 12, 1),
(1702, '4', '04', '07', '06', '00', 'Guitarras', NULL, NULL, '70000.00', 12, 1),
(1703, '4', '04', '07', '06', '00', 'Tambores', NULL, NULL, '42000.00', 12, 1),
(1704, '4', '04', '09', '01', '00', 'Archivos móviles', NULL, NULL, '390000.00', 12, 1),
(1705, '4', '04', '09', '01', '00', 'Archivos para clasificación o accesorios', NULL, NULL, '250000.00', 12, 1),
(1706, '4', '04', '09', '01', '00', 'Calculadoras científicas, profesionales o de escritorio', NULL, NULL, '12900.00', 12, 1),
(1707, '4', '04', '09', '01', '00', 'Escritorios metalicos', NULL, NULL, '150000.00', 12, 1),
(1708, '4', '04', '09', '01', '00', 'Estantes', NULL, NULL, '45000.00', 12, 1),
(1709, '4', '04', '09', '01', '00', 'Librero, estantes para libros', NULL, NULL, '60000.00', 12, 1),
(1710, '4', '04', '09', '01', '00', 'Mesas de conferencia', NULL, NULL, '190000.00', 12, 1),
(1711, '4', '04', '09', '01', '00', 'Mobiliario', NULL, NULL, '300000.00', 12, 1),
(1712, '4', '04', '09', '01', '00', 'Muebles de apoyo para organizacion de la computadora', NULL, NULL, '100000.00', 12, 1),
(1713, '4', '04', '09', '01', '00', 'Paquetes modulares para personal de oficina', NULL, NULL, '80000.00', 12, 1),
(1714, '4', '04', '09', '01', '00', 'Sillas', NULL, NULL, '30000.00', 12, 1),
(1715, '4', '04', '09', '01', '00', 'Sillas, asientos de ejecutivo', NULL, NULL, '55000.00', 12, 1),
(1716, '4', '04', '09', '01', '00', 'Sillas, asientos de espera o de huespedes', NULL, NULL, '25000.00', 12, 1),
(1717, '4', '04', '09', '01', '00', 'Sillas, asientos de trabajo', NULL, NULL, '35000.00', 12, 1),
(1718, '4', '04', '09', '02', '00', 'Computadora portatil', NULL, NULL, '98000.00', 12, 1),
(1719, '4', '04', '09', '02', '00', 'Computadoras de escritorio', NULL, NULL, '150000.00', 12, 1),
(1720, '4', '04', '09', '02', '00', 'Discos duros', NULL, NULL, '60000.00', 12, 1),
(1721, '4', '04', '09', '02', '00', 'Dispositivo de sincronización de paquetes de datos de red', NULL, NULL, '18000.00', 12, 1),
(1722, '4', '04', '09', '02', '00', 'Escáner', NULL, NULL, '130000.00', 12, 1),
(1723, '4', '04', '09', '02', '00', 'Impresora de planos, trazadoras de graficos (plotter)', NULL, NULL, '750000.00', 12, 1),
(1724, '4', '04', '09', '02', '00', 'Impresoras de láser', NULL, NULL, '90000.00', 12, 1),
(1725, '4', '04', '09', '02', '00', 'Impresoras multifunción', NULL, NULL, '1100000.00', 12, 1),
(1726, '4', '04', '09', '02', '00', 'Monitores o pantallas de visualización en cristal líquido (l', NULL, NULL, '70000.00', 12, 1),
(1727, '4', '04', '09', '02', '00', 'Quemador de dvd/cd externo', NULL, NULL, '30000.00', 12, 1),
(1728, '4', '04', '09', '02', '00', 'Reguladores eléctricos o de energía', NULL, NULL, '40000.00', 12, 1),
(1729, '4', '04', '09', '02', '00', 'Servidores', NULL, NULL, '1500000.00', 12, 1),
(1730, '4', '04', '09', '02', '00', 'Tarjetas aceleradoras de vídeo o gráficos', NULL, NULL, '60000.00', 12, 1),
(1731, '4', '04', '09', '02', '00', 'Tarjetas de módulo de memoria', NULL, NULL, '40000.00', 12, 1),
(1732, '4', '04', '09', '02', '00', 'Tarjetas de recepción de redes ópticas', NULL, NULL, '42000.00', 12, 1),
(1733, '4', '04', '09', '02', '00', 'Teclados', NULL, NULL, '23000.00', 12, 1),
(1734, '4', '04', '09', '02', '00', 'Trackballs y ratones de ordenador', NULL, NULL, '2000.00', 12, 1),
(1735, '4', '04', '09', '02', '00', 'Transformadores de fuentes de alimentación o de suministro d', NULL, NULL, '30000.00', 12, 1),
(1736, '4', '04', '09', '03', '00', 'Aires acondicionados', NULL, NULL, '250000.00', 12, 1),
(1737, '4', '04', '09', '03', '00', 'Cafeteras domésticas', NULL, NULL, '30000.00', 12, 1),
(1738, '4', '04', '09', '03', '00', 'Cajones, gavetas', NULL, NULL, '32000.00', 12, 1),
(1739, '4', '04', '09', '03', '00', 'Cocinas domésticas', NULL, NULL, '160000.00', 12, 1),
(1740, '4', '04', '09', '03', '00', 'Extintores', NULL, NULL, '29000.00', 12, 1),
(1741, '4', '04', '09', '03', '00', 'Hornos microondas domésticos', NULL, NULL, '150000.00', 12, 1),
(1742, '4', '04', '09', '03', '00', 'Licuadoras domésticas', NULL, NULL, '40000.00', 12, 1),
(1743, '4', '04', '09', '03', '00', 'Mesas', NULL, NULL, '47000.00', 12, 1),
(1744, '4', '04', '09', '03', '00', 'Muebles nevera bar (mini refrigerador)', NULL, NULL, '90000.00', 12, 1),
(1745, '4', '04', '09', '03', '00', 'Ventiladores', NULL, NULL, '19000.00', 12, 1),
(1746, '4', '04', '11', '02', '00', 'Adquisición de edificios y locales', NULL, NULL, '34500000.00', 12, 1),
(1747, '4', '04', '12', '04', '00', 'Paquetes y Programas de computación', NULL, NULL, '500000.00', 12, 1),
(1748, '4', '03', '18', '01', '00', 'Impuesto al valor agregado (IVA uniformes)', NULL, NULL, '12480036.00', 12, 1),
(1749, '4', '02', '08', '04', '00', 'Ventanas fijas (Marco)', NULL, NULL, '65700.00', 12, 1),
(1750, '4', '03', '01', '02', '00', 'Teatro operativo', NULL, NULL, '78000.00', 12, 1),
(1751, '4', '03', '02', '03', '00', 'Servicio de Hosting base de datos almacenamiento bajo demand', NULL, NULL, '1158650.00', 12, 1),
(1752, '4', '03', '04', '02', '00', 'Gas', NULL, NULL, '1755.00', 12, 1),
(1753, '4', '03', '04', '04', '01', 'Teléfonos (servicios de telefonía prestados por organismos p', NULL, NULL, '3300000.00', 12, 1),
(1754, '4', '03', '04', '04', '02', 'Teléfonos (servicios de telefonía prestados por institucione', NULL, NULL, '546000.00', 12, 1),
(1755, '4', '04', '01', '02', '02', 'Máquinas para cambiar neumáticos', NULL, NULL, '890000.00', 12, 1),
(1756, '4', '04', '02', '01', '00', 'Conservación y ampliaciones mayores', NULL, NULL, '3200000.00', 12, 1),
(1757, '4', '04', '06', '01', '00', 'Básculas, balanzas de paciente de cabestrillo', NULL, NULL, '10500.00', 12, 1),
(1758, '4', '04', '06', '01', '00', 'Camillas de paciente o accesorios de camilla', NULL, NULL, '30000.00', 12, 1),
(1759, '4', '04', '06', '01', '00', 'Filtros o pantallas arteriales o intravenosos para uso gener', NULL, NULL, '150000.00', 12, 1),
(1760, '4', '04', '06', '01', '00', 'Monitores o accesorios del gas arterial de la sangre', NULL, NULL, '178000.00', 12, 1),
(1761, '4', '04', '06', '01', '00', 'Termómetros del ventilador', NULL, NULL, '17000.00', 12, 1),
(1762, '4', '04', '06', '01', '00', 'Timpanómetros o accesorios', NULL, NULL, '570000.00', 12, 1),
(1763, '4', '04', '06', '01', '00', 'Unidades de monitorización de presión intracompartimental o ', NULL, NULL, '560000.00', 12, 1),
(1764, '4', '07', '01', '01', '75', 'SUBSIDIOS A ORGANISMOS LABORALES Y GREMIALES (S1504- ASOCIAC', NULL, NULL, '150000.00', 12, 1),
(1765, '4', '07', '01', '01', '75', 'SUBSIDIOS A ORGANISMOS LABORALES Y GREMIALES (S1888- ASOCIAC', NULL, NULL, '136300.00', 12, 1),
(1766, '4', '11', '11', '04', '00', 'COMPROMISOS PENDIENTES DE EJERCICIOS ANTERIORES', NULL, NULL, '13500000.00', 12, 1),
(1767, '4', '07', '01', '02', '00', 'DONACIONES CORRIENTES A PERSONAS', NULL, NULL, '60000.00', 12, 1);

-- --------------------------------------------------------

--
-- Estructura de tabla para la tabla `migration`
--

CREATE TABLE `migration` (
  `version` varchar(180) NOT NULL,
  `apply_time` int(11) DEFAULT NULL
) ENGINE=InnoDB DEFAULT CHARSET=latin1;

--
-- Volcado de datos para la tabla `migration`
--

INSERT INTO `migration` (`version`, `apply_time`) VALUES
('m000000_000000_base', 1449374474),
('m140506_102106_rbac_init', 1449375197),
('m150122_115959_activerecordhistory_init', 1455311512),
('m150626_000001_create_audit_entry', 1458325958),
('m150626_000002_create_audit_data', 1458325958),
('m150626_000003_create_audit_error', 1458325959),
('m150626_000004_create_audit_trail', 1458325959),
('m150626_000005_create_audit_javascript', 1458325959),
('m150626_000006_create_audit_mail', 1458325959),
('m150703_191015_init', 1449787681),
('m150714_000001_alter_audit_data', 1458325959),
('m151008_162401_create_notification_table', 1460920146),
('m151013_131405_add_user_field', 1455311512);

-- --------------------------------------------------------

--
-- Estructura de tabla para la tabla `modelhistory`
--

CREATE TABLE `modelhistory` (
  `id` bigint(20) NOT NULL,
  `date` datetime NOT NULL,
  `table` varchar(255) COLLATE utf8_unicode_ci NOT NULL,
  `field_name` varchar(255) COLLATE utf8_unicode_ci NOT NULL,
  `field_id` varchar(255) COLLATE utf8_unicode_ci NOT NULL,
  `old_value` text COLLATE utf8_unicode_ci,
  `new_value` text COLLATE utf8_unicode_ci,
  `type` smallint(6) NOT NULL,
  `user_id` varchar(255) COLLATE utf8_unicode_ci NOT NULL
) ENGINE=InnoDB DEFAULT CHARSET=utf8 COLLATE=utf8_unicode_ci;

-- --------------------------------------------------------

--
-- Estructura de tabla para la tabla `municipio`
--

CREATE TABLE `municipio` (
  `id` int(11) NOT NULL,
  `nombre` varchar(45) NOT NULL,
  `id_estado` int(11) NOT NULL
) ENGINE=InnoDB DEFAULT CHARSET=utf8;

-- --------------------------------------------------------

--
-- Estructura de tabla para la tabla `notification`
--

CREATE TABLE `notification` (
  `id` int(11) NOT NULL,
  `key` varchar(255) NOT NULL,
  `key_id` int(11) DEFAULT NULL,
  `type` varchar(255) NOT NULL,
  `user_id` int(11) NOT NULL,
  `seen` tinyint(1) NOT NULL,
  `created_at` datetime NOT NULL
) ENGINE=InnoDB DEFAULT CHARSET=utf8;

--
-- Volcado de datos para la tabla `notification`
--

INSERT INTO `notification` (`id`, `key`, `key_id`, `type`, `user_id`, `seen`, `created_at`) VALUES
(17, 'nuevo_pedido', 6, 'default', 1, 1, '2016-07-08 23:50:19'),
(19, 'nuevo_pedido', 7, 'default', 1, 1, '2016-07-08 23:57:12'),
(21, 'nuevo_pedido', 8, 'default', 1, 1, '2016-07-08 23:58:29'),
(22, 'nuevo_pedido', 8, 'default', 2, 1, '2016-07-08 23:58:29'),
(23, 'nuevo_pedido', 9, 'default', 1, 1, '2016-07-11 08:44:30'),
(24, 'nuevo_pedido', 9, 'default', 2, 1, '2016-07-11 08:44:30'),
(25, 'pedido_accion_centralizada', 1, 'default', 1, 1, '2016-07-11 14:32:55'),
(27, 'pedido_accion_centralizada', 2, 'default', 1, 1, '2016-07-11 14:51:16'),
(29, 'nuevo_pedido', 10, 'default', 1, 1, '2016-07-11 15:29:48'),
(31, 'pedido_accion_centralizada', 3, 'default', 1, 1, '2016-07-11 15:30:44'),
(33, 'pedido_accion_centralizada', 4, 'default', 1, 1, '2016-07-11 15:52:39'),
(37, 'pedido_accion_centralizada', 6, 'default', 1, 1, '2016-07-12 11:18:54'),
(39, 'pedido_accion_centralizada', 7, 'default', 1, 1, '2016-07-12 15:40:30'),
(67, 'pedido_acc_aprobado', 235, 'default', 1, 1, '2016-08-02 15:16:05'),
(68, 'pedido_acc_aprobado', 235, 'default', 2, 1, '2016-08-02 15:16:54'),
(70, 'pedido_acc_aprobado', 235, 'default', 4, 0, '2016-08-02 15:16:54'),
(72, 'pedido_accion_centralizada', 7, 'default', 4, 0, '2016-08-05 11:51:03'),
(76, 'pedido_accion_centralizada', 8, 'default', 2, 1, '2016-08-05 12:09:59'),
(77, 'pedido_accion_centralizada', 8, 'default', 4, 0, '2016-08-05 12:09:59'),
(78, 'pedido_acc_aprobado', 245, 'default', 2, 1, '2016-08-05 12:11:03'),
(81, 'pedido_accion_centralizada', 9, 'default', 2, 1, '2016-08-05 12:18:42'),
(82, 'pedido_accion_centralizada', 9, 'default', 4, 0, '2016-08-05 12:18:42'),
(83, 'pedido_acc_aprobado', 244, 'default', 2, 1, '2016-08-05 12:18:54'),
(85, 'pedido_accion_centralizada', 10, 'default', 2, 1, '2016-08-05 12:19:59'),
(86, 'pedido_accion_centralizada', 10, 'default', 4, 0, '2016-08-05 12:19:59'),
(88, 'pedido_accion_centralizada', 11, 'default', 2, 1, '2016-08-05 12:20:31'),
(89, 'pedido_accion_centralizada', 11, 'default', 4, 0, '2016-08-05 12:20:31'),
(90, 'pedido_accion_centralizada', 9, 'default', 3, 1, '2016-08-05 14:13:52'),
(91, 'pedido_accion_centralizada', 10, 'default', 1, 1, '2016-08-05 14:15:29'),
(92, 'pedido_accion_centralizada', 10, 'default', 3, 1, '2016-08-05 14:15:29'),
(93, 'pedido_acc_aprobado', 245, 'default', 3, 0, '2016-08-05 14:16:55'),
(94, 'pedido_acc_aprobado', 245, 'default', 1, 1, '2016-08-05 14:16:55'),
(95, 'nuevo_pedido', 11, 'default', 1, 1, '2016-08-05 14:28:45'),
(96, 'nuevo_pedido', 11, 'default', 2, 1, '2016-08-05 14:28:45'),
(97, 'nuevo_pedido', 12, 'default', 1, 1, '2016-08-05 14:35:10'),
(98, 'nuevo_pedido', 12, 'default', 2, 1, '2016-08-05 14:35:10'),
(99, 'pedido_accion_centralizada', 11, 'default', 1, 1, '2016-08-10 14:38:07'),
(100, 'pedido_accion_centralizada', 11, 'default', 3, 0, '2016-08-10 14:38:07');

-- --------------------------------------------------------

--
-- Estructura de tabla para la tabla `objetivos_estrategicos`
--

CREATE TABLE `objetivos_estrategicos` (
  `id` int(11) NOT NULL,
  `objetivo_estrategico` text NOT NULL,
  `objetivo_nacional` int(11) NOT NULL
) ENGINE=InnoDB DEFAULT CHARSET=utf8 COMMENT='Objetivos estrategicos - Area estrategica';

--
-- Volcado de datos para la tabla `objetivos_estrategicos`
--

INSERT INTO `objetivos_estrategicos` (`id`, `objetivo_estrategico`, `objetivo_nacional`) VALUES
(1, 'Fortalecer a través de los procesos electorales la Revolución Bolivariana, elevando la moral y la conciencia del pueblo venezolano y de los pueblos del mundo en su lucha por la emancipación. ', 1),
(2, 'Preparar la defensa de la voluntad del pueblo, mediante la organización popular y el ejercicio democrático de la autoridad del Estado', 1),
(3, 'Fortalecer y expandir el Poder Popular.', 1),
(4, 'Preservar y recuperar los espacios de gobierno regional y local, para profundizar la restitución del poder al pueblo.', 1),
(5, 'Seguir construyendo la soberanía y democratización comunicacional. ', 1),
(6, 'Fortalecer el rol del Estado en la administración y explotación de los recursos hidrocarburiferos y mineros.', 2),
(7, 'Mantener y garantizar el control por parte del Estado sobre Petróleos de Venezuela S.A. (PDVSA).', 2),
(8, 'Mantener y garantizar el control por parte del Estado de las empresas nacionales que exploten los recursos mineros en el territorio nacional.', 2),
(9, 'Promover y estimular la investigación científica y el desarrollo tecnológico, con el propósito de asegurar las operaciones medulares de la industria petrolera. ', 2),
(10, 'Asegurar los medios para el control efectivo de las actividades conexas y estratégicas asociadas a la cadena industrial de explotación de los recursos hidrocarburiferos.', 2),
(11, 'Fortalecer la coordinación de políticas petroleras en el seno de la OPEP y otros organismos internacionales, para la justa valorización de nuestros recursos naturales.', 2),
(12, 'Impulsar y promover una iniciativa de coordinación entre los países gigantes petroleros. ', 2),
(13, 'Asegurar los medios para el control efectivo de las actividades conexas y estratégicas asociadas a la cadena industrial de explotación de los recursos mineros.', 2),
(14, 'Lograr una instancia de coordinación de políticas gasíferas para una valorización justa y razonable del gas.', 2),
(15, 'Elevar la conciencia política e ideológica del Pueblo y de los trabajadores petroleros y mineros, así como también su participación activa en la defensa de los recursos naturales estratégicos de la Nación. ', 2),
(16, 'Crearlas condiciones para influir en a valorización de los precios de los minerales.', 2),
(17, 'Garantizar la propiedad y uso de los recursos naturales del país, de forma soberana, para la satisfacción de las demandas internas así como su uso en función de los más altos intereses nacionales. ', 2),
(18, 'Mantener y fortalecer el actual régimen fiscal petrolero para garantizar si bienestar del pueblo. ', 3),
(19, 'Mantener y fortalecer mecanismos eficaces de captación de la renta excedentaria, por incrementos extraordinarios de los precios internacionales de los hidrocarburos. ', 3),
(20, 'Establecer y desarrollar un régimen fiscal minero, así como mecanismos de captación eficientes para la recaudación de la renta por la actividad minera.', 3),
(21, 'Establecer mecanismos de control sobre la comercialización de los minerales.', 3),
(22, 'Fortalecer y profundizar acuerdos financieros con socios estratégicos.', 3),
(23, 'Mantener y consolidar los convenios de cooperación, solidaridad y complementariedad con países aliados.', 3),
(24, 'Fortalecer los mecanismos de cooperación en el mercado común del Sur (MERCOSUR).', 3),
(25, 'Diseñar y establecer mecanismos novedosos y efectivos, orientados a promover la participación popular en la renta petrolera, tales como la inversión y el ahorro.', 3),
(26, 'Compatibilizar el sistema impositivo hacia estándares internacionales de eficiencia tributaria para alcanzar acuerdos comerciales más efectivos y eficientes con los países socios, salvaguardando la soberanía nacional.', 3),
(27, 'Mejorar y promover la eficiencia de la gestión fiscal del sector público para generar mayor transparencia, y confiabilidad sobre el impacto económico y social de la política fiscal.', 3),
(28, 'Eliminar definitivamente el latifundio. Realizar un proceso de organización y zonificación agroecológica en base a las capacidades de uso de la tierra y crear un sistema de catastro rural para garantizar el acceso justo y uso racional del recurso suelo.', 4),
(29, 'Acelerar la democratización del acceso de los campesinos y campesinas, productores y productoras, y de las distintas formas colectivas y empresas socialistas, a los recursos necesarios para la producción (tierra, agua, riego, semillas, capital), impulsando el uso racional y sostenible de los mismos.', 4),
(30, 'Afianzar un conjunto de políticas públicas de apoyo a la producción, distribución, comercialización y organización del sector rural y participación del poder popular campesino en la implementación de un Plan Nacional de Producción de Alimentos que garantice la soberanía alimentaria.', 4),
(31, ' Fortalecer la infraestructura, el desarrollo y funcionamiento de los grandes polos socialistas de producción primaria agropecuaria y grandes sistemas de riego, gestionados a través de empresas socialistas, privilegiando la integración de los procesos productivos a escala industrial.', 4),
(32, 'Consolidar las redes de producción y distribución de productos de consumo directo y del sistema de procesamiento agroindustrial.', 4),
(33, 'Crear, consolidar y apoyar centros de venta y distribución directa de productos agropecuarios y otros de consumo masivo, locales y en las grandes ciudades, garantizando su acceso a precio justo por parte de la población y una remuneración justa al trabajo campesino e incentivando el desarrollo del comercio local, nacional y de exportación.', 4),
(34, 'Consolidar el aparato agroindustrial bajo control de empresas socialistas, garantizando al menos un % de la capacidad de almacenamiento y procesamiento en rubros básicos (cereales, oleaginosas, leguminosas, azúcar, carne y leche) y un % en el resto de los rubros alimenticios.', 4),
(35, 'Desarrollar un sistema de apoyo e incentivos para la promoción del comercio internacional de exportación de rubros agrícolas.', 4),
(36, 'Establecer mecanismos para ejercer la nueva institucionalidad revolucionaria que garantice la participación de los pequeños y medianos productores en las decisiones en materia agropecuaria, a través de los consejos campesinos y las redes de productores y productoras libres y asociados.', 4),
(37, 'Promover los modelos de producción diversificados, a partir de la agricultura familiar, \' campesina, urbana, periurbana e indígena, recuperando, validando y divulgando modelos tradicionales y sostenibles de producción.', 4),
(38, 'Consolidar un estilo científico, tecnológico e innovador de carácter transformador, diverso, creativo y dinámico, garante de la independencia y la soberanía económica, contribuyendo así a la construcción del Modelo Productivo Socialista, el fortalecimiento de la Ética Socialista y la satisfacción efectiva de las necesidades del pueblo venezolano.', 5),
(39, 'Fortalecer los espacios y programas de formación para el trabajo liberador, fomentando los valores patrióticos y el sentido crítico.', 5),
(40, 'Impulsar el desarrollo y uso de equipos electrónicos y aplicaciones informáticas en tecnologías libres y estándares abiertos.', 5),
(41, ' Establecer una política satelital del Estado venezolano para colocar la actividad al servicio del desarrollo general de la Nación.', 5),
(42, 'Incrementar la capacidad defensiva del país con la consolidación y afianzamiento de la redistribución territorial de la Fuerza Armada Nacional Bolivariana.', 6),
(43, 'Consolidar la Gran Misión Soldado de la Patria Negro Primero como política integral de fortalecimiento de la Fuerza Armada Nacional Bolivariana, que asegure bienestar, seguridad social y protección a la familia militar venezolana,el equipamiento, mantenimiento e infraestructura militar,la participación de la FANB en las tareas de desarrollo nacional,y el desarrollo educativo de sus componentes.', 6),
(44, 'Fortalecer e incrementar el sistema de Inteligencia y Contrainteligencia Militar para la Defensa Integral de la Patria.', 6),
(45, 'Fortalecer la Milicia Nacional Bolivariana.', 6),
(46, ' Incrementar y mantener el apresto operacional de la Fuerza Armada Nacional Bolivariana para la Defensa Integral de la Nación.', 6),
(47, 'Crear el Sistema Integral de Gestión de los estados de excepción.', 7),
(48, 'Crear el Sistema Logístico Nacional, integrando el Sistema Logístico de la Fuerza Armada Nacional Bolivariana.', 7),
(49, 'Impulsar nuevas formas de organización que pongan al servicio de la sociedad los medios de producción, y estimulen la generación de un tejido productivo sustentable enmarcado en el nuevo metabolismo para la transición al socialismo.', 8),
(50, 'Desarrollar un sistema de fijación de precios justos para los bienes y servicios, combatiendo las prácticas de ataque a la moneda, acaparamiento, especulación, usura y otros falsos mecanismos de fijación de precios, mediante el fortalecimiento de las leyes e instituciones responsables y la participación protagónica del Poder Popular, para el desarrollo de un nuevo modelo productivo diversificado, sustentado en la cultura del trabajo.', 8),
(51, 'Expandir e integrar las cadenas productivas, generando la mayor cantidad de valor agregado y orientándolas hacia la satisfacción de las necesidades sociales para la construcción del socialismo, promoviendo la diversificación del aparato productivo.', 8),
(52, 'Desarrollar modelos incluyentes de gestión de las unidades productivas, participativos con los trabajadores y trabajadoras, alineados con las políticas nacionales, así como con una cultura del trabajo que se contraponga al rentismo petrolero, desmontando la estructura oligopólica y monopólica existente.', 8),
(53, 'Fortalecer el sistema de distribución directa de los insumos y productos, atacando la especulación propia del capitalismo, para garantizar la satisfacción de las necesidades del pueblo.', 8),
(54, 'Superar las formas de explotación capitalistas presentes en el proceso social del trabajo, a través del despliegue de relaciones socialistas entre trabajadores y trabajadoras con este proceso, como espacio fundamental para el desarrollo integral de la población.', 9),
(55, 'Consolidar el Sistema Nacional de Misiones y Grandes Misiones Socialistas Hugo Chávez, como conjunto integrado de políticas y programas que materializan los derechos y garantías del Estado Social de Derecho y de Justicia y sirve de plataforma de organización, articulación y gestión de la política social en los distintos niveles territoriales del país, para dar mayor eficiencia y eficacia a las políticas sociales de la Revolución.', 9),
(56, 'Potenciar las expresiones culturales liberadoras del pueblo.', 9),
(57, 'Consolidar la equidad de género con valores socialistas, garantizando y respetando los derechos de todos y todas, y la diversidad social.', 9),
(58, 'Fomentar la inclusión y el vivir bien de los pueblos Indígenas.', 9),
(59, 'Propiciar las condiciones para el desarrollo de una cultura de recreación y práctica deportiva liberadora, ambientalista e integradora en torno a los valores de la Patria, como vía para la liberación de la conciencia, la paz y la convivencia armónica.', 9),
(60, 'Fortalecer el protagonismo de la juventud en el desarrollo y consolidación de la Revolución Bolivariana.', 9),
(61, 'Seguir avanzando en la transformación del sistema penitenciario para la prestación de un servicio que garantice los derechos humanos de las personas privadas de libertad y favorezca su inserción productiva en la sociedad.', 9),
(62, 'Continuar combatiendo la desigualdad a través de la erradicación de la pobreza extrema y disminución de la pobreza general, hacia su total eliminación.', 9),
(63, ' Asegurar la salud de la población desde la perspectiva de prevención y promoción de la calidad de vida, teniendo en cuenta los grupos sociales vulnerables, etarios, etnias, género, estratos y territorios sociales.', 9),
(64, 'Asegurar una alimentación saludable, una nutrición adecuada a lo largo del ciclo de vida y la lactancia materna, en concordancia con Ios mandatos constitucionales sobre salud, soberanía y seguridad alimentaria, profundizando y ampliando las condiciones que las garanticen:', 9),
(65, 'Continuar garantizando el derecho a la educación con calidad y pertinencia, a través del mejoramiento de las condiciones de ingreso, prosecución y egreso del sistema educativo.', 9),
(66, 'Consolidar las Misiones, Grandes Misiones Socialistas como instrumento revolucionario para nuevo Estado democrático, social de derecho y de justicia.', 9),
(67, 'Promover la construcción del Estado Social de Derecho y de Justicia a través de la consolidación y expansión del poder popular organizado.', 10),
(68, 'Impulsar la transformación del modelo económico rentístico hacia el nuevo modelo productivo diversificado y socialista, con participación protagónica de las instancias del Poder Popular.', 10),
(69, 'Garantizar la transferencia de competencias en torno a la gestión y administración de lo público desde las distintas instancias del Estado hacía las comunidades organizadas.', 10),
(70, 'Impulsar la corresponsabilidad del Poder Popular en la lucha por la inclusión social y erradicación de la pobreza.', 10),
(71, 'Consolidar la formación integral socialista, permanente y continua, en los diferentes procesos de socialización e intercambio de saberes del Poder Popular, fortaleciendo habilidades y estrategias para el ejercicio de lo público y el desarrollo socio-cultural y productivo de las comunidades.', 10),
(72, 'Preservar los valores bolivarianos liberadores, igualitarios, solidarios del pueblo venezolano y fomentar el desarrollo de una nueva ética socialista.', 11),
(73, 'Fortalecer la contraloría social, para mejorar el desempeño de la gestión pública, de las instancias del Poder Popular y las actividades privadas que afecten el interés colectivo.', 11),
(74, 'Desatar la potencia contenida en la Constitución Bolivariana para el ejercicio de la democracia participativa y protagónica.', 12),
(75, 'Desarrollar el Sistema Federal de Gobierno, basado en los principios de integridad territorial, económica y política de la Nación, mediante la participación protagónica del Poder Popular en las funciones de gobierno comunal y en la administración de los medios de producción de bienes y servicios de propiedad social.', 12),
(76, ' Acelerar la construcción de la nueva plataforma institucional del Estado, en el marco del nuevo modelo de Gestión Socialista Bolivariano.', 12),
(77, 'Impulsar una profunda, definitiva e impostergable revolución en el sistema de administración de Justicia, entre los Poderes Públicos y el Poder Popular, que garantice la igualdad de condiciones y oportunidades a toda la población a su acceso y aplicación.', 12),
(78, 'Desplegar en sobre marcha la Gran Misión A Toda Vida Venezuela concebida como una política integral de seguridad ciudadana, con el fin de transformar los factores de carácter estructural, situacional e institucional, generadores de la violencia y el delito, para reducirlos, aumentando la convivencia solidaria y el disfrute del pueblo al libre y seguro ejercicio de sus actividades familiares, comunales, sociales, formativas, laborales, sindicales, económicas, culturales y recreacionales.', 12),
(79, 'Fortalecer el Sistema Nacional de Planificación Pública y Popular para la construcción de la sociedad socialista de justicia y equidad, en el marco del nuevo Estado democrático y social de Derecho y de Justicia.', 12),
(80, 'Fortalecer el Sistema Estadístico Nacional en sus mecanismos, instancias y operaciones estadísticas.', 12),
(81, ' Impulsar el desarrollo de la normativa legal e Infraestructura necesaria para la consolidación de Gobierno Electrónico.', 12),
(82, 'Desarrollar la capacidad de producción del país en línea con las inmensas reservas de hidrocarburos, bajo el principio de la explotación racional y la política de conservación del recurso natural agotable y no renovable.', 13),
(83, 'Desarrollar la Faja Petrolífera del Orinoco, para alcanzar, mediante las reservas probadas, ya certificadas, una capacidad de producción total de  MMBD para el , en concordancia con los objetivos estratégicos de producción de crudo, bajo una política ambientalmente responsable.', 13),
(84, 'Mantener la producción en las áreas tradicionales de petróleo y gas.', 13),
(85, 'Desarrollar las reservas del Cinturón Gasífero en nuestro mar territorial. Incrementando la capacidad de producción y acelerando los esfuerzos exploratorios de nuestras reservas.', 13),
(86, 'Adecuar y expandir el circuito de refinación nacional para el incremento de la capacidad de procesamiento de hidrocarburos, en especifico crudo extra pesado de la Faja, desconcentrando territorialmente la manufactura de combustible y ampliando la cobertura territorial de abastecimiento de las refinerías.', 13),
(87, 'Expandir la infraestructura de transporte, almacenamiento y despacho de petróleo y gas, sobre la base de complementar los objetivos de seguridad energética de la Nación, la nueva geopolítica nacional y él incremento de la producción nacional de petróleo y gas.', 13),
(88, 'Fortalecer y expandir la industria petroquímica nacional.', 13),
(89, 'Desarrollar el complejo industrial conexo a la industria petrolera, gasífera y petroquímica para fortalecer y profundizar nuestra soberanía económica.', 13),
(90, 'Fortalecer y profundizar la soberanía tecnológica del sector hidrocarburos.', 13),
(91, 'Profundizar la diversificación de nuestros mercados internacionales de hidrocarburos, con el objetivo de utilizar la fortaleza de ser un país potencia energética, para desplegar nuestra propia geopolítica.', 13),
(92, 'Fortalecer y profundizar las capacidades operativas de PDVSA.', 13),
(93, 'Garantizar la Seguridad Energética del país, optimizando la eficiencia en la planificación estratégica y táctica, que permita minimizar los riesgos inherentes a los flujos energéticos en el territorio.', 13),
(94, 'Fortalecer al Estado en el control y gestión del sistema eléctrico nacional para su ampliación y consolidación.', 13),
(95, 'Fortalecer y profundizar la cooperación energética internacional.', 13),
(96, 'Contribuir al desarrollo del sistema económico nacional mediante la explotación y transformación racional sustentable de los recursos minerales, con el uso de tecnología de bajo impacto ambiental.', 13),
(97, 'Desarrollar el potencial minero nacional para la diversificación de las fuentes de empleo, ingresos y formas de propiedad social.', 13),
(98, 'Avanzar hacia la soberanía e independencia productiva en la construcción de redes estratégicas tanto para bienes esenciales como de generación de valor, a partir de nuestras ventajas comparativas.', 14),
(99, 'Aprovechar las ventajas de localización de nuestro país a escala continental y diversidad de regiones nacionales, a efecto dé fomentar su especialización productiva, asociada a ventajas comparativas de sectores estratégicos.', 14),
(100, 'Apropiar y desarrollar la técnica y tecnología como clave de la eficiencia y humanización del proceso productivo, andando eslabones de las cadenas productivas y desatando el potencial espacial de las mismas.', 14),
(101, 'Generar mecanismos de circulación del capital que construyan un nuevo metabolismo económico para el estimuló, funcionamiento y desarrollo de la industria nacional.', 14),
(102, 'Desarrollar, fortalecer e impulsar los eslabones productivos de la industria nacional identificados en proyectos de áreas prioritarias tales como automotriz, electrodomésticos, materiales de construcción, transformación de plástico y envases, química, hierro, acero, aluminio, entre otras,orientados por un mecanismo de planificación centralizada, sistema presupuestario y modelos de gestión eficientes y productivos cónsonos con la transición al socialismo.', 14),
(103, 'Fortalecer el sector turismo como estrategia de inclusión social que facilite y garantice al pueblo venezolano, fundamentalmente a las poblaciones más vulnerables, el acceso a su patrimonio turístico (destinos turísticos) y el disfrute de las infraestructuras turísticas del Estado en condiciones de precios justos y razonables.', 14),
(104, 'Desarrollar el sector turismo como una actividad productiva sustentable que genere excedentes que puedan redistribuirse para satisfacer las necesidades del pueblo.', 14),
(105, 'Fortalecer la industria militar venezolana.', 15),
(106, 'Desarrollar el sistema de adiestramiento con la doctrina militar Bolivariana para la Defensa Integral de la Patria.', 15),
(107, 'Mejorar y perfeccionar el sistema educativo de la Fuerza Armada Nacional y el Poder Popular, para fortalecer la unidad cívico militar en función de los intereses de la Patria.', 15),
(108, 'Profundizar la integración soberana nacional y la equidad socio-territorial a través de Ejes de Desarrollo Integral: Norte Llanero, Apure-Orinoco, Occidental y Oriental, Polos de Desarrollo Socialista, Distritos Motores de Desarrollo, las Zonas Económicas Especiales y REDIS.', 16),
(109, 'Mantener y garantizar el funcionamiento del Consejo Federal de Gobierno, las instancias que lo conforman, así como las formas de coordinación de políticas y acciones entre las entidades político-territoriales y las organizaciones de base del Poder Popular.', 16),
(110, 'Promover la creación del los Distritos Motores de Desarrollo, con la finalidad de impulsar proyectos económicos, sociales, científicos y tecnológicos destinados a lograr el desarrollo integral de las regiones y el fortalecimiento del Poder Popular, en aras de facilitar la transición hacia el socialismo.', 16),
(111, 'Mejorar e incrementar la infraestructura en las áreas de producción agrícola.', 16),
(112, 'Integrar el territorio nacional, mediante los corredores multimodales de infraestructura: transporte terrestre, ferroviario, aéreo, fluvial, energía eléctrica, gas, petróleo, agua y telecomunicaciones.', 16),
(113, 'Planificar desde el Gobierno Central y con protagonismo popular, el desarrollo urbano y rural de las ciudades existentes y de las nacientes a lo largo de nuestro territorio nacional.', 16),
(114, 'Reforzar y desarrollar mecanismos de control que permitan al Estado ejercer eficazmente su soberanía en el intercambio de bienes en las zonas fronterizas.', 16),
(115, 'Fortalecer la Alianza Bolivariana para los Pueblos de Nuestra América (ALBA) como el espacio vital de relacionamiento político de la Revolución Bolivariana.', 17),
(116, 'Fortalecer la iniciativa Petrocaribe como esquema de cooperación energética y social solidario.', 17),
(117, 'Fortalecer Mercosur como espacio de cooperación e integración social, política, económica, productiva y comercial.', 17),
(118, 'Consolidar la Unión de Naciones Suramericanas (Unasur) como espacio estratégico regional para la construcción del mundo pluripolar.', 17),
(119, 'Impulsar y fortalecer a la Comunidad de Estados Latinoamericanos y Caribeños (Celac), como mecanismo de unión de Nuestra América.', 17),
(120, 'Fortalecer las alianzas estratégicas bilaterales con los países de Nuestra América, como base para impulsar los esquemas de integración y unión subregionales y regionales', 17),
(121, 'Avanzar en la creación de encadenamientos económicos productivos y esquemas de financiamiento con América Latina y el Caribe, que fortalezcan la industria nacional y garanticen el suministro seguro de productos.', 17),
(122, 'Profundizar las alianzas estratégicas bilaterales existentes entre Venezuela y los países de la región, con especial énfasis en la cooperación con Brasil, Argentina y Uruguay, en las distintas áreas de complementación y cooperación en marcha.', 17),
(123, 'Impulsar el nuevo orden comunicacional! de Nuestra América, con especial énfasis en los nuevos sistemas y medios de información regionales y en el impulso de nuevas herramientas comunicacionales.', 17),
(124, 'Promover la resolución armoniosa y cooperativa de las delimitaciones pendientes, entendiendo la estabilización de las fronteras como un elemento de unidad y de paz.', 17),
(125, 'Consolidar la visión de la heterogeneidad y diversidad étnica de Venezuela y Nuestra América, bajo el respete e inclusión participativa y protagónica de las minorías y pueblos originarios.', 18),
(126, 'Crear y consolidar la institucionalidad nacional nuestroamericana en las organizaciones de cooperación e integración.', 18),
(127, 'Conformar una red de relaciones políticas con los polos de poder emergentes.', 19),
(128, 'Conformar un nuevo orden comunicacional del Sur.', 19),
(129, 'Impulsar la diplomacia de los pueblos y la participación protagónica de los movimientos populares organizados en la construcción de un mundo multipolar y en equilibrio.', 19),
(130, 'Deslindar a Venezuela de los mecanismos internacionales de dominación imperial.', 20),
(131, 'Reducir el relacionamiento económico y tecnológico con los centros imperiales de dominación a niveles que no comprometan la independencia nacional.', 20),
(132, 'Profundizar y ampliar el relacionamiento con los polos emergentes del mundo nuevo.', 20),
(133, 'Impulsar de manera colectiva la construcción y consolidación del socialismo como única opción frente al modelo depredador, discriminador e insostenible capitalista.', 21),
(134, 'Promover, a nivel nacional e internacional, una ética ecosocialista que impulse la transformación de los patrones insostenibles de producción y de consumo propios del sistema capitalista.', 21),
(135, 'Generar alternativas socio-productivas y nuevos esquemas de cooperación social, económica y financiera para el apalancamiento del ecososcialismo y el establecimiento de un comercio justo, bajo los principios de complementariedad, cooperación, soberanía y solidaridad.', 21),
(136, 'Impulsar la protección del ambiente, la eficiencia en la utilización de recursos y el logro de un desarrollo sostenible, implementando la reducción y el reúso en todas las actividades económicas públicas y privadas.', 21),
(137, 'Mejorar sustancialmente las condiciones socioambientales de las ciudades.', 21),
(138, 'Impulsar la generación de energías limpias, aumentando su participación en la matriz energética nacional y promoviendo la soberanía tecnológica.', 21),
(139, 'Promover acciones en el ámbito nacional e internacional para la protección, conservación y gestión sustentable de áreas estratégicas, tales como fuentes y reservones de agua dulce (superficial y subterránea), cuencas hidrográficas, diversidad biológica mares, océanos y bosques.', 22),
(140, 'Desmontar y luchar contra los esquemas internacionales que promueven la mercantilización de la naturaleza, de los servicios ambientales y de los ecosistemas.', 22),
(141, 'Promover la cooperación, a nivel regional, para el manejo integrado de los recursos naturales transfronterizos.', 22),
(142, 'Luchar contra la securitización de los problemas ambientales mundiales, para evitar la incorporación de los temas ambientales y humanos como temas de “Seguridad internacional” por parte de las potencias hegemónicas.', 22),
(143, 'Contrarrestar la producción y valorización de elementos culturales y relatos históricos generados desde la óptica neocolonial dominante, que circulan a través de los medios de comunicación e instituciones educativas y culturales, entre otras.', 23),
(144, 'Fortalecer y visibilizar los espacios de expresión y fomentar mecanismos de registro e interpretación de las culturas populares y de la memoria histórica venezolana y nuestroamericana.', 23),
(145, 'Promover una cultura ecosocialista, que revalorice el patrimonio histórico cultural venezolano y nuestroamericano.', 23),
(146, 'Elaborar estrategias de mantenimiento y difusión de las características culturales y de la memoria histórica del pueblo venezolano.', 23),
(147, 'Continuar la lucha por la preservación, el respeto y el fortalecimiento del régimen climático conformado por la Convención Marco de Naciones Unidas para el Cambio Climático y su Protocolo de Kyoto', 24),
(148, 'Diseñar un plan de mitigación que abarque los sectores productivos emisores de gases de efecto invernadero, como una contribución voluntaria nacional a los esfuerzos para salvar el planeta.', 24),
(149, 'Diseñar un plan nacional de adaptación que permita al país prepararse para los escenarios e impactos climáticos que se producirán debido a la irresponsabilidad de los países industrializados, contaminadores del mundo.', 24);

-- --------------------------------------------------------

--
-- Estructura de tabla para la tabla `objetivos_generales`
--

CREATE TABLE `objetivos_generales` (
  `id` int(11) NOT NULL,
  `objetivo_general` text NOT NULL,
  `objetivo_estrategico` int(11) NOT NULL
) ENGINE=InnoDB DEFAULT CHARSET=utf8 COMMENT='Objetivos generales - Area estrategica';

--
-- Volcado de datos para la tabla `objetivos_generales`
--

INSERT INTO `objetivos_generales` (`id`, `objetivo_general`, `objetivo_estrategico`) VALUES
(1, ' Consolidar la unidad de la clase trabajadora y de sus capas\nprofesionales, de los pequeños y medianos productores del campo y\nla ciudad; así como de los movimientos y organizaciones sociales\nque acompañan a la Revolución Bolivariana.\n', 1),
(2, ' Desplegar todas las acciones políticas necesarias para\ngarantizar los procesos electorales en un clima de estabilidad y lograr\nque se reconozca de manera pacífica la voluntad soberana de\nnuestro pueblo.', 1),
(3, ' Convocar a todos los sectores democráticos y honestos del\npaís a contribuir al desarrollo pacífico de los procesos electorales.', 1),
(4, ' Fortalecer y defender a los Poderes Públicos del Estado.', 2),
(5, ' Fortalecer la conciencia y la organización sectorial y territorial\nde nuestro pueblo para la defensa integral de la patria.', 2),
(6, ' Potenciar las capacidades de los organismos de Seguridad\nciudadana del Estado para garantizar la estabilidad política y la paz\nde la Nación.', 2),
(7, ' Formar a las organizaciones del Poder Popular en procesos\nde planificación, coordinación, control y administración de servicios\nque eleven el vivir bien.', 3),
(8, ' Fortalecer el Poder Popular en el ejercicio compartido de\nfunciones de planificación, elaboración, ejecución y seguimiento de\nlas políticas públicas.', 3),
(9, ' Transferir al Poder Popular, en corresponsabilidad,\ncompetencias, servicios y otras atribuciones del Poder Público\nnacional, regional y municipal.', 3),
(10, ' Garantizar la planificación, elaboración, ejecución y seguimiento participativo de las políticas regionales y locales, en consonancia con los objetivos del Plan de Desarrollo Económico y Social de la Nación.', 4),
(11, ' Garantizar el derecho del pueblo a estar informado veraz y oportunamente, así como al libre ejercicio de la información y\ncomunicación.', 5),
(12, ' Fortalecer el uso responsable y critico de los medios de\ncomunicación públicos, privados y comunitarios como instrumentos de formación de valores bolivarianos.', 5),
(13, ' Consolidar la regulación y contraloría social de los medios de comunicación como herramienta para el fortalecimiento del Poder Popular.\n', 5),
(14, ' Promover e impulsar un sistema nacional de comunicación popular.\n', 5),
(15, ' Fomentar la investigación y formación sobre la comunicación como proceso humano y herramienta de transformación y construcción social.\n', 5),
(16, ' Desarrollar redes de comunicación y medios de expresión de la palabra, la imagen y las voces de nuestros pueblos, con miras al fortalecimiento de los procesos de integración y unidad latinoamericana y caribeña.', 5),
(17, ' Actualizar y desarrollar de forma permanente las plataformas tecnológicas de comunicación e información, garantizando el acceso a la comunicación oportuna y ética a fin de contribuir a la satisfacción de las necesidades para el vivir bien de nuestro pueblo, entre otras.\n', 5),
(18, ' Consolidar la adecuación tecnológica del sistema público de comunicación con el marco de la implementación de la Televisión Digital Abierta y el uso de las nuevas TIC.', 5),
(19, ' Conformar un sistema de medios que contribuya a la\norganización sectorial para la defensa integral de la Patria, con\nénfasis en la consolidación de nuevos medios y formas de producir contenidos en la frontera con relevancia de los valores patrióticos y socialistas.', 5),
(20, ' Garantizar la hegemonía del Estado sobre la producción\nnacional de petróleo.\n', 6),
(21, ' Asegurar una participación mayoritaria de PDVSA en las\nempresas mixtas.', 7),
(22, ' Consolidar y fortalecer una empresa estatal para la\nexplotación de los recursos mineros.', 8);

-- --------------------------------------------------------

--
-- Estructura de tabla para la tabla `objetivos_historicos`
--

CREATE TABLE `objetivos_historicos` (
  `id` int(11) NOT NULL,
  `objetivo_historico` text NOT NULL
) ENGINE=InnoDB DEFAULT CHARSET=utf8 COMMENT='Objetivos historicos - Area estrategica';

--
-- Volcado de datos para la tabla `objetivos_historicos`
--

INSERT INTO `objetivos_historicos` (`id`, `objetivo_historico`) VALUES
(1, 'Defender expandir y consolidar el bien más preciado que hemos reconquistado después de 200 años: la independencia Nacional'),
(2, 'Continuar construyendo el socialismo bolivariano del siglo XXI, en Venezuela, como alternativa al sistema destructivo y salvaje del capitalismo y con ello asegurar “la mayor suma de felicidad posible, la mayor suma de seguridad social y la mayor suma de estabilidad política” para nuestro pueblo'),
(3, 'Convertir a Venezuela en un país potencia en lo social, lo económico y lo político dentro de la Gran Potencia Naciente de América Latina y el Caribe, que garanticen la conformación de una zona de paz en Nuestra América'),
(4, 'Contribuir al desarrollo de una nueva geopolítica internacional en la cual tome cuerpo el mundo multicéntrico y pluripolar que permita lograr el equilibrio del universo y garantizar la paz planetaria en el planeta'),
(5, 'Contribuir con la preservación de la vida en el planeta y la salvación de la especie humana');

-- --------------------------------------------------------

--
-- Estructura de tabla para la tabla `objetivos_nacionales`
--

CREATE TABLE `objetivos_nacionales` (
  `id` int(11) NOT NULL,
  `objetivo_nacional` text NOT NULL,
  `objetivo_historico` int(11) NOT NULL
) ENGINE=InnoDB DEFAULT CHARSET=utf8 COMMENT='Objetivos nacionales - Area estrategica';

--
-- Volcado de datos para la tabla `objetivos_nacionales`
--

INSERT INTO `objetivos_nacionales` (`id`, `objetivo_nacional`, `objetivo_historico`) VALUES
(1, 'Garantizar la continuidad y consolidación de la Revolución Bolivariana.', 1),
(2, 'Preservar y consolidar la soberanía sobre los recursos petroleros y demás recursos naturales estratégicos.', 1),
(3, 'Garantizar el manejo soberano del ingreso nacional.', 1),
(4, 'Lograr la soberanía alimentaria para garantizar el sagrado derecho a la alimentación de nuestro pueblo.', 1),
(5, 'Desarrollar nuestras capacidades científico-tecnológicas vinculadas a las necesidades del pueblo.', 1),
(6, 'Fortalecer el poder defensivo nacional para proteger la Independencia y la soberanía nacional, asegurando los recursos y riquezas de nuestro país para las futuras generaciones.', 1),
(7, 'Adecuar el aparato económico productivo, la infraestructura y los servicios del Estado incrementando la capacidad de respuesta a las necesidades del pueblo ante posibles estados de excepción en el marco de la Defensa Integral de la Nación.', 1),
(8, 'Propulsar la transformación del sistema económico, en función de la transición al socialismo bolivariano, trascendiendo el modelo rentista petrolero capitalista hacia el modelo económico productivo socialista, basado en el desarrollo de las fuerzas productivas.', 2),
(9, 'Construir una sociedad igualitaria y justa.', 2),
(10, 'Consolidar y expandir el poder popular y la democracia socialista. Alcanzar la soberanía plena, como garantía de irreversibilidad del proyecto bolivariano, es el propósito central del ejercido del poder por parte del pueblo consciente y organizado. La gestación y desarrollo de nuevas instancias de participación popular dan cuenta de como la Revolución Bolivariana avanza consolidando la hegemonía y el control de la orientación política, social, económica y cultural de la nación. El poder que habla sido secuestrado por la oligarquía va siendo restituido al pueblo, quien, de batalla en batalla y de victoria en victoria, ha aumentado su nivel de complejidad organizativa.', 2),
(11, 'Convocar y promover una nueva orientación ética, moral y espiritual de la sociedad, basada en los valores liberadores del socialismo.', 2),
(12, 'Lograr la irrupción definitiva del Nuevo Estado Democrático y Social, de Derecho y de Justicia.', 2),
(13, 'Consolidar el papel de Venezuela como Potencia Energética Mundial.', 3),
(14, 'Desarrollar el poderío económico en base al aprovechamiento óptimo de las potencialidades que ofrecen nuestros recursos para la generación de la máxima felicidad de nuestro pueblo, así como de las bases materiales para la construcción de nuestro socialismo bolivariano.', 3),
(15, 'Ampliar y conformar el poderío militar para la defensa de la Patria. Nuestra Patria promueve la cooperación pacifica entre las naciones, impulsa la integración latinoamericana y caribeña, el principio de autodeterminación de los pueblos y la no intervención en los asuntos internos de cada país, es por ello que el poderlo militar del país es netamente defensivo y disuasivo, que no amenaza a nadie ni tiene pretensiones invasoras, todo lo contrario somos promotores de la paz y de la integración latinoamericana y caribeña para contribuir con la defensa de nuestros pueblos, ello nos obliga a garantizar cada día el fortalecimiento de nuestras propias doctrinas y tecnologías militares que nos permitan ser una referencia pacifica en la región, adecuando nuestra industria militar a nuestras propias necesidades, derivadas de la realidad geoestratógica de nuestra Patria, valiéndonos de la cooperación con países amigos.', 3),
(16, 'Profundizar el desarrollo de la nueva geopolítica nacional.', 3),
(17, 'Continuar desempeñando un papel protagónico en la construcción de la unión latinoamericana y caribeña.', 4),
(18, 'Afianzar la identidad nacional y nuestro americana.', 4),
(19, 'Continuar impulsando el desarrollo de un mundo multicéntrico y pluripolar sin dominación imperial y con respeto a la autodeterminación de los pueblos', 4),
(20, 'Desmontar el sistema neocolonial de dominación imperial.', 4),
(21, 'Construir e impulsar el modelo económico productivo eco-socialista, basado en una relación armónica entre el hombre y la naturaleza, que garantice el uso y aprovechamiento racional, óptimo y sostenible de los recursos naturales, respetando los procesos y ciclos de la naturaleza.', 5),
(22, 'Proteger y defender la soberanía permanente del Estado sobre los recursos naturales para el beneficio supremo de nuestro Pueblo, que será su principal garante.', 5),
(23, 'Defender y proteger el patrimonio histórico y cultural venezolano y nuestroamericano.', 5),
(24, 'Contribuir a la conformación de un gran movimiento mundial para contener las causas y reparar los efectos de cambio climático que ocurren como consecuencia del modelo capitalista depredador.', 5);

-- --------------------------------------------------------

--
-- Estructura de tabla para la tabla `pais`
--

CREATE TABLE `pais` (
  `id` smallint(3) UNSIGNED ZEROFILL NOT NULL,
  `nombre` varchar(100) CHARACTER SET utf8 COLLATE utf8_unicode_ci NOT NULL
) ENGINE=InnoDB DEFAULT CHARSET=utf8;

--
-- Volcado de datos para la tabla `pais`
--

INSERT INTO `pais` (`id`, `nombre`) VALUES
(004, 'Afganistán'),
(008, 'Albania'),
(010, 'Antártida'),
(012, 'Argelia'),
(016, 'Samoa Americana'),
(020, 'Andorra'),
(024, 'Angola'),
(028, 'Antigua y Barbuda'),
(031, 'Azerbaiyán'),
(032, 'Argentina'),
(036, 'Australia'),
(040, 'Austria'),
(044, 'Bahamas'),
(048, 'Bahréin'),
(050, 'Bangladesh'),
(051, 'Armenia'),
(052, 'Barbados'),
(056, 'Bélgica'),
(060, 'Bermudas'),
(064, 'Bhután'),
(068, 'Bolivia'),
(070, 'Bosnia y Herzegovina'),
(072, 'Botsuana'),
(074, 'Isla Bouvet'),
(076, 'Brasil'),
(084, 'Belice'),
(086, 'Territorio Británico del Océano Índico'),
(090, 'Islas Salomón'),
(092, 'Islas Vírgenes Británicas'),
(096, 'Brunéi'),
(100, 'Bulgaria'),
(104, 'Myanmar'),
(108, 'Burundi'),
(112, 'Bielorrusia'),
(116, 'Camboya'),
(120, 'Camerún'),
(124, 'Canadá'),
(132, 'Cabo Verde'),
(136, 'Islas Caimán'),
(140, 'República Centroafricana'),
(144, 'Sri Lanka'),
(148, 'Chad'),
(152, 'Chile'),
(156, 'China'),
(158, 'Taiwán'),
(162, 'Isla de Navidad'),
(166, 'Islas Cocos'),
(170, 'Colombia'),
(174, 'Comoras'),
(175, 'Mayotte'),
(178, 'Congo'),
(180, 'República Democrática del Congo'),
(184, 'Islas Cook'),
(188, 'Costa Rica'),
(191, 'Croacia'),
(192, 'Cuba'),
(196, 'Chipre'),
(203, 'República Checa'),
(204, 'Benín'),
(208, 'Dinamarca'),
(212, 'Dominica'),
(214, 'República Dominicana'),
(218, 'Ecuador'),
(222, 'El Salvador'),
(226, 'Guinea Ecuatorial'),
(231, 'Etiopía'),
(232, 'Eritrea'),
(233, 'Estonia'),
(234, 'Islas Feroe'),
(238, 'Islas Malvinas'),
(239, 'Islas Georgias del Sur y Sandwich del Sur'),
(242, 'Fiyi'),
(246, 'Finlandia'),
(248, 'Islas Gland'),
(250, 'Francia'),
(254, 'Guayana Francesa'),
(258, 'Polinesia Francesa'),
(260, 'Territorios Australes Franceses'),
(262, 'Yibuti'),
(266, 'Gabón'),
(268, 'Georgia'),
(270, 'Gambia'),
(275, 'Palestina'),
(276, 'Alemania'),
(288, 'Ghana'),
(292, 'Gibraltar'),
(296, 'Kiribati'),
(300, 'Grecia'),
(304, 'Groenlandia'),
(308, 'Granada'),
(312, 'Guadalupe'),
(316, 'Guam'),
(320, 'Guatemala'),
(324, 'Guinea'),
(328, 'Guyana'),
(332, 'Haití'),
(334, 'Islas Heard y McDonald'),
(336, 'Ciudad del Vaticano'),
(340, 'Honduras'),
(344, 'Hong Kong'),
(348, 'Hungría'),
(352, 'Islandia'),
(356, 'India'),
(360, 'Indonesia'),
(364, 'Irán'),
(368, 'Iraq'),
(372, 'Irlanda'),
(376, 'Israel'),
(380, 'Italia'),
(384, 'Costa de Marfil'),
(388, 'Jamaica'),
(392, 'Japón'),
(398, 'Kazajstán'),
(400, 'Jordania'),
(404, 'Kenia'),
(408, 'Corea del Norte'),
(410, 'Corea del Sur'),
(414, 'Kuwait'),
(417, 'Kirguistán'),
(418, 'Laos'),
(422, 'Líbano'),
(426, 'Lesotho'),
(428, 'Letonia'),
(430, 'Liberia'),
(434, 'Libia'),
(438, 'Liechtenstein'),
(440, 'Lituania'),
(442, 'Luxemburgo'),
(446, 'Macao'),
(450, 'Madagascar'),
(454, 'Malaui'),
(458, 'Malasia'),
(462, 'Maldivas'),
(466, 'Malí'),
(470, 'Malta'),
(474, 'Martinica'),
(478, 'Mauritania'),
(480, 'Mauricio'),
(484, 'México'),
(492, 'Mónaco'),
(496, 'Mongolia'),
(498, 'Moldavia'),
(499, 'Montenegro'),
(500, 'Montserrat'),
(504, 'Marruecos'),
(508, 'Mozambique'),
(512, 'Omán'),
(516, 'Namibia'),
(520, 'Nauru'),
(524, 'Nepal'),
(528, 'Países Bajos'),
(530, 'Antillas Holandesas'),
(533, 'Aruba'),
(540, 'Nueva Caledonia'),
(548, 'Vanuatu'),
(554, 'Nueva Zelanda'),
(558, 'Nicaragua'),
(562, 'Níger'),
(566, 'Nigeria'),
(570, 'Niue'),
(574, 'Isla Norfolk'),
(578, 'Noruega'),
(580, 'Islas Marianas del Norte'),
(581, 'Islas Ultramarinas de Estados Unidos'),
(583, 'Micronesia'),
(584, 'Islas Marshall'),
(585, 'Palaos'),
(586, 'Pakistán'),
(591, 'Panamá'),
(598, 'Papúa Nueva Guinea'),
(600, 'Paraguay'),
(604, 'Perú'),
(608, 'Filipinas'),
(612, 'Islas Pitcairn'),
(616, 'Polonia'),
(620, 'Portugal'),
(624, 'Guinea-Bissau'),
(626, 'Timor Oriental'),
(630, 'Puerto Rico'),
(634, 'Qatar'),
(638, 'Reunión'),
(642, 'Rumania'),
(643, 'Rusia'),
(646, 'Ruanda'),
(654, 'Santa Helena'),
(659, 'San Cristóbal y Nieves'),
(660, 'Anguila'),
(662, 'Santa Lucía'),
(666, 'San Pedro y Miquelón'),
(670, 'San Vicente y las Granadinas'),
(674, 'San Marino'),
(678, 'Santo Tomé y Príncipe'),
(682, 'Arabia Saudí'),
(686, 'Senegal'),
(688, 'Serbia'),
(690, 'Seychelles'),
(694, 'Sierra Leona'),
(702, 'Singapur'),
(703, 'Eslovaquia'),
(704, 'Vietnam'),
(705, 'Eslovenia'),
(706, 'Somalia'),
(710, 'Sudáfrica'),
(716, 'Zimbabue'),
(724, 'España'),
(732, 'Sahara Occidental'),
(736, 'Sudán'),
(740, 'Surinam'),
(744, 'Svalbard y Jan Mayen'),
(748, 'Suazilandia'),
(752, 'Suecia'),
(756, 'Suiza'),
(760, 'Siria'),
(762, 'Tayikistán'),
(764, 'Tailandia'),
(768, 'Togo'),
(772, 'Tokelau'),
(776, 'Tonga'),
(780, 'Trinidad y Tobago'),
(784, 'Emiratos Árabes Unidos'),
(788, 'Túnez'),
(792, 'Turquía'),
(795, 'Turkmenistán'),
(796, 'Islas Turcas y Caicos'),
(798, 'Tuvalu'),
(800, 'Uganda'),
(804, 'Ucrania'),
(807, 'Macedonia'),
(818, 'Egipto'),
(826, 'Reino Unido'),
(834, 'Tanzania'),
(840, 'Estados Unidos'),
(850, 'Islas Vírgenes de los Estados Unidos'),
(854, 'Burkina Faso'),
(858, 'Uruguay'),
(860, 'Uzbekistán'),
(862, 'Venezuela'),
(876, 'Wallis y Futuna'),
(882, 'Samoa'),
(887, 'Yemen'),
(894, 'Zambia');

-- --------------------------------------------------------

--
-- Estructura de tabla para la tabla `parroquia`
--

CREATE TABLE `parroquia` (
  `id` int(11) NOT NULL,
  `nombre` varchar(45) CHARACTER SET latin1 NOT NULL,
  `id_municipio` int(11) NOT NULL
) ENGINE=InnoDB DEFAULT CHARSET=utf8;

-- --------------------------------------------------------

--
-- Estructura de tabla para la tabla `partida_especifica`
--

CREATE TABLE `partida_especifica` (
  `cuenta` char(1) NOT NULL,
  `partida` char(2) NOT NULL,
  `generica` char(2) NOT NULL,
  `especifica` char(2) NOT NULL,
  `nombre` text NOT NULL,
  `estatus` tinyint(1) NOT NULL
) ENGINE=InnoDB DEFAULT CHARSET=utf8;

--
-- Volcado de datos para la tabla `partida_especifica`
--

INSERT INTO `partida_especifica` (`cuenta`, `partida`, `generica`, `especifica`, `nombre`, `estatus`) VALUES
('3', '01', '01', '01', 'Impuesto sobre la renta a personas jurídicas', 1),
('3', '01', '01', '02', 'Impuesto sobre la renta a personas naturales', 1),
('3', '01', '01', '03', 'Impuestos sobre sucesiones, donaciones y demás ramos conexos', 1),
('3', '01', '01', '04', 'Reparos administrativos por impuesto sobre la renta a personas juridica', 1),
('3', '01', '01', '05', 'Reparos administrativos por impuesto sobre la renta a personas naturales', 1),
('3', '01', '01', '06', 'Reparos administrativos a impuesto sobre sucesiones, donaciones y demás ramos conexos', 1),
('3', '01', '02', '01', 'Impuestos de importación', 1),
('3', '01', '02', '02', 'Impuesto de exportación', 1),
('3', '01', '02', '03', 'Impuesto sobre la producción, el consumo y transacciones financieras', 1),
('3', '01', '02', '04', 'Impuestos a las actividades de juegos de envite o azar', 1),
('3', '01', '02', '05', 'Inmuebles urbanos', 1),
('3', '01', '02', '06', 'Participación en el impuesto a la propiedad rural', 1),
('3', '01', '02', '07', 'Patente de industria y comercio', 1),
('3', '01', '02', '08', 'Patente de vehículo', 1),
('3', '01', '02', '09', 'Propaganda comercial', 1),
('3', '01', '02', '10', 'Espectáculos públicos', 1),
('3', '01', '02', '11', 'Apuestas lícitas', 1),
('3', '01', '02', '12', 'Deudas morosas', 1),
('3', '01', '02', '99', 'Otros impuestos indirectos', 1),
('3', '01', '03', '01', 'Derechos de tránsito terrestre', 1),
('3', '01', '03', '02', 'Derechos a examen', 1),
('3', '01', '03', '03', 'Derechos de expedición, renovación y reválida de licencias', 1),
('3', '01', '03', '04', 'Derechos de registro y traspaso', 1),
('3', '01', '03', '05', 'Derechos de placas identificadoras', 1),
('3', '01', '03', '06', 'Derechos por revisión anual', 1),
('3', '01', '03', '07', 'Derechos por remoción o arrastre de vehículos', 1),
('3', '01', '03', '08', 'Derechos por estacionamiento de vehículos', 1),
('3', '01', '03', '09', 'Permiso para uso de rutas extraurbanas', 1),
('3', '01', '03', '10', 'Copias de documentos', 1),
('3', '01', '03', '11', 'Tasas para el uso de aeronaves y por licencias de personal aeronáutico', 1),
('3', '01', '03', '12', 'Tasas aeroportuarias', 1),
('3', '01', '03', '13', 'Tasas por uso de canales de navegación', 1),
('3', '01', '03', '14', 'Patente de navegación', 1),
('3', '01', '03', '15', 'Expedición de licencias de navegación', 1),
('3', '01', '03', '16', 'Servicio de telecomunicaciones', 1),
('3', '01', '03', '17', 'Permisos para estaciones privadas de radiocomunicaciones', 1),
('3', '01', '03', '18', 'Derechos de pilotajes', 1),
('3', '01', '03', '19', 'Habilitación de pilotaje', 1),
('3', '01', '03', '20', 'Servicios de remolcadores', 1),
('3', '01', '03', '21', 'Habilitación de remolcadores', 1),
('3', '01', '03', '22', 'Habilitación de capitanías de puerto', 1),
('3', '01', '03', '23', 'Otros servicios de capitanías de puerto', 1),
('3', '01', '03', '24', 'Tasas de faros y boyas', 1),
('3', '01', '03', '25', 'Servicios de aduana', 1),
('3', '01', '03', '26', 'Habilitación de aduanas', 1),
('3', '01', '03', '27', 'Derechos de almacenaje', 1),
('3', '01', '03', '28', 'Corretaje de bultos postales', 1),
('3', '01', '03', '29', 'Servicios de consulta sobre clasificación arancelaria, valoración aduanera y análisis de laboratorio', 1),
('3', '01', '03', '30', 'Bandas de garantía, cápsulas y sellos', 1),
('3', '01', '03', '31', 'Servicio de peaje', 1),
('3', '01', '03', '32', 'Servicio de riego y drenaje', 1),
('3', '01', '03', '33', 'Estampillas fiscales', 1),
('3', '01', '03', '34', 'Papel sellado', 1),
('3', '01', '03', '35', 'Derechos de traslado', 1),
('3', '01', '03', '36', 'Servicios sanitarios marítimos', 1),
('3', '01', '03', '37', 'Servicios hospitalarios', 1),
('3', '01', '03', '38', 'Venta de copias de planos', 1),
('3', '01', '03', '39', 'Derechos de contraste, verificación y estudios', 1),
('3', '01', '03', '40', 'Patente de pesca de perlas', 1),
('3', '01', '03', '41', 'Licencia de caza', 1),
('3', '01', '03', '42', 'Derechos de cancillería', 1),
('3', '01', '03', '43', 'Depósitos por el ingreso al país de extranjeros', 1),
('3', '01', '03', '44', 'Registro sanitario', 1),
('3', '01', '03', '45', 'Derechos de análisis de sustancias químicas', 1),
('3', '01', '03', '46', 'Derechos consulares', 1),
('3', '01', '03', '47', 'Matrícula para importar y exportar sustancias estupefacientes y psicotrópicas', 1),
('3', '01', '03', '48', 'Permisos municipales', 1),
('3', '01', '03', '49', 'Certificaciones y solvencias', 1),
('3', '01', '03', '50', 'Servicio de energía eléctrica', 1),
('3', '01', '03', '51', 'Servicio de distribución de agua', 1),
('3', '01', '03', '52', 'Servicio de gas doméstico', 1),
('3', '01', '03', '53', 'Mensura y deslinde', 1),
('3', '01', '03', '54', 'Aseo domiciliario', 1),
('3', '01', '03', '55', 'Matadero', 1),
('3', '01', '03', '56', 'Mercado', 1),
('3', '01', '03', '57', 'Cementerio', 1),
('3', '01', '03', '58', 'Terminal de pasajeros', 1),
('3', '01', '03', '59', 'Deudas morosas por tasas', 1),
('3', '01', '03', '99', 'Otros tipos de tasas', 1),
('3', '01', '04', '01', 'Sobre la plusvalía inmobiliaria', 1),
('3', '01', '04', '02', 'Contribuciones por mejoras', 1),
('3', '01', '04', '99', 'Otras contribuciones especiales', 1),
('3', '01', '05', '01', 'Ingresos por aportes patronales a la seguridad social', 1),
('3', '01', '05', '02', 'Contribuciones personales a la seguridad social', 1),
('3', '01', '06', '01', 'Regalías', 1),
('3', '01', '06', '02', 'Impuesto superficial de hidrocarburos', 1),
('3', '01', '06', '03', 'Impuesto de extracción', 1),
('3', '01', '06', '04', 'Impuesto de registro de exportación', 1),
('3', '01', '06', '05', 'Participación por azufre', 1),
('3', '01', '06', '06', 'Participación por coque', 1),
('3', '01', '06', '07', 'Ventajas especiales petroleras', 1),
('3', '01', '06', '99', 'Otros ingresos del dominio petrolero', 1),
('3', '01', '07', '01', 'Superficial minero', 1),
('3', '01', '07', '02', 'Impuesto de explotación', 1),
('3', '01', '07', '03', 'Ventajas especiales mineras', 1),
('3', '01', '07', '04', 'Regalía minera de oro', 1),
('3', '01', '08', '01', 'Impuesto superficial', 1),
('3', '01', '08', '02', 'Impuesto de explotación o aprovechamiento', 1),
('3', '01', '08', '03', 'Permiso o autorización para la explotación o aprovechamiento de los productos forestales', 1),
('3', '01', '08', '04', 'Autorización para deforestación', 1),
('3', '01', '08', '05', 'Autorización para movilizar productos forestales', 1),
('3', '01', '08', '06', 'Participación por la explotación en zonas de reserva forestal', 1),
('3', '01', '08', '07', 'Ventajas especiales por recursos forestales', 1),
('3', '01', '09', '01', 'Ingresos por la venta de bienes', 1),
('3', '01', '09', '02', 'Ingresos por la venta de servicios', 1),
('3', '01', '09', '99', 'Ingresos por la venta de otros bienes y servicios', 1),
('3', '01', '10', '01', 'Intereses por préstamos concedidos al sector privado', 1),
('3', '01', '10', '03', 'Intereses por préstamos concedidos al sector externo', 1),
('3', '01', '10', '04', 'Intereses por depósitos en instituciones financieras', 1),
('3', '01', '10', '05', 'Intereses de títulos y valores', 1),
('3', '01', '10', '06', 'Utilidades de acciones y participaciones de capital', 1),
('3', '01', '10', '07', 'Utilidades de explotación de juegos de azar', 1),
('3', '01', '10', '08', 'Alquileres', 1),
('3', '01', '10', '09', 'Derechos sobre bienes intangibles', 1),
('3', '01', '10', '10', 'Concesiones de bienes y servicios', 1),
('3', '01', '11', '01', 'Intereses moratorios', 1),
('3', '01', '11', '02', 'Reparos fiscales', 1),
('3', '01', '11', '03', 'Sanciones fiscales', 1),
('3', '01', '11', '04', 'Juicios y costas procesales', 1),
('3', '01', '11', '05', 'Beneficios en operaciones cambiarias', 1),
('3', '01', '11', '06', 'Utilidad por venta de activos', 1),
('3', '01', '11', '07', 'Intereses por financiamiento de deudas tributarias', 1),
('3', '01', '11', '08', 'Multas y recargos', 1),
('3', '01', '11', '09', 'Reparos administrativos al impuesto a los activos empresariales', 1),
('3', '01', '11', '10', 'Diversos reparos administrativos', 1),
('3', '01', '11', '11', 'Ingresos en tránsito', 1),
('3', '01', '11', '12', 'Reparos administrativos por impuestos municipales', 1),
('3', '01', '99', '01', 'Otros ingresos ordinarios', 1),
('3', '02', '01', '01', 'Colocación de títulos y valores de deuda pública interna a corto plazo', 1),
('3', '02', '01', '02', 'Obtención de préstamos internos a corto plazo', 1),
('3', '02', '01', '03', 'Colocación de títulos y valores de la deuda pública interna a largo plazo', 1),
('3', '02', '01', '04', 'Obtención de préstamos internos a largo plazo', 1),
('3', '02', '02', '01', 'Colocación de títulos y valores de la deuda pública externa a corto plazo', 1),
('3', '02', '02', '02', 'Obtención de préstamos externos a corto plazo', 1),
('3', '02', '02', '03', 'Colocación de títulos y valores de la deuda pública externa a largo plazo', 1),
('3', '02', '02', '04', 'Obtención de préstamos externos a largo plazo', 1),
('3', '02', '03', '01', 'Liquidación de entes descentralizados', 1),
('3', '02', '03', '02', 'Herencias vacantes y donaciones', 1),
('3', '02', '03', '03', 'Prima en colocación de títulos y valores de la deuda pública', 1),
('3', '02', '03', '05', 'Ingresos por procesos licitatorios', 1),
('3', '02', '04', '01', 'Reintegro proveniente de bonos de exportación', 1),
('3', '02', '04', '02', 'Reintegro de fondos efectuado por organismos públicos proveniente de bonos de exportación', 1),
('3', '02', '05', '01', 'Ingresos por obtención indebida de devoluciones o reintegros', 1),
('3', '02', '06', '01', 'Impuesto a las transacciones financieras', 1),
('3', '02', '06', '02', 'Reparos administrativos al impuesto a las transacciones financieras', 1),
('3', '02', '06', '03', 'Multas y recargos por el impuesto a las transacciones financieras', 1),
('3', '02', '99', '01', 'Otros ingresos extraordinarios', 1),
('3', '03', '01', '01', 'Venta de productos del sector industrial', 1),
('3', '03', '01', '02', 'Venta de productos del sector comercial', 1),
('3', '03', '02', '01', 'Venta bruta de servicios', 1),
('3', '03', '03', '01', 'Ingresos por inversiones en valores', 1),
('3', '03', '03', '02', 'Ingresos por cartera de créditos', 1),
('3', '03', '03', '03', 'Ingresos provenientes de la administración de fideicomisos', 1),
('3', '03', '03', '99', 'Otros ingresos financieros', 1),
('3', '03', '04', '01', 'Ingresos por inversiones en valores', 1),
('3', '03', '04', '02', 'Ingresos por cartera de créditos', 1),
('3', '03', '04', '03', 'Ingresos provenientes de la administración de fideicomisos', 1),
('3', '03', '04', '99', 'Otros ingresos financieros', 1),
('3', '03', '05', '01', 'Ingresos por operaciones de primas de seguro', 1),
('3', '03', '05', '02', 'Ingresos por operaciones de reaseguro', 1),
('3', '03', '05', '03', 'Ingresos por salvamento de siniestros', 1),
('3', '03', '05', '99', 'Otros ingresos por operaciones de seguro', 1),
('3', '03', '99', '01', 'Otros ingresos de operación', 1),
('3', '04', '01', '01', 'Subsidios para precios y tarifas', 1),
('3', '04', '02', '01', 'Incentivos a la exportación', 1),
('3', '04', '99', '01', 'Otros ingresos ajenos a la operación', 1),
('3', '05', '01', '01', 'Transferencias corrientes internas del sector privado', 1),
('3', '05', '01', '02', 'Donaciones corrientes internas del sector privado', 1),
('3', '05', '01', '03', 'Transferencias corrientes internas del sector público', 1),
('3', '05', '01', '04', 'Donaciones corrientes internas del sector público', 1),
('3', '05', '01', '05', 'Transferencias corrientes del exterior', 1),
('3', '05', '01', '06', 'Donaciones corrientes del exterior', 1),
('3', '05', '02', '01', 'Transferencias de capital internas del sector privado', 1),
('3', '05', '02', '02', 'Donaciones de capital internas del sector privado', 1),
('3', '05', '02', '03', 'Transferencias de capital internas del sector público', 1),
('3', '05', '02', '04', 'Donaciones de capital internas del sector público', 1),
('3', '05', '02', '05', 'Transferencias de capital del exterior', 1),
('3', '05', '02', '06', 'Donaciones de capital del exterior', 1),
('3', '05', '03', '01', 'Situado Constitucional', 1),
('3', '05', '03', '02', 'Situado Estadal a Municipal', 1),
('3', '05', '04', '01', 'Subsidio de Régimen Especial', 1),
('3', '05', '05', '01', 'Subsidio de Capitalidad', 1),
('3', '05', '06', '01', 'Asignaciones Económicas Especiales (LAEE) Estadal', 1),
('3', '05', '06', '02', 'Asignaciones Económicas Especiales (LAEE) Estadal a Municipal', 1),
('3', '05', '06', '03', 'Asignaciones Económicas Especiales (LAEE) Municipal', 1),
('3', '05', '06', '04', 'Asignaciones Económicas Especiales (LAEE) Fondo Nacional de los Consejos Comunales', 1),
('3', '05', '06', '05', 'Asignaciones Económicas Especiales (LAEE) Apoyo al Fortalecimiento Institucional', 1),
('3', '05', '07', '01', 'Fondo Intergubernamental para la Descentralización (FIDES)', 1),
('3', '05', '08', '01', 'Fondo de Compensación Interterritorial Estadal', 1),
('3', '05', '08', '02', 'Fondo de Compensación Interterritorial Municipal', 1),
('3', '05', '08', '03', 'Fondo de Compensación Interterritorial Poder Popular', 1),
('3', '05', '08', '04', 'Fondo de Compensación Interterritorial Fortalecimiento Institucional', 1),
('3', '05', '09', '01', 'Aportes del Sector Público al Poder Estadal por transferencia de servicios', 1),
('3', '05', '09', '02', 'Aportes del Sector Público al Poder Municipal por transferencia de servicios', 1),
('3', '05', '10', '01', 'Transferencias y donaciones corrientes de Organismos del Sector Público a los Consejos Comunales', 1),
('3', '05', '10', '02', 'Transferencias y donaciones de capital de Organismos del Sector Público a los Consejos Comunales', 1),
('3', '06', '01', '01', 'Venta y/o desincorporación de tierras y terrenos', 1),
('3', '06', '01', '02', 'Venta y/o desincorporación de edificios e instalaciones', 1),
('3', '06', '01', '03', 'Venta y/o desincorporación de maquinarias, equipos y semovientes', 1),
('3', '06', '02', '01', 'Venta de marcas de fábrica y patentes de invención', 1),
('3', '06', '02', '02', 'Venta de derechos de autor', 1),
('3', '06', '02', '03', 'Recuperación de gastos de organización', 1),
('3', '06', '02', '04', 'Venta de paquetes y programas de computación', 1),
('3', '06', '02', '05', 'Venta de estudios y proyectos', 1),
('3', '06', '02', '99', 'Venta de otros activos intangibles', 1),
('3', '06', '03', '01', 'Incremento de la depreciación acumulada', 1),
('3', '06', '03', '02', 'Incremento de la amortización acumulada', 1),
('3', '07', '01', '01', 'Venta de títulos y valores privados de corto plazo', 1),
('3', '07', '01', '02', 'Venta de títulos y valores públicos de corto plazo', 1),
('3', '07', '01', '03', 'Venta de títulos y valores externos de corto plazo', 1),
('3', '07', '02', '01', 'Venta de títulos y valores privados de largo plazo', 1),
('3', '07', '02', '02', 'Venta de títulos y valores públicos de largo plazo', 1),
('3', '07', '02', '03', 'Venta de títulos y valores externos de largo plazo', 1),
('3', '08', '01', '01', 'Venta de acciones y participaciones de capital del sector privado', 1),
('3', '08', '02', '01', 'Venta de acciones y participaciones de capital de entes descentralizados sin fines empresariales', 1),
('3', '08', '02', '02', 'Venta de acciones y participaciones de capital de instituciones de protección social', 1),
('3', '08', '02', '03', 'Venta de acciones y participaciones de capital de entes descentralizados con fines empresariales petroleros', 1),
('3', '08', '02', '04', 'Venta de acciones y participaciones de capital de entes descentralizados con fines empresariales no petroleros', 1),
('3', '08', '02', '05', 'Venta de acciones y participaciones de capital de entes descentralizados financieros bancarios', 1),
('3', '08', '02', '06', 'Venta de acciones y participaciones de capital de entes descentralizados financieros no bancarios', 1),
('3', '08', '03', '01', 'Venta de acciones y participaciones de capital de organismos internacionales', 1),
('3', '08', '03', '99', 'Venta de acciones y participaciones de capital de otros entes del sector externo', 1),
('3', '09', '01', '01', 'Recuperación de préstamos otorgados al sector privado de corto plazo', 1),
('3', '09', '02', '01', 'Recuperación de préstamos otorgados a la República de corto plazo', 1),
('3', '09', '02', '02', 'Recuperación de préstamos otorgados a entes descentralizados sin fines empresariales de corto plazo', 1),
('3', '09', '02', '03', 'Recuperación de préstamos otorgados a instituciones de protección social de corto plazo', 1),
('3', '09', '02', '04', 'Recuperación de préstamos otorgados a entes descentralizados con fines empresariales petroleros de corto plazo', 1),
('3', '09', '02', '05', 'Recuperación de préstamos otorgados a entes descentralizados con fines empresariales no petroleros de corto plazo', 1),
('3', '09', '02', '06', 'Recuperación de préstamos otorgados a entes descentralizados financieros bancarios de corto plazo', 1),
('3', '09', '02', '07', 'Recuperación de préstamos otorgados a entes descentralizados financieros no bancarios de corto plazo', 1),
('3', '09', '02', '08', 'Recuperación de préstamos otorgados al Poder Estadal de corto plazo', 1),
('3', '09', '02', '09', 'Recuperación de préstamos otorgados al Poder Municipal de corto plazo', 1),
('3', '09', '03', '01', 'Recuperación de préstamos otorgados a instituciones sin fines de lucro de corto plazo', 1),
('3', '09', '03', '02', 'Recuperación de préstamos otorgados a gobiernos extranjeros de corto plazo', 1),
('3', '09', '03', '03', 'Recuperación de préstamos otorgados a los organismos internacionales de corto plazo', 1),
('3', '10', '01', '01', 'Recuperación de préstamos otorgados al sector privado de largo plazo', 1),
('3', '10', '02', '01', 'Recuperación de préstamos otorgados a la República de largo plazo', 1),
('3', '10', '02', '02', 'Recuperación de préstamos otorgados a entes descentralizados sin fines empresariales de largo plazo', 1),
('3', '10', '02', '03', 'Recuperación de préstamos otorgados a instituciones de protección social de largo plazo', 1),
('3', '10', '02', '04', 'Recuperación de préstamos otorgados a entes descentralizados con fines empresariales petroleros de largo plazo', 1),
('3', '10', '02', '05', 'Recuperación de préstamos otorgados a entes descentralizados con fines empresariales no petroleros de largo plazo', 1),
('3', '10', '02', '06', 'Recuperación de préstamos otorgados a entes descentralizados financieros bancarios de largo plazo', 1),
('3', '10', '02', '07', 'Recuperación de préstamos otorgados a entes descentralizados financieros no bancarios de largo plazo', 1),
('3', '10', '02', '08', 'Recuperación de préstamos otorgados al Poder Estadal de largo plazo', 1),
('3', '10', '02', '09', 'Recuperación de préstamos otorgados al Poder Municipal de largo plazo', 1),
('3', '10', '03', '01', 'Recuperación de préstamos otorgados a instituciones sin fines de lucro de largo plazo', 1),
('3', '10', '03', '02', 'Recuperación de préstamos otorgados a gobiernos extranjeros de largo plazo', 1),
('3', '10', '03', '03', 'Recuperación de préstamos otorgados a organismos internacionales de largo plazo', 1),
('3', '11', '01', '01', 'Disminución de caja', 1),
('3', '11', '01', '02', 'Disminución de bancos', 1),
('3', '11', '01', '03', 'Disminución de inversiones temporales', 1),
('3', '11', '02', '01', 'Disminución de cuentas comerciales por cobrar a corto plazo', 1),
('3', '11', '02', '02', 'Disminución de rentas por recaudar a corto plazo', 1),
('3', '11', '02', '03', 'Disminución de deudas de cuentas por rendir a corto plazo', 1),
('3', '11', '02', '99', 'Disminución de otras cuentas por cobrar a corto plazo', 1),
('3', '11', '03', '01', 'Disminución de efectos comerciales por cobrar a corto plazo', 1),
('3', '11', '03', '99', 'Disminución de otros efectos por cobrar a corto plazo', 1),
('3', '11', '04', '01', 'Disminución de cuentas comerciales por cobrar a mediano y largo plazo', 1),
('3', '11', '04', '02', 'Disminución de rentas por recaudar a mediano y largo plazo', 1),
('3', '11', '04', '99', 'Disminución de otras cuentas por cobrar a mediano y largo plazo', 1),
('3', '11', '05', '01', 'Disminución de efectos comerciales por cobrar a mediano y largo plazo', 1),
('3', '11', '05', '99', 'Disminución de otros efectos por cobrar a mediano y largo plazo', 1),
('3', '11', '06', '01', 'Disminución de fondos en avance', 1),
('3', '11', '06', '02', 'Disminución de fondos en anticipo', 1),
('3', '11', '06', '03', 'Disminución de fondos en fideicomiso', 1),
('3', '11', '06', '04', 'Disminución de anticipos a proveedores', 1),
('3', '11', '06', '05', 'Disminución de anticipos a contratistas, por contratos a corto plazo', 1),
('3', '11', '06', '06', 'Disminución de anticipos a contratistas, por contratos a mediano y largo plazo', 1),
('3', '11', '07', '01', 'Disminución de gastos a corto plazo pagados por anticipado', 1),
('3', '11', '07', '02', 'Disminución de depósitos en garantía a corto plazo', 1),
('3', '11', '07', '99', 'Disminución de otros activos diferidos a corto plazo', 1),
('3', '11', '08', '01', 'Disminución de gastos a mediano y largo plazo pagados por anticipado', 1),
('3', '11', '08', '02', 'Disminución de depósitos en garantía a mediano y largo plazo', 1),
('3', '11', '08', '99', 'Disminución de otros activos diferidos a mediano y largo plazo', 1),
('3', '11', '09', '01', 'Disminución del Fondo de Estabilización Macroeconómica (FEM) de la República', 1),
('3', '11', '09', '02', 'Disminución del Fondo de Estabilización Macroeconómica (FEM) del Poder Estadal', 1),
('3', '11', '09', '03', 'Disminución del Fondo de Estabilización Macroeconómica (FEM) del Poder Municipal', 1),
('3', '11', '10', '01', 'Disminución del Fondo de Ahorro Intergeneracional', 1),
('3', '11', '12', '01', 'Disminución del Fondo de Aporte del Sector Público', 1),
('3', '11', '20', '01', 'Disminución de activos financieros en gestión judicial a mediano y largo plazo', 1),
('3', '11', '20', '02', 'Disminución de títulos y otros valores de la deuda pública en litigio a largo plazo', 1),
('3', '11', '99', '01', 'Disminución de otros activos financieros circulantes', 1),
('3', '11', '99', '02', 'Disminución de otros activos financieros no circulantes', 1),
('3', '12', '01', '01', 'Incremento de sueldos, salarios y otras remuneraciones por pagar', 1),
('3', '12', '02', '01', 'Incremento de aportes patronales y retenciones laborales por pagar al Instituto Venezolano de los Seguros Sociales (IVSS)', 1),
('3', '12', '02', '02', 'Incremento de aportes patronales y retenciones laborales por pagar al Instituto de Previsión Social del Ministerio de Educación (Ipasme)', 1),
('3', '12', '02', '03', 'Incremento de aportes patronales y retenciones laborales por pagar al Fondo de Jubilaciones', 1),
('3', '12', '02', '04', 'Incremento de aportes patronales y retenciones laborales por pagar al Fondo de Seguro de Paro Forzoso', 1),
('3', '12', '02', '05', 'Incremento de aportes patronales y retenciones laborales por pagar al Fondo de Ahorro Obligatorio para la Vivienda (FAOV)', 1),
('3', '12', '02', '06', 'Incremento de aportes patronales y retenciones laborales por pagar por seguro de vida, accidentes personales, hospitalización, cirugía y maternidad (HCM) y gastos funerarios', 1),
('3', '12', '02', '07', 'Incremento de aportes patronales y retenciones laborales por pagar a cajas de ahorro', 1),
('3', '12', '02', '08', 'Incremento de aportes patronales y retenciones laborales por pagar a los organismos de seguridad social', 1),
('3', '12', '02', '09', 'Incremento de aportes patronales y retenciones laborales por pagar al Instituto Nacional de Capacitación y Educación Socialista (Inces)', 1),
('3', '12', '02', '10', 'Incremento de aportes patronales y retenciones laborales por pagar por pensión alimenticia', 1),
('3', '12', '02', '99', 'Incremento de otros aportes patronales y otras retenciones laborales por pagar', 1),
('3', '12', '03', '01', 'Incremento de cuentas por pagar a proveedores a corto plazo', 1),
('3', '12', '03', '02', 'Incremento de efectos por pagar a proveedores a corto plazo', 1),
('3', '12', '03', '03', 'Incremento de cuentas por pagar a proveedores a mediano y largo plazo', 1),
('3', '12', '03', '04', 'Incremento de efectos por pagar a proveedores a mediano y largo plazo', 1),
('3', '12', '04', '01', 'Incremento de cuentas por pagar a contratistas a corto plazo', 1),
('3', '12', '04', '02', 'Incremento de efectos por pagar a contratistas a corto plazo', 1),
('3', '12', '04', '03', 'Incremento de cuentas por pagar a contratistas a mediano y largo plazo', 1),
('3', '12', '04', '04', 'Incremento de efectos por pagar a contratistas a mediano y largo plazo', 1),
('3', '12', '05', '01', 'Incremento de intereses internos por pagar', 1),
('3', '12', '05', '02', 'Incremento de intereses externos por pagar', 1),
('3', '12', '06', '01', 'Incremento de otras cuentas por pagar a corto plazo', 1),
('3', '12', '06', '02', 'Incremento de otras obligaciones de ejercicios anteriores por pagar', 1),
('3', '12', '06', '03', 'Incremento de otros efectos por pagar a corto plazo', 1),
('3', '12', '07', '01', 'Incremento de pasivos diferidos a corto plazo', 1),
('3', '12', '07', '02', 'Incremento de pasivos diferidos a mediano y largo plazo', 1),
('3', '12', '08', '01', 'Incremento de provisiones', 1),
('3', '12', '08', '02', 'Incremento de reservas técnicas', 1),
('3', '12', '09', '01', 'Incremento de depósitos recibidos en garantía', 1),
('3', '12', '09', '99', 'Incremento de otros fondos de terceros', 1),
('3', '12', '10', '01', 'Incremento de depósitos a la vista', 1),
('3', '12', '10', '02', 'Incremento de depósitos a plazo fijo', 1),
('3', '12', '11', '01', 'Incremento por reestructuración y/o refinanciamiento de la deuda pública interna de largo plazo en corto plazo', 1),
('3', '12', '11', '02', 'Incremento por reestructuración y/o refinanciamiento de la deuda pública interna de corto plazo en largo plazo', 1),
('3', '12', '11', '03', 'Incremento por reestructuración y/o refinanciamiento de la deuda pública externa de largo plazo en corto plazo', 1),
('3', '12', '11', '04', 'Incremento por reestructuración y/o refinanciamiento de la deuda pública externa de corto plazo en largo plazo', 1),
('3', '12', '11', '05', 'Incremento de la deuda pública por distribuir', 1),
('3', '12', '99', '01', 'Incremento de otros pasivos a corto plazo', 1),
('3', '12', '99', '02', 'Incremento de otros pasivos a mediano y largo plazo', 1),
('3', '13', '01', '01', 'Incremento del capital fiscal e institucional', 1),
('3', '13', '01', '02', 'Incremento de aportes por capitalizar', 1),
('3', '13', '01', '03', 'Incremento de dividendos a distribuir', 1),
('3', '13', '02', '01', 'Incremento de reservas', 1),
('3', '13', '03', '01', 'Ajustes por inflación', 1),
('3', '13', '04', '01', 'Incremento de resultados acumulados', 1),
('3', '13', '04', '02', 'Incremento de resultados del ejercicio', 1),
('4', '01', '01', '01', 'Sueldos básicos personal fijo a tiempo completo', 1),
('4', '01', '01', '02', 'Sueldos básicos personal fijo a tiempo parcial', 1),
('4', '01', '01', '03', 'Suplencias a empleados', 1),
('4', '01', '01', '08', 'Sueldo al personal en trámite de nombramiento', 1),
('4', '01', '01', '09', 'Remuneraciones al personal en período de disponibilidad', 1),
('4', '01', '01', '10', 'Salarios a obreros en puestos permanentes a tiempo completo', 1),
('4', '01', '01', '11', 'Salarios a obreros en puestos permanentes a tiempo parcial', 1),
('4', '01', '01', '12', 'Salarios a obreros en puestos no permanentes', 1),
('4', '01', '01', '13', 'Suplencias a obreros', 1),
('4', '01', '01', '18', 'Remuneraciones al personal contratado', 1),
('4', '01', '01', '19', 'Retribuciones por becas - salarios, bolsas de trabajo, pasantías y similares', 1),
('4', '01', '01', '20', 'Sueldo del personal militar profesional', 1),
('4', '01', '01', '21', 'Sueldo o ración del personal militar no profesional', 1),
('4', '01', '01', '22', 'Sueldo del personal militar de reserva', 1),
('4', '01', '01', '29', 'Dietas', 1),
('4', '01', '01', '30', 'Retribución al personal de reserva', 1),
('4', '01', '01', '35', 'Sueldo básico de los altos funcionarios y altas funcionarias del poder público y de elección popular', 1),
('4', '01', '01', '36', 'Sueldo básico del personal de alto nivel y de dirección', 1),
('4', '01', '01', '37', 'Dietas de los altos funcionarios y altas funcionarias del poder público y de elección popular', 1),
('4', '01', '01', '38', 'Dietas del personal de alto nivel y de dirección', 1),
('4', '01', '01', '99', 'Otras retribuciones', 1),
('4', '01', '02', '01', 'Compensaciones previstas en las escalas de sueldos al personal empleado fijo a tiempo completo', 1),
('4', '01', '02', '02', 'Compensaciones previstas en las escalas de sueldos al personal empleado fijo a tiempo parcial', 1),
('4', '01', '02', '03', 'Compensaciones previstas en las escalas de salarios al personal obrero fijo a tiempo completo', 1),
('4', '01', '02', '04', 'Compensaciones previstas en las escalas de salarios al personal obrero fijo a tiempo parcial', 1),
('4', '01', '02', '05', 'Compensaciones previstas en las escalas de sueldos al personal militar', 1),
('4', '01', '02', '06', 'Compensaciones previstas en las escalas de sueldos de los altos funcionarios y altas funcionarias del poder público y de elección popular', 1),
('4', '01', '02', '07', 'Compensaciones previstas en las escalas de sueldos del personal de alto nivel y de dirección', 1),
('4', '01', '03', '01', 'Primas por mérito a empleados', 1),
('4', '01', '03', '02', 'Primas de transporte a empleados', 1),
('4', '01', '03', '03', 'Primas por hogar a empleados', 1),
('4', '01', '03', '04', 'Primas por hijos a empleados', 1),
('4', '01', '03', '05', 'Primas por alquileres a empleados', 1),
('4', '01', '03', '06', 'Primas por residencia a empleados', 1),
('4', '01', '03', '07', 'Primas por categoría de escuelas a empleados', 1),
('4', '01', '03', '08', 'Primas de profesionalización a empleados', 1),
('4', '01', '03', '09', 'Primas por antigüedad a empleados', 1),
('4', '01', '03', '10', 'Primas por jerarquía o responsabilidad en el cargo', 1),
('4', '01', '03', '11', 'Primas al personal en servicio en el exterior', 1),
('4', '01', '03', '16', 'Primas por mérito a obreros', 1),
('4', '01', '03', '17', 'Primas de transporte a obreros', 1),
('4', '01', '03', '18', 'Primas por hogar a obreros', 1),
('4', '01', '03', '19', 'Primas por hijos de obreros', 1),
('4', '01', '03', '20', 'Primas por residencia a obreros', 1),
('4', '01', '03', '21', 'Primas por antigüedad a obreros', 1),
('4', '01', '03', '22', 'Primas de profesionalización a obreros', 1),
('4', '01', '03', '26', 'Primas por hijos al personal militar', 1),
('4', '01', '03', '27', 'Primas de profesionalización al personal militar', 1),
('4', '01', '03', '28', 'Primas por antigüedad al personal militar', 1),
('4', '01', '03', '29', 'Primas por potencial de ascenso al personal militar', 1),
('4', '01', '03', '30', 'Primas por frontera y sitios inhóspitos al personal militar y de seguridad', 1),
('4', '01', '03', '31', 'Primas por riesgo al personal militar y de seguridad', 1),
('4', '01', '03', '37', 'Primas de transporte al personal contratado', 1),
('4', '01', '03', '38', 'Primas por hogar al personal contratado', 1),
('4', '01', '03', '39', 'Primas por hijos al personal contratado', 1),
('4', '01', '03', '40', 'Primas de profesionalización al personal contratado', 1),
('4', '01', '03', '41', 'Primas por antigüedad al personal contratado', 1),
('4', '01', '03', '46', 'Primas a los altos funcionarios y altas funcionarias del poder público y de elección popular', 1),
('4', '01', '03', '47', 'Primas al personal de alto nivel y de dirección', 1),
('4', '01', '03', '94', 'Otras primas a los altos funcionarios y altas funcionarias del poder público y de elección popular', 1),
('4', '01', '03', '95', 'Otras primas al personal de alto nivel y de dirección', 1),
('4', '01', '03', '96', 'Otras primas al personal contratado', 1),
('4', '01', '03', '97', 'Otras primas a empleados', 1),
('4', '01', '03', '98', 'Otras primas a obreros', 1),
('4', '01', '03', '99', 'Otras primas al personal militar', 1),
('4', '01', '04', '01', 'Complemento a empleados por horas extraordinarias o por sobre tiempo', 1),
('4', '01', '04', '02', 'Complemento a empleados por trabajo nocturno', 1),
('4', '01', '04', '03', 'Complemento a empleados por gastos de alimentación', 1),
('4', '01', '04', '04', 'Complemento a empleados por gastos de transporte', 1),
('4', '01', '04', '05', 'Complemento a empleados por gastos de representación', 1),
('4', '01', '04', '06', 'Complemento a empleados por comisión de servicios', 1),
('4', '01', '04', '07', 'Bonificación a empleados', 1),
('4', '01', '04', '08', 'Bono compensatorio de alimentación a empleados', 1),
('4', '01', '04', '09', 'Bono compensatorio de transporte a empleados', 1),
('4', '01', '04', '10', 'Complemento a empleados por días feriados', 1),
('4', '01', '04', '14', 'Complemento a obreros por horas extraordinarias o por sobre tiempo', 1),
('4', '01', '04', '15', 'Complemento a obreros por trabajo o jornada nocturna', 1),
('4', '01', '04', '16', 'Complemento a obreros por gastos de alimentación', 1),
('4', '01', '04', '17', 'Complemento a obreros por gastos de transporte', 1),
('4', '01', '04', '18', 'Bono compensatorio de alimentación a obreros', 1),
('4', '01', '04', '19', 'Bono compensatorio de transporte a obreros', 1),
('4', '01', '04', '20', 'Complemento a obreros por días feriados', 1),
('4', '01', '04', '24', 'Complemento al personal contratado por horas extraordinarias o por sobre tiempo', 1),
('4', '01', '04', '25', 'Complemento al personal contratado por gastos de alimentación', 1),
('4', '01', '04', '26', 'Bono compensatorio de alimentación al personal contratado', 1),
('4', '01', '04', '27', 'Bono compensatorio de transporte al personal contratado', 1),
('4', '01', '04', '28', 'Complemento al personal contratado por días feriados', 1),
('4', '01', '04', '32', 'Complemento al personal militar por gastos de alimentación', 1),
('4', '01', '04', '33', 'Complemento al personal militar por gastos de transporte', 1),
('4', '01', '04', '34', 'Complemento al personal militar en el exterior', 1),
('4', '01', '04', '35', 'Bono compensatorio de alimentación al personal militar', 1),
('4', '01', '04', '43', 'Complemento a altos funcionarios y altas funcionarias del poder público y de elección popular por gastos de representación', 1),
('4', '01', '04', '44', 'Complemento a altos funcionarios y altas funcionarias del poder público y  de elección popular por comisión de servicios', 1),
('4', '01', '04', '45', 'Bonificación a altos funcionarios y altas funcionarias del poder público y de elección popular', 1),
('4', '01', '04', '46', 'Bono compensatorio de alimentación a altos funcionarios y altas funcionarias del poder público y de elección popular', 1),
('4', '01', '04', '47', 'Bono compensatorio de transporte a altos funcionarios y altas funcionarias del poder público y de elección popular', 1),
('4', '01', '04', '48', 'Complemento al personal de alto nivel y de dirección por gastos de representación', 1),
('4', '01', '04', '49', 'Complemento al personal de alto nivel y de dirección por comisión de servicios', 1),
('4', '01', '04', '50', 'Bonificación al personal de alto nivel y de dirección', 1),
('4', '01', '04', '51', 'Bono compensatorio de alimentación al personal de alto nivel y de dirección', 1),
('4', '01', '04', '52', 'Bono compensatorio de transporte al personal de alto nivel y de dirección', 1),
('4', '01', '04', '94', 'Otros complementos a altos funcionarios y altas funcionarias del sector público y de elección popular', 1),
('4', '01', '04', '95', 'Otros complementos al personal de alto nivel y de dirección', 1),
('4', '01', '04', '96', 'Otros complementos a empleados', 1),
('4', '01', '04', '97', 'Otros complementos a obreros', 1),
('4', '01', '04', '98', 'Otros complementos al personal contratado', 1),
('4', '01', '04', '99', 'Otros complementos al personal militar', 1),
('4', '01', '05', '01', 'Aguinaldos a empleados', 1),
('4', '01', '05', '02', 'Utilidades legales y convencionales a empleados', 1),
('4', '01', '05', '03', 'Bono vacacional a empleados', 1),
('4', '01', '05', '04', 'Aguinaldos a obreros', 1),
('4', '01', '05', '05', 'Utilidades legales y convencionales a obreros', 1),
('4', '01', '05', '06', 'Bono vacacional a obreros', 1),
('4', '01', '05', '07', 'Aguinaldos al personal contratado', 1),
('4', '01', '05', '08', 'Bono vacacional al personal contratado', 1),
('4', '01', '05', '09', 'Aguinaldos al personal militar', 1),
('4', '01', '05', '10', 'Bono vacacional al personal militar', 1),
('4', '01', '05', '13', 'Aguinaldos a altos funcionarios y altas funcionarias del poder público y de elección popular', 1),
('4', '01', '05', '14', 'Utilidades legales y convencionales a altos funcionarios y altas funcionarias del poder público y de elección popular', 1),
('4', '01', '05', '15', 'Bono vacacional a altos funcionarios y altas funcionarias del poder público y de elección popular', 1),
('4', '01', '05', '16', 'Aguinaldos al personal de alto nivel y de dirección', 1),
('4', '01', '05', '17', 'Utilidades legales y convencionales al personal de alto nivel y de dirección', 1),
('4', '01', '05', '18', 'Bono vacacional al personal de alto nivel y de dirección', 1),
('4', '01', '06', '01', 'Aporte patronal al Instituto Venezolano de los Seguros Sociales (IVSS) por empleados', 1),
('4', '01', '06', '02', 'Aporte patronal al Instituto de Previsión y Asistencia Social para el personal del Ministerio de Educación (Ipasme) por empleados', 1),
('4', '01', '06', '03', 'Aporte patronal al Fondo de Jubilaciones por empleados', 1),
('4', '01', '06', '04', 'Aporte patronal al Fondo de Seguro de Paro Forzoso por empleados', 1),
('4', '01', '06', '05', 'Aporte patronal al Fondo de Ahorro Obligatorio para la Vivienda por empleados', 1),
('4', '01', '06', '10', 'Aporte patronal al Instituto Venezolano de los Seguros Sociales (IVSS) por obreros', 1),
('4', '01', '06', '11', 'Aporte patronal al Fondo de Jubilaciones por obreros', 1),
('4', '01', '06', '12', 'Aporte patronal al Fondo de Seguro de Paro Forzoso por obreros', 1),
('4', '01', '06', '13', 'Aporte patronal al Fondo de Ahorro Obligatorio para la Vivienda por obreros', 1),
('4', '01', '06', '18', 'Aporte patronal a los organismos de seguridad social por los trabajadores locales empleados en las representaciones de Venezuela en el exterior', 1),
('4', '01', '06', '19', 'Aporte patronal al Fondo de Ahorro Obligatorio para la Vivienda por personal militar', 1),
('4', '01', '06', '25', 'Aporte legal al Instituto Venezolano de los Seguros Sociales (IVSS) por personal contratado', 1),
('4', '01', '06', '26', 'Aporte patronal al Fondo de Ahorro Obligatorio para la Vivienda por personal contratado', 1),
('4', '01', '06', '27', 'Aporte patronal al Fondo de Seguro de Paro Forzoso por personal contratado', 1),
('4', '01', '06', '31', 'Aporte patronal al Instituto Venezolano de los Seguros Sociales (IVSS) por altos funcionarios y altas funcionarias del poder público y de elección popular', 1),
('4', '01', '06', '32', 'Aporte patronal al Instituto de Previsión y Asistencia Social para el personal del Ministerio de Educación (Ipasme) por empleados personal del Ministerio de Educación (Ipasme) por altos funcionarios y altas funcionarias del poder público y de elección popular', 1),
('4', '01', '06', '33', 'Aporte patronal al Fondo de Jubilaciones por altos funcionarios y altas funcionarias del poder público y de elección popular', 1),
('4', '01', '06', '34', 'Aporte patronal al Fondo de Ahorro Obligatorio para la Vivienda por altos funcionarios y altas funcionarias del poder público y de elección popular', 1),
('4', '01', '06', '35', 'Aporte patronal al Fondo de Seguro de Paro Forzoso por altos funcionarios y altas funcionarias del poder público y de elección popular', 1),
('4', '01', '06', '39', 'Aporte patronal al Instituto Venezolano de los Seguros Sociales (IVSS) por personal de alto nivel y de dirección', 1),
('4', '01', '06', '40', 'Aporte patronal al Instituto de Previsión y Asistencia Social para el personal del Ministerio de Educación (Ipasme) por personal de alto nivel y de dirección', 1),
('4', '01', '06', '41', 'Aporte patronal al Fondo de Jubilaciones por personal de alto nivel y de dirección', 1),
('4', '01', '06', '42', 'Aporte patronal al Fondo de Ahorro Obligatorio para la Vivienda por personal de alto nivel y de dirección', 1),
('4', '01', '06', '43', 'Aporte patronal al Fondo de Seguro de Paro Forzoso por personal de alto nivel y de dirección', 1),
('4', '01', '06', '93', 'Otros aportes legales por altos funcionarios y altas funcionarias del poder público y de elección popular', 1),
('4', '01', '06', '94', 'Otros aportes legales por el personal de alto nivel y de dirección', 1),
('4', '01', '06', '95', 'Otros aportes legales por personal contratado', 1),
('4', '01', '06', '96', 'Otros aportes legales por empleados', 1),
('4', '01', '06', '97', 'Otros aportes legales por obreros', 1),
('4', '01', '06', '98', 'Otros aportes legales por personal militar', 1),
('4', '01', '07', '01', 'Capacitación y adiestramiento a empleados', 1),
('4', '01', '07', '02', 'Becas a empleados', 1),
('4', '01', '07', '03', 'Ayudas por matrimonio a empleados', 1),
('4', '01', '07', '04', 'Ayudas por nacimiento de hijos a empleados', 1),
('4', '01', '07', '05', 'Ayudas por defunción a empleados', 1),
('4', '01', '07', '06', 'Ayudas para medicinas, gastos médicos, odontológicos y de hospitalización a empleados', 1),
('4', '01', '07', '07', 'Aporte patronal a cajas de ahorro por empleados', 1),
('4', '01', '07', '08', 'Aporte patronal a los servicios de salud, accidentes personales y gastos funerarios por empleados', 1),
('4', '01', '07', '09', 'Ayudas a empleados para adquisición de uniformes y útiles escolares de sus hijos', 1),
('4', '01', '07', '10', 'Dotación de uniformes a empleados', 1),
('4', '01', '07', '11', 'Aporte patronal para gastos de guarderías y preescolar para hijos de empleados', 1),
('4', '01', '07', '12', 'Aportes para la adquisición de juguetes para los hijos del personal empleado', 1),
('4', '01', '07', '17', 'Capacitación y adiestramiento a obreros', 1),
('4', '01', '07', '18', 'Becas a obreros', 1),
('4', '01', '07', '19', 'Ayudas por matrimonio de obreros', 1),
('4', '01', '07', '20', 'Ayudas por nacimiento de hijos de obreros', 1),
('4', '01', '07', '21', 'Ayudas por defunción a obreros', 1),
('4', '01', '07', '22', 'Ayudas para medicinas, gastos médicos, odontológicos y de hospitalización a obreros', 1),
('4', '01', '07', '23', 'Aporte patronal a cajas de ahorro por obreros', 1),
('4', '01', '07', '24', 'Aporte patronal a los servicios de salud, accidentes personales y gastos funerarios por obreros', 1),
('4', '01', '07', '25', 'Ayudas a obreros para adquisición de uniformes y útiles escolares de sus hijos', 1),
('4', '01', '07', '26', 'Dotación de uniformes a obreros', 1),
('4', '01', '07', '27', 'Aporte patronal para gastos de guarderías y preescolar para hijos de obreros', 1),
('4', '01', '07', '28', 'Aportes para la adquisición de juguetes para los hijos del personal obrero', 1),
('4', '01', '07', '34', 'Capacitación y adiestramiento al personal militar', 1),
('4', '01', '07', '35', 'Becas al personal militar', 1),
('4', '01', '07', '36', 'Ayudas por matrimonio al personal militar', 1),
('4', '01', '07', '37', 'Ayudas por nacimiento de hijos al personal militar', 1),
('4', '01', '07', '38', 'Ayudas por defunción al personal militar', 1),
('4', '01', '07', '39', 'Ayudas para medicinas, gastos médicos, odontológicos y de hospitalización al personal militar', 1),
('4', '01', '07', '40', 'Aporte patronal a caja de ahorro por personal militar', 1),
('4', '01', '07', '41', 'Aporte patronal a los servicios de salud, accidentes personales y gastos funerarios personal militar', 1),
('4', '01', '07', '42', 'Ayudas al personal militar para adquisición de uniformes y útiles escolares de sus hijos', 1),
('4', '01', '07', '43', 'Aportes para la adquisición de juguetes para los hijos del personal militar', 1),
('4', '01', '07', '44', 'Aporte patronal para gastos de guarderías y preescolar para hijos del personal militar', 1),
('4', '01', '07', '52', 'Capacitación y adiestramiento a altos funcionarios y altas funcionarias del poder público y de elección popular', 1),
('4', '01', '07', '53', 'Ayudas por matrimonio a altos funcionarios y altas funcionarias del poder público y de elección popular', 1),
('4', '01', '07', '54', 'Ayudas por nacimiento de hijos altos funcionarios y altas funcionarias del poder público y de elección popular', 1),
('4', '01', '07', '55', 'Ayudas por defunción a altos funcionarios y altas funcionarias del poder público y de elección popular', 1),
('4', '01', '07', '56', 'Ayudas para medicinas, gastos médicos, odontológicos y de hospitalización a altos funcionarios y altas funcionarias del poder público y de elección popular', 1),
('4', '01', '07', '57', 'Aporte patronal a cajas de ahorro por altos funcionarios y altas funcionarias del poder público y de elección popular', 1),
('4', '01', '07', '58', 'Aporte patronal a los servicios de salud, accidentes personales y gastos funerarios por altos funcionarios y altas funcionarias del poder público y de elección popular', 1),
('4', '01', '07', '63', 'Capacitación y adiestramiento al personal de alto nivel y de dirección', 1),
('4', '01', '07', '64', 'Ayudas por matrimonio al personal de alto nivel y de dirección ', 1),
('4', '01', '07', '65', 'Ayudas por nacimiento de hijos al personal de alto nivel y de dirección', 1),
('4', '01', '07', '66', 'Ayudas por defunción al personal de alto nivel y de dirección', 1),
('4', '01', '07', '67', 'Ayudas para medicinas, gastos médicos, odontológicos y de hospitalización al personal de alto nivel y de dirección', 1),
('4', '01', '07', '68', 'Aporte patronal a cajas de ahorro por personal de alto nivel y de dirección', 1),
('4', '01', '07', '69', 'Aporte patronal a los servicios de salud, accidentes personales y gastos funerarios por personal de alto nivel y de dirección', 1),
('4', '01', '07', '74', 'Capacitación y adiestramiento al personal contratado', 1),
('4', '01', '07', '75', 'Becas al personal contratado', 1),
('4', '01', '07', '76', 'Ayudas por matrimonio al personal contratado', 1),
('4', '01', '07', '77', 'Ayudas por nacimiento de hijos al personal contratado', 1),
('4', '01', '07', '78', 'Ayudas por defunción al personal contratado', 1),
('4', '01', '07', '79', 'Ayudas para medicinas, gastos médicos, odontológicos y de hospitalización al personal contratado', 1),
('4', '01', '07', '80', 'Aporte patronal a cajas de ahorro por personal contratado', 1),
('4', '01', '07', '81', 'Aporte patronal a los servicios de salud, accidentes personales y gastos funerarios por personal contratado', 1),
('4', '01', '07', '82', 'Ayudas al personal contratado para adquisición de uniformes y útiles escolares de sus hijos', 1),
('4', '01', '07', '83', 'Dotación de uniformes al personal contratado', 1),
('4', '01', '07', '84', 'Aporte patronal para gastos de guarderías y preescolar para hijos del personal contratado', 1),
('4', '01', '07', '85', 'Aportes para la adquisición de juguetes para los hijos del personal contratado', 1),
('4', '01', '07', '94', 'Otras subvenciones a altos funcionarios y altas funcionarias del poder público y de elección popular', 1),
('4', '01', '07', '95', 'Otras subvenciones al personal de alto nivel y de dirección', 1),
('4', '01', '07', '96', 'Otras subvenciones a empleados', 1),
('4', '01', '07', '97', 'Otras subvenciones a obreros', 1),
('4', '01', '07', '98', 'Otras subvenciones al personal militar', 1),
('4', '01', '07', '99', 'Otras subvenciones al personal contratado', 1),
('4', '01', '08', '01', 'Prestaciones sociales e indemnizaciones a empleados', 1),
('4', '01', '08', '02', 'Prestaciones sociales e indemnizaciones a obreros', 1),
('4', '01', '08', '03', 'Prestaciones sociales e indemnizaciones al personal contratado', 1),
('4', '01', '08', '04', 'Prestaciones sociales e indemnizaciones al personal militar', 1),
('4', '01', '08', '06', 'Prestaciones sociales e indemnizaciones a altos funcionarios y altas funcionarias del poder público y de elección popular', 1),
('4', '01', '08', '07', 'Prestaciones sociales e indemnizaciones al personal de alto nivel y Prestaciones sociales e indemnizaciones al personal de alto nivel y de dirección', 1),
('4', '01', '09', '01', 'Capacitación y adiestramiento realizado por personal del organismo', 1),
('4', '01', '94', '01', 'Otros gastos de los altos funcionarios y altas funcionarias del poder público y de elección popular', 1),
('4', '01', '95', '01', 'Otros gastos del personal de alto nivel y de dirección', 1),
('4', '01', '96', '01', 'Otros gastos del personal empleado', 1),
('4', '01', '97', '01', 'Otros gastos del personal obrero', 1),
('4', '01', '98', '01', 'Otros gastos del personal militar', 1),
('4', '02', '01', '01', 'Alimentos y bebidas para personas', 1),
('4', '02', '01', '02', 'Alimentos para animales', 1),
('4', '02', '01', '03', 'Productos agrícolas y pecuarios', 1),
('4', '02', '01', '04', 'Productos de la caza y pesca', 1),
('4', '02', '01', '99', 'Otros productos alimenticios y agropecuarios', 1),
('4', '02', '02', '01', 'Carbón mineral', 1),
('4', '02', '02', '02', 'Petróleo crudo y gas natural', 1),
('4', '02', '02', '03', 'Mineral de hierro', 1),
('4', '02', '02', '04', 'Mineral no ferroso', 1),
('4', '02', '02', '05', 'Piedra, arcilla, arena y tierra', 1),
('4', '02', '02', '06', 'Mineral para la fabricación de productos químicos', 1),
('4', '02', '02', '07', 'Sal para uso industrial', 1),
('4', '02', '02', '99', 'Otros productos de minas, canteras y yacimientos', 1),
('4', '02', '03', '01', 'Textiles', 1),
('4', '02', '03', '02', 'Prendas de vestir', 1),
('4', '02', '03', '03', 'Calzados', 1),
('4', '02', '03', '99', 'Otros productos textiles y vestuarios', 1),
('4', '02', '04', '01', 'Cueros y pieles', 1),
('4', '02', '04', '02', 'Productos de cuero y sucedáneos del cuero', 1),
('4', '02', '04', '03', 'Cauchos y tripas para vehículos', 1),
('4', '02', '04', '99', 'Otros productos de cuero y caucho', 1),
('4', '02', '05', '01', 'Pulpa de madera, papel y cartón', 1),
('4', '02', '05', '02', 'Envases y cajas de papel y cartón', 1),
('4', '02', '05', '03', 'Productos de papel y cartón para oficina', 1),
('4', '02', '05', '04', 'Libros, revistas y periódicos', 1),
('4', '02', '05', '05', 'Material de enseñanza', 1),
('4', '02', '05', '06', 'Productos de papel y cartón para computación', 1),
('4', '02', '05', '07', 'Productos de papel y cartón para la imprenta y reproducción', 1),
('4', '02', '05', '99', 'Otros productos de pulpa, papel y cartón', 1);
INSERT INTO `partida_especifica` (`cuenta`, `partida`, `generica`, `especifica`, `nombre`, `estatus`) VALUES
('4', '02', '06', '01', 'Sustancias químicas y de uso industrial', 1),
('4', '02', '06', '02', 'Abonos, plaguicidas y otros', 1),
('4', '02', '06', '03', 'Tintas, pinturas y colorantes', 1),
('4', '02', '06', '04', 'Productos farmacéuticos y medicamentos', 1),
('4', '02', '06', '05', 'Productos de tocador', 1),
('4', '02', '06', '06', 'Combustibles y lubricantes', 1),
('4', '02', '06', '07', 'Productos diversos derivados del petróleo y del carbón', 1),
('4', '02', '06', '08', 'Productos plásticos', 1),
('4', '02', '06', '09', 'Mezclas explosivas', 1),
('4', '02', '06', '99', 'Otros productos de la industria química y conexos', 1),
('4', '02', '07', '01', 'Productos de barro, loza y porcelana', 1),
('4', '02', '07', '02', 'Vidrios y productos de vidrio', 1),
('4', '02', '07', '03', 'Productos de arcilla para construcción', 1),
('4', '02', '07', '04', 'Cemento, cal y yeso', 1),
('4', '02', '07', '99', 'Otros productos minerales no metálicos', 1),
('4', '02', '08', '01', 'Productos primarios de hierro y acero', 1),
('4', '02', '08', '02', 'Productos de metales no ferrosos', 1),
('4', '02', '08', '03', 'Herramientas menores, cuchillería y artículos generales de ferretería', 1),
('4', '02', '08', '04', 'Productos metálicos estructurales', 1),
('4', '02', '08', '05', 'Materiales de orden público, seguridad y defensa', 1),
('4', '02', '08', '07', 'Material de señalamiento', 1),
('4', '02', '08', '08', 'Material de educación', 1),
('4', '02', '08', '09', 'Repuestos y accesorios para equipos de transporte', 1),
('4', '02', '08', '10', 'Repuestos y accesorios para otros equipos', 1),
('4', '02', '08', '99', 'Otros productos metálicos', 1),
('4', '02', '09', '01', 'Productos primarios de madera', 1),
('4', '02', '09', '02', 'Muebles y accesorios de madera para edificaciones', 1),
('4', '02', '09', '99', 'Otros productos de madera', 1),
('4', '02', '10', '01', 'Artículos de deporte, recreación y juguetes', 1),
('4', '02', '10', '02', 'Materiales y útiles de limpieza y aseo', 1),
('4', '02', '10', '03', 'Utensilios de cocina y comedor', 1),
('4', '02', '10', '04', 'Útiles menores médico - quirúrgicos de laboratorio, dentales y de veterinaria', 1),
('4', '02', '10', '05', 'Útiles de escritorio, oficina y materiales de instrucción', 1),
('4', '02', '10', '06', 'Condecoraciones, ofrendas y similares', 1),
('4', '02', '10', '07', 'Productos de seguridad en el trabajo', 1),
('4', '02', '10', '08', 'Materiales para equipos de computación', 1),
('4', '02', '10', '09', 'Especies timbradas y valores', 1),
('4', '02', '10', '10', 'Útiles religiosos', 1),
('4', '02', '10', '11', 'Materiales eléctricos', 1),
('4', '02', '10', '12', 'Materiales para instalaciones sanitarias', 1),
('4', '02', '10', '13', 'Materiales fotográficos', 1),
('4', '02', '10', '99', 'Otros productos y útiles diversos', 1),
('4', '02', '11', '01', 'Productos y artículos para la venta', 1),
('4', '02', '11', '02', 'Maquinarias y equipos para la venta', 1),
('4', '02', '11', '03', 'Inmuebles para la venta', 1),
('4', '02', '11', '04', 'Tierras y terrenos para la venta', 1),
('4', '02', '11', '99', 'Otros bienes para la venta', 1),
('4', '02', '99', '01', 'Otros materiales y suministros', 1),
('4', '03', '01', '01', 'Alquileres de edificios y locales', 1),
('4', '03', '01', '02', 'Alquileres de edificios y locales', 1),
('4', '03', '01', '03', 'Alquileres de tierras y terrenos', 1),
('4', '03', '02', '01', 'Alquileres de maquinaria y demás equipos de construcción, campo, industria y taller', 1),
('4', '03', '02', '02', 'Alquileres de equipos de transporte, tracción y elevación', 1),
('4', '03', '02', '03', 'Alquileres de equipos de comunicaciones y de señalamiento', 1),
('4', '03', '02', '04', 'Alquileres de equipos médico - quirúrgicos, dentales y de veterinaria', 1),
('4', '03', '02', '05', 'Alquileres de equipos científicos, religiosos, de enseñanza y recreación', 1),
('4', '03', '02', '06', 'Alquileres de máquinas, muebles y demás equipos de oficina y alojamiento', 1),
('4', '03', '02', '99', 'Alquileres de otras maquinaria y equipos', 1),
('4', '03', '03', '01', 'Marcas de fábrica y patentes de invención', 1),
('4', '03', '03', '02', 'Derechos de autor', 1),
('4', '03', '03', '03', 'Paquetes y programas de computación', 1),
('4', '03', '03', '04', 'Concesión de bienes y servicios', 1),
('4', '03', '04', '01', 'Electricidad', 1),
('4', '03', '04', '02', 'Gas', 1),
('4', '03', '04', '03', 'Agua', 1),
('4', '03', '04', '04', 'Teléfonos', 1),
('4', '03', '04', '05', 'Servicio de comunicaciones', 1),
('4', '03', '04', '06', 'Servicio de aseo urbano y domiciliario', 1),
('4', '03', '04', '07', 'Servicio de condominio', 1),
('4', '03', '05', '01', 'Servicio de administración, vigilancia y mantenimiento del servicio de electricidad', 1),
('4', '03', '05', '02', 'Servicio de administración, vigilancia y mantenimiento del servicio de gas', 1),
('4', '03', '05', '03', 'Servicio de administración, vigilancia y mantenimiento del servicio de agua', 1),
('4', '03', '05', '04', 'Servicio de administración, vigilancia y mantenimiento del servicio de teléfonos', 1),
('4', '03', '05', '05', 'Servicio de administración, vigilancia y mantenimiento del servicio de comunicaciones', 1),
('4', '03', '05', '06', 'Servicio de administración, vigilancia y mantenimiento del servicio de aseo urbano y domiciliario', 1),
('4', '03', '06', '01', 'Fletes y embalajes', 1),
('4', '03', '06', '02', 'Almacenaje', 1),
('4', '03', '06', '03', 'Estacionamiento', 1),
('4', '03', '06', '04', 'Peaje', 1),
('4', '03', '06', '05', 'Servicios de protección en traslado de fondos y de mensajería', 1),
('4', '03', '07', '01', 'Publicidad y propaganda', 1),
('4', '03', '07', '02', 'Imprenta y reproducción', 1),
('4', '03', '07', '03', 'Relaciones sociales', 1),
('4', '03', '07', '04', 'Avisos', 1),
('4', '03', '08', '01', 'Primas y gastos de seguros', 1),
('4', '03', '08', '02', 'Comisiones y gastos bancarios', 1),
('4', '03', '08', '03', 'Comisiones y gastos de adquisición de seguros', 1),
('4', '03', '09', '01', 'Viáticos y pasajes dentro del país', 1),
('4', '03', '09', '02', 'Viáticos y pasajes fuera del país', 1),
('4', '03', '09', '03', 'Asignación por kilómetros recorridos', 1),
('4', '03', '10', '01', 'Servicios jurídicos', 1),
('4', '03', '10', '02', 'Servicios de contabilidad y auditoría', 1),
('4', '03', '10', '03', 'Servicios de procesamiento de datos', 1),
('4', '03', '10', '04', 'Servicios de ingeniería y arquitectónicos', 1),
('4', '03', '10', '05', 'Servicios médicos, odontológicos y otros servicios de sanidad', 1),
('4', '03', '10', '06', 'Servicios de veterinaria', 1),
('4', '03', '10', '07', 'Servicios de capacitación y adiestramiento', 1),
('4', '03', '10', '08', 'Servicios presupuestarios', 1),
('4', '03', '10', '09', 'Servicios de lavandería y tintorería', 1),
('4', '03', '10', '10', 'Servicios de vigilancia y seguridad', 1),
('4', '03', '10', '11', 'Servicios para la elaboración y suministro de comida', 1),
('4', '03', '10', '99', 'Otros servicios profesionales y técnicos', 1),
('4', '03', '11', '01', 'Conservación y reparaciones menores de maquinaria y demás equipos de construcción, campo, industria y taller', 1),
('4', '03', '11', '02', 'Conservación y reparaciones menores de equipos de transporte, tracción y elevación', 1),
('4', '03', '11', '03', 'Conservación y reparaciones menores de equipos de comunicaciones y de señalamiento', 1),
('4', '03', '11', '04', 'Conservación y reparaciones menores de equipos médicoquirúrgicos dentales y de veterinaria', 1),
('4', '03', '11', '05', 'Conservación y reparaciones menores de equipos científicos, religiosos, de enseñanza y recreación', 1),
('4', '03', '11', '06', 'Conservación y reparaciones menores de equipos y armamentos de orden público, seguridad y defensa nacional', 1),
('4', '03', '11', '07', 'Conservación y reparaciones menores de máquinas, muebles y demás equipos de oficina y alojamiento', 1),
('4', '03', '11', '99', 'Conservación y reparaciones menores de otras maquinaria y equipos', 1),
('4', '03', '12', '01', 'Conservación y reparaciones menores de obras en bienes del dominio privado', 1),
('4', '03', '12', '02', 'Conservación y reparaciones menores de obras en bienes del dominio público', 1),
('4', '03', '13', '01', 'Servicios de construcciones temporales', 1),
('4', '03', '14', '01', 'Servicios de construcción de edificaciones para la venta', 1),
('4', '03', '15', '01', 'Derechos de importación y servicios aduaneros', 1),
('4', '03', '15', '02', 'Tasas y otros derechos obligatorios', 1),
('4', '03', '15', '03', 'Asignación a agentes de especies fiscales', 1),
('4', '03', '15', '99', 'Otros servicios fiscales', 1),
('4', '03', '16', '01', 'Servicios de diversión, esparcimiento y culturales', 1),
('4', '03', '17', '01', 'Servicios de gestión administrativa prestados por organismos de asistencia técnica', 1),
('4', '03', '18', '01', 'Impuesto al valor agregado', 1),
('4', '03', '18', '99', 'Otros impuestos indirectos', 1),
('4', '03', '19', '01', 'Comisiones por servicios para cumplir con los beneficios sociales', 1),
('4', '03', '99', '01', 'Otros servicios no personales', 1),
('4', '04', '01', '01', 'Repuestos mayores', 1),
('4', '04', '01', '02', 'Reparaciones, mejoras y adiciones mayores de maquinaria y equipos', 1),
('4', '04', '02', '01', 'Conservación, ampliaciones y mejoras mayores de obras en bienes del dominio privado', 1),
('4', '04', '02', '02', 'Conservación, ampliaciones y mejoras mayores de obras en bienes del dominio público', 1),
('4', '04', '03', '01', 'Maquinaria y demás equipos de construcción y mantenimiento', 1),
('4', '04', '03', '02', 'Maquinaria y equipos para mantenimiento de automotores', 1),
('4', '04', '03', '03', 'Maquinaria y equipos agrícolas y pecuarios', 1),
('4', '04', '03', '04', 'Maquinaria y equipos de artes gráficas y reproducción', 1),
('4', '04', '03', '05', 'Maquinaria y equipos industriales y de taller', 1),
('4', '04', '03', '06', 'Maquinaria y equipos de energía', 1),
('4', '04', '03', '07', 'Maquinaria y equipos de riego y acueductos', 1),
('4', '04', '03', '08', 'Equipos de almacén', 1),
('4', '04', '03', '99', 'Otra maquinaria y demás equipos de construcción, campo, industria y taller', 1),
('4', '04', '04', '01', 'Vehículos automotores terrestres', 1),
('4', '04', '04', '02', 'Equipos ferroviarios y de cables aéreos', 1),
('4', '04', '04', '03', 'Equipos marítimos de transporte', 1),
('4', '04', '04', '04', 'Equipos aéreos de transporte', 1),
('4', '04', '04', '05', 'Vehículos de tracción no motorizados', 1),
('4', '04', '04', '06', 'Equipos auxiliares de transporte', 1),
('4', '04', '04', '99', 'Otros equipos de transporte, tracción y elevación', 1),
('4', '04', '05', '01', 'Equipos de telecomunicaciones', 1),
('4', '04', '05', '02', 'Equipos de señalamiento', 1),
('4', '04', '05', '03', 'Equipos de control de tráfico aéreo', 1),
('4', '04', '05', '04', 'Equipos de correo', 1),
('4', '04', '05', '99', 'Otros equipos de comunicaciones y de señalamiento', 1),
('4', '04', '06', '01', 'Equipos médico - quirúrgicos, dentales y de veterinaria', 1),
('4', '04', '06', '99', 'Otros equipos médico - quirúrgicos, dentales y de veterinaria', 1),
('4', '04', '07', '01', 'Equipos científicos y de laboratorio', 1),
('4', '04', '07', '02', 'Equipos de enseñanza, deporte y recreación', 1),
('4', '04', '07', '03', 'Obras de arte', 1),
('4', '04', '07', '04', 'Libros, revistas y otros instrumentos de enseñanzas', 1),
('4', '04', '07', '05', 'Equipos religiosos', 1),
('4', '04', '07', '06', 'Instrumentos musicales y equipos de audio', 1),
('4', '04', '07', '99', 'Otros equipos científicos, religiosos, de enseñanza y recreación', 1),
('4', '04', '08', '01', 'Equipos y armamentos de orden público, seguridad y defensa nacional', 1),
('4', '04', '08', '02', 'Equipos y armamentos de seguridad para la custodia y resguardo personal', 1),
('4', '04', '08', '99', 'Otros equipos y armamentos de orden público, seguridad y defensa', 1),
('4', '04', '09', '01', 'Mobiliario y equipos de oficina', 1),
('4', '04', '09', '02', 'Equipos de computación', 1),
('4', '04', '09', '03', 'Mobiliario y equipos de alojamiento', 1),
('4', '04', '09', '99', 'Otras máquinas, muebles y demás equipos de oficina y alojamiento', 1),
('4', '04', '10', '01', 'Semovientes', 1),
('4', '04', '11', '01', 'Adquisición de tierras y terrenos', 1),
('4', '04', '11', '02', 'Adquisición de edificios e instalaciones', 1),
('4', '04', '11', '03', 'Expropiación de tierras y terrenos', 1),
('4', '04', '11', '04', 'Expropiación de edificios e instalaciones', 1),
('4', '04', '11', '05', 'Adquisición de maquinaria y equipos usados', 1),
('4', '04', '12', '01', 'Marcas de fábrica y patentes de invención', 1),
('4', '04', '12', '02', 'Derechos de autor', 1),
('4', '04', '12', '03', 'Gastos de organización', 1),
('4', '04', '12', '04', 'Paquetes y programas de computación', 1),
('4', '04', '12', '05', 'Estudios y proyectos', 1),
('4', '04', '12', '99', 'Otros activos intangibles', 1),
('4', '04', '13', '01', 'Estudios y proyectos aplicables a bienes del dominio privado', 1),
('4', '04', '13', '02', 'Estudios y proyectos aplicables a bienes del dominio público', 1),
('4', '04', '14', '01', 'Contratación de inspección de obras de bienes del dominio privado', 1),
('4', '04', '14', '02', 'Contratación de inspección de obras de bienes del dominio público', 1),
('4', '04', '15', '01', 'Construcciones de edificaciones médico-asistenciales', 1),
('4', '04', '15', '02', 'Construcciones de edificaciones militares y de seguridad', 1),
('4', '04', '15', '03', 'Construcciones de edificaciones educativas, religiosas y recreativas', 1),
('4', '04', '15', '04', 'Construcciones de edificaciones culturales y deportivas', 1),
('4', '04', '15', '05', 'Construcciones de edificaciones para oficina', 1),
('4', '04', '15', '06', 'Construcciones de edificaciones industriales', 1),
('4', '04', '15', '07', 'Construcciones de edificaciones habitacionales', 1),
('4', '04', '15', '99', 'Otras construcciones del dominio privado', 1),
('4', '04', '16', '01', 'Construcción de vialidad', 1),
('4', '04', '16', '02', 'Construcción de plazas, parques y similares', 1),
('4', '04', '16', '03', 'Construcciones de instalaciones hidráulicas', 1),
('4', '04', '16', '04', 'Construcciones de puertos y aeropuertos', 1),
('4', '04', '16', '99', 'Otras construcciones del dominio público', 1),
('4', '04', '99', '01', 'Otros activos reales', 1),
('4', '05', '01', '01', 'Aportes en acciones y participaciones de capital al sector privado', 1),
('4', '05', '01', '02', 'Aportes en acciones y participaciones de capital al sector público', 1),
('4', '05', '01', '03', 'Aportes en acciones y participaciones de capital al sector externo', 1),
('4', '05', '02', '01', 'Adquisición de títulos y valores a corto plazo', 1),
('4', '05', '02', '02', 'Adquisición de títulos y valores a largo plazo', 1),
('4', '05', '03', '01', 'Concesión de préstamos al sector público a corto plazo', 1),
('4', '05', '03', '02', 'Concesión de préstamos al sector público a corto plazo', 1),
('4', '05', '03', '03', 'Concesión de préstamos al sector externo a corto plazo', 1),
('4', '05', '04', '01', 'Concesión de préstamos al sector privado a largo plazo', 1),
('4', '05', '04', '02', 'Concesión de préstamos al sector público a largo plazo', 1),
('4', '05', '04', '03', 'Concesión de préstamos al sector externo a largo plazo', 1),
('4', '05', '05', '01', 'Incremento en caja', 1),
('4', '05', '05', '02', 'Incremento en bancos', 1),
('4', '05', '05', '03', 'Incremento de inversiones temporales', 1),
('4', '05', '06', '01', 'Incremento de cuentas comerciales por cobrar a corto plazo', 1),
('4', '05', '06', '02', 'Incremento de rentas por recaudar a corto plazo', 1),
('4', '05', '06', '03', 'Incremento de deudas por rendir', 1),
('4', '05', '06', '99', 'Incremento de otras cuentas por cobrar a corto plazo', 1),
('4', '05', '07', '01', 'Incremento de efectos comerciales por cobrar a corto plazo', 1),
('4', '05', '07', '99', 'Incremento de otros efectos por cobrar a corto plazo', 1),
('4', '05', '08', '01', 'Incremento de cuentas comerciales por cobrar a mediano y largo plazo', 1),
('4', '05', '08', '02', 'Incremento de rentas por recaudar a mediano y largo plazo', 1),
('4', '05', '08', '99', 'Incremento de otras cuentas por cobrar a mediano y largo plazo', 1),
('4', '05', '09', '01', 'Incremento de efectos comerciales por cobrar a mediano y largo plazo', 1),
('4', '05', '09', '99', 'Incremento de otros efectos por cobrar a mediano y largo plazo', 1),
('4', '05', '10', '01', 'Incremento de fondos en avance', 1),
('4', '05', '10', '02', 'Incremento de fondos en anticipos', 1),
('4', '05', '10', '03', 'Incremento de fondos en fideicomiso', 1),
('4', '05', '10', '04', 'Incremento de anticipos a proveedores', 1),
('4', '05', '10', '05', 'Incremento de anticipos a contratistas por contratos de corto plazo', 1),
('4', '05', '10', '06', 'Incremento de anticipos a contratistas por contratos de mediano y largo plazo', 1),
('4', '05', '11', '01', 'Incremento de gastos a corto plazo pagados por anticipado', 1),
('4', '05', '11', '02', 'Incremento de depósitos otorgados en garantía a corto plazo', 1),
('4', '05', '11', '99', 'Incremento de otros activos diferidos a corto plazo', 1),
('4', '05', '12', '01', 'Incremento de gastos a mediano y largo plazo pagados por anticipado', 1),
('4', '05', '12', '02', 'Incremento de depósitos otorgados en garantía a mediano y largo plazo', 1),
('4', '05', '12', '99', 'Incremento de otros activos diferidos a mediano y largo plazo', 1),
('4', '05', '13', '01', 'Incremento del Fondo de Estabilización Macroeconómica (FEM) de la República', 1),
('4', '05', '13', '02', 'Incremento del Fondo de Estabilización Macroeconómica (FEM) del Poder Estadal', 1),
('4', '05', '13', '03', 'Incremento del Fondo de Estabilización Macroeconómica (FEM) del Poder Municipal', 1),
('4', '05', '14', '01', 'Incremento del Fondo de Ahorro Intergeneracional', 1),
('4', '05', '16', '01', 'Incremento del Fondo de Aportes del Sector Público', 1),
('4', '05', '20', '01', 'Incremento de otros activos financieros circulantes', 1),
('4', '05', '21', '01', 'Incremento de activos en gestión judicial a mediano y largo plazo', 1),
('4', '05', '21', '02', 'Incremento de títulos y otros valores de la deuda pública en litigio a largo plazo', 1),
('4', '05', '21', '99', 'Incremento de otros activos financieros no circulantes', 1),
('4', '05', '99', '01', 'Otros activos financieros', 1),
('4', '06', '01', '01', 'Gastos de defensa y seguridad del Estado', 1),
('4', '07', '01', '01', 'Transferencias corrientes internas al sector privado', 1),
('4', '07', '01', '02', 'Donaciones corrientes internas al sector privado', 1),
('4', '07', '01', '03', 'Transferencias corrientes internas al sector público', 1),
('4', '07', '01', '04', 'Donaciones corrientes internas al sector público', 1),
('4', '07', '01', '05', 'Pensiones de altos funcionarios y altas funcionarias del poder público y de elección popular, del personal de alto nivel y de dirección', 1),
('4', '07', '01', '06', 'Jubilaciones de altos funcionarios y altas funcionarias del poder público y de elección popular, del personal de alto nivel y de dirección', 1),
('4', '07', '02', '01', 'Transferencias corrientes al exterior', 1),
('4', '07', '02', '02', 'Donaciones corrientes al exterior', 1),
('4', '07', '03', '01', 'Transferencias de capital internas al sector privado', 1),
('4', '07', '03', '02', 'Donaciones de capital internas al sector privado', 1),
('4', '07', '03', '03', 'Transferencias de capital internas al sector público', 1),
('4', '07', '03', '04', 'Donaciones de capital internas al sector público', 1),
('4', '07', '04', '01', 'Transferencias de capital al exterior', 1),
('4', '07', '04', '02', 'Donaciones de capital al exterior', 1),
('4', '07', '05', '01', 'Situado Constitucional', 1),
('4', '07', '05', '02', 'Situado Estadal a Municipal', 1),
('4', '07', '06', '01', 'Subsidio de Régimen Especial', 1),
('4', '07', '07', '01', 'Subsidio de capitalidad', 1),
('4', '07', '08', '01', 'Asignaciones Económicas Especiales (LAEE) Estadal', 1),
('4', '07', '08', '02', 'Asignaciones Económicas Especiales (LAEE) Estadal a Municipal', 1),
('4', '07', '08', '03', 'Asignaciones Económicas Especiales (LAEE) Municipal', 1),
('4', '07', '08', '04', 'Asignaciones Económicas Especiales (LAEE) Fondo Nacional de los Consejos Comunales', 1),
('4', '07', '08', '05', 'Asignaciones Económicas Especiales (LAEE) Apoyo al Fortalecimiento Institucional', 1),
('4', '07', '09', '01', 'Aportes al Poder Estadal por transferencia de servicios', 1),
('4', '07', '09', '02', 'Aportes al Poder Municipal por transferencia de servicios', 1),
('4', '07', '10', '01', 'Fondo Intergubernamental para la Descentralización (FIDES)', 1),
('4', '07', '11', '01', 'Fondo de Compensación Interterritorial Estadal', 1),
('4', '07', '11', '02', 'Fondo de Compensación Interterritorial Municipal', 1),
('4', '07', '11', '03', 'Fondo de Compensación Interterritorial Poder Popular', 1),
('4', '07', '11', '04', 'Fondo de Compensación Interterritorial Fortalecimiento Institucional', 1),
('4', '07', '12', '01', 'Transferencias y donaciones corrientes a Consejos Comunales', 1),
('4', '07', '12', '02', 'Transferencias y donaciones de capital a Consejos Comunales', 1),
('4', '08', '01', '01', 'Depreciación', 1),
('4', '08', '01', '02', 'Amortización', 1),
('4', '08', '02', '01', 'Intereses por depósitos internos', 1),
('4', '08', '02', '02', 'Intereses por títulos y valores', 1),
('4', '08', '02', '03', 'Intereses por otros financiamientos', 1),
('4', '08', '03', '01', 'Gastos de siniestros', 1),
('4', '08', '03', '02', 'Gastos de operaciones de reaseguros', 1),
('4', '08', '03', '99', 'Otros gastos de operaciones de seguro', 1),
('4', '08', '04', '01', 'Pérdidas en el proceso de distribución de los servicios', 1),
('4', '08', '04', '99', 'Otras pérdidas en operación', 1),
('4', '08', '05', '01', 'Devoluciones de cobros indebidos', 1),
('4', '08', '05', '02', 'Devoluciones y reintegros diversos', 1),
('4', '08', '05', '03', 'Indemnizaciones diversas', 1),
('4', '08', '06', '01', 'Pérdidas en inventarios', 1),
('4', '08', '06', '02', 'Pérdidas en operaciones cambiarias', 1),
('4', '08', '06', '03', 'Pérdidas en ventas de activos', 1),
('4', '08', '06', '04', 'Pérdidas por cuentas incobrables', 1),
('4', '08', '06', '05', 'Participación en pérdidas de otras empresas', 1),
('4', '08', '06', '06', 'Pérdidas por auto-seguro', 1),
('4', '08', '06', '07', 'Impuestos directos', 1),
('4', '08', '06', '08', 'Intereses de mora', 1),
('4', '08', '06', '09', 'Reservas técnicas', 1),
('4', '08', '07', '01', 'Descuentos sobre ventas', 1),
('4', '08', '07', '02', 'Bonificaciones por ventas', 1),
('4', '08', '07', '03', 'Devoluciones por ventas', 1),
('4', '08', '07', '04', 'Devoluciones por primas de seguro', 1),
('4', '08', '08', '01', 'Indemnizaciones por daños y perjuicios', 1),
('4', '08', '08', '02', 'Sanciones pecuniarias', 1),
('4', '08', '99', '01', 'Otros gastos', 1),
('4', '09', '01', '01', 'Asignaciones no distribuidas de la Asamblea Nacional', 1),
('4', '09', '02', '01', 'Asignaciones no distribuidas de la Contraloría General de la República', 1),
('4', '09', '03', '01', 'Asignaciones no distribuidas del Consejo Nacional Electoral', 1),
('4', '09', '04', '01', 'Asignaciones no distribuidas del Tribunal Supremo de Justicia', 1),
('4', '09', '05', '01', 'Asignaciones no distribuidas del Ministerio Público', 1),
('4', '09', '06', '01', 'Asignaciones no distribuidas de la Defensoría del Pueblo', 1),
('4', '09', '07', '01', 'Asignaciones no distribuidas del Consejo Moral Republicano', 1),
('4', '09', '08', '01', 'Reestructuración de organismos del sector público', 1),
('4', '09', '09', '01', 'Fondo de apoyo al trabajador y su grupo familiar de la Administración Pública Nacional', 1),
('4', '09', '09', '02', 'Fondo de apoyo al trabajador y su grupo familiar de las Entidades Federales, los Municipios y otras formas de gobierno municipal', 1),
('4', '09', '10', '01', 'Reforma de la seguridad social', 1),
('4', '09', '11', '01', 'Emergencias en el territorio nacional', 1),
('4', '09', '12', '01', 'Fondo para la cancelación de pasivos laborales', 1),
('4', '09', '13', '01', 'Fondo para la cancelación de deuda por servicios de electricidad teléfono, aseo, agua y condominio, de los organismos de la Administración Central', 1),
('4', '09', '13', '02', 'Fondo para la cancelación de deuda por servicios de electricidad teléfono, aseo, agua y condominio, de los organismos de la  Administración Descentralizada Nacional', 1),
('4', '09', '14', '01', 'Fondo para remuneraciones, pensiones y jubilaciones y otras retribuciones', 1),
('4', '09', '15', '01', 'Fondo para atender compromisos generados de la Ley Orgánica del Trabajo, los Trabajadores y las Trabajadoras', 1),
('4', '09', '16', '01', 'Asignaciones para cancelar compromisos pendientes de ejercicios anteriores', 1),
('4', '09', '17', '01', 'Asignaciones para cancelar la deuda Fogade – Ministerio competente en Materia de Finanzas – Banco Central de Venezuela (BCV)', 1),
('4', '09', '18', '01', 'Asignaciones para atender los gastos de la referenda y elecciones', 1),
('4', '09', '19', '01', 'Asignaciones para atender los gastos por honorarios profesionales de bufetes internacionales, costas y costos judiciales', 1),
('4', '09', '20', '01', 'Fondo para atender compromisos generados por la contratación colectiva', 1),
('4', '09', '21', '01', 'Proyecto social especial', 1),
('4', '09', '22', '01', 'Asignaciones para programas y proyectos financiados con recursos de organismos multilaterales y/o bilaterales', 1),
('4', '09', '23', '01', 'Asignación para facilitar la preparación de proyectos', 1),
('4', '09', '24', '01', 'Programas de inversión para las entidades estadales municipalidades y otras instituciones', 1),
('4', '09', '25', '01', 'Cancelación de compromisos', 1),
('4', '09', '26', '01', 'Asignaciones para atender gastos de los organismos del sector público', 1),
('4', '09', '27', '01', 'Convenio de Cooperación Especial', 1),
('4', '10', '01', '01', 'Servicio de la deuda pública interna a corto plazo de títulos valores', 1),
('4', '10', '01', '02', 'Servicio de la deuda pública interna por préstamos a corto plazo', 1),
('4', '10', '01', '03', 'Servicio de la deuda pública interna indirecta por préstamos a corto plazo', 1),
('4', '10', '02', '01', 'Servicio de la deuda pública interna a largo plazo de títulos y valores', 1),
('4', '10', '02', '02', 'Servicio de la deuda pública interna por préstamos a largo plazo', 1),
('4', '10', '02', '03', 'Servicio de la deuda pública interna indirecta a largo plazo de títulos y valores', 1),
('4', '10', '02', '04', 'Servicio de la deuda pública interna indirecta por préstamos a largo plazo', 1),
('4', '10', '03', '01', 'Servicio de la deuda pública externa a corto plazo de títulos y valores', 1),
('4', '10', '03', '02', 'Servicio de la deuda pública externa por préstamos a corto plazo', 1),
('4', '10', '03', '03', 'Servicio de la deuda pública externa indirecta por préstamos a corto plazo', 1),
('4', '10', '04', '01', 'Servicio de la deuda pública externa a largo plazo de títulos y valores', 1),
('4', '10', '04', '02', 'Servicio de la deuda pública externa por préstamos a largo plazo', 1),
('4', '10', '04', '03', 'Servicio de la deuda pública externa indirecta a largo plazo de títulos y valores', 1),
('4', '10', '04', '04', 'Servicio de la deuda pública externa indirecta por préstamos a largo plazo', 1),
('4', '10', '05', '01', 'Disminución por reestructuración y/o refinanciamiento de la deuda interna a largo plazo, en a corto plazo', 1),
('4', '10', '05', '02', 'Disminución por reestructuración y/o refinanciamiento de la deuda interna a corto plazo, en a largo plazo', 1),
('4', '10', '05', '03', 'Disminución por reestructuración y/o refinanciamiento de la deuda externa a largo plazo, en a corto plazo', 1),
('4', '10', '05', '04', 'Disminución por reestructuración y/o refinanciamiento de la deuda externa a corto plazo, en a largo plazo', 1),
('4', '10', '05', '05', 'Disminución de la deuda pública por distribuir', 1),
('4', '10', '06', '01', 'Amortización de la deuda pública de obligaciones pendientes de ejercicios anteriores', 1),
('4', '10', '06', '02', 'Intereses de la deuda pública de obligaciones pendientes de ejercicios anteriores', 1),
('4', '10', '06', '03', 'Intereses por mora y multas de la deuda pública de obligaciones pendientes de ejercicios anteriores', 1),
('4', '10', '06', '04', 'Comisiones y otros gastos de la deuda pública de obligaciones pendientes de ejercicios anteriores', 1),
('4', '11', '01', '01', 'Disminución de sueldos, salarios y otras remuneraciones por pagar', 1),
('4', '11', '02', '01', 'Disminución de aportes patronales y retenciones laborales por pagar al Instituto Venezolano de los Seguros Sociales (IVSS)', 1),
('4', '11', '02', '02', 'Disminución de aportes patronales y retenciones laborales por pagar al Instituto de Previsión Social del Ministerio de Educación (Ipasme)', 1),
('4', '11', '02', '03', 'Disminución de aportes patronales y retenciones laborales por pagar al Fondo de Jubilaciones', 1),
('4', '11', '02', '04', 'Disminución de aportes patronales y retenciones laborales por pagar al Fondo de Seguro de Paro Forzoso', 1),
('4', '11', '02', '05', 'Disminución de aportes patronales y retenciones laborales por pagar al Fondo de Ahorro Obligatorio para la Vivienda (FAOV)', 1),
('4', '11', '02', '06', 'Disminución de aportes patronales y retenciones laborales por pagar al seguro de vida, accidentes personales, hospitalización, cirugía, maternidad (HCM) y gastos funerarios', 1),
('4', '11', '02', '07', 'Disminución de aportes patronales y retenciones laborales por pagar a cajas de ahorro', 1),
('4', '11', '02', '08', 'Disminución de aportes patronales por pagar a organismos de seguridad social', 1),
('4', '11', '02', '09', 'Disminución de retenciones laborales por pagar al Instituto Nacional de Capacitación y Educación Socialista (Inces)', 1),
('4', '11', '02', '10', 'Disminución de retenciones laborales por pagar por pensión alimenticia', 1),
('4', '11', '02', '98', 'Disminución de otros aportes legales por pagar', 1),
('4', '11', '02', '99', 'Disminución de otras retenciones laborales por pagar', 1),
('4', '11', '03', '01', 'Disminución de cuentas por pagar a proveedores a corto plazo', 1),
('4', '11', '03', '02', 'Disminución de efectos por pagar a proveedores a corto plazo', 1),
('4', '11', '03', '03', 'Disminución de cuentas por pagar a proveedores a mediano y largo plazo', 1),
('4', '11', '03', '04', 'Disminución de efectos por pagar a proveedores a mediano y largo plazo', 1),
('4', '11', '04', '01', 'Disminución de cuentas por pagar a contratistas a corto plazo', 1),
('4', '11', '04', '02', 'Disminución de efectos por pagar a contratistas a corto plazo', 1),
('4', '11', '04', '03', 'Disminución de cuentas por pagar a contratistas a mediano largo y plazo', 1),
('4', '11', '04', '04', 'Disminución de efectos por pagar a contratistas a mediano y plazo', 1),
('4', '11', '05', '01', 'Disminución de intereses internos por pagar', 1),
('4', '11', '05', '02', 'Disminución de intereses externos por pagar', 1),
('4', '11', '06', '01', 'Disminución de obligaciones de ejercicios anteriores', 1),
('4', '11', '06', '02', 'Disminución de otras cuentas por pagar a corto plazo', 1),
('4', '11', '06', '03', 'Disminución de otros efectos por pagar a corto plazo', 1),
('4', '11', '07', '01', 'Disminución de pasivos diferidos a corto plazo', 1),
('4', '11', '07', '02', 'Disminución de pasivos diferidos a mediano y largo plazo', 1),
('4', '11', '08', '01', 'Disminución de provisiones', 1),
('4', '11', '08', '02', 'Disminución de reservas técnicas', 1),
('4', '11', '09', '01', 'Disminución de depósitos recibidos en garantía', 1),
('4', '11', '09', '99', 'Disminución de otros fondos de terceros', 1),
('4', '11', '10', '01', 'Disminución de depósitos a la vista', 1),
('4', '11', '10', '02', 'Disminución de depósitos a plazo fijo', 1),
('4', '11', '11', '01', 'Devoluciones de cobros indebidos', 1),
('4', '11', '11', '02', 'Devoluciones y reintegros diversos', 1),
('4', '11', '11', '03', 'Indemnizaciones diversas', 1),
('4', '11', '11', '04', 'Compromisos pendientes de ejercicios anteriores', 1),
('4', '11', '11', '05', 'Prestaciones sociales originadas por la aplicación de la Ley Orgánica del Trabajo, los Trabajadores y las Trabajadoras', 1),
('4', '11', '98', '01', 'Disminución de otros pasivos a corto plazo', 1),
('4', '11', '99', '01', 'Disminución de otros pasivos a mediano y largo plazo', 1),
('4', '12', '01', '01', 'Disminución del capital fiscal e institucional', 1),
('4', '12', '01', '02', 'Disminución de aportes por capitalizar', 1),
('4', '12', '01', '03', 'Disminución de dividendos a distribuir', 1),
('4', '12', '02', '01', 'Disminución de reservas', 1),
('4', '12', '03', '01', 'Ajuste por inflación', 1),
('4', '12', '04', '01', 'Disminución de resultados acumulados', 1),
('4', '12', '04', '02', 'Disminución de resultados del ejercicio', 1),
('4', '98', '01', '01', 'Rectificaciones al presupuesto', 1);

-- --------------------------------------------------------

--
-- Estructura de tabla para la tabla `partida_generica`
--

CREATE TABLE `partida_generica` (
  `cuenta` char(1) NOT NULL,
  `partida` char(2) NOT NULL,
  `generica` char(2) NOT NULL,
  `nombre` text NOT NULL,
  `estatus` tinyint(1) NOT NULL
) ENGINE=InnoDB DEFAULT CHARSET=utf8;

--
-- Volcado de datos para la tabla `partida_generica`
--

INSERT INTO `partida_generica` (`cuenta`, `partida`, `generica`, `nombre`, `estatus`) VALUES
('3', '01', '01', 'Impuestos directos', 1),
('3', '01', '02', 'Impuestos indirectos', 1),
('3', '01', '03', 'Ingresos por tasas', 1),
('3', '01', '04', 'Ingresos por contribuciones especiales', 1),
('3', '01', '05', 'Ingresos por aportes y contribuciones a la seguridad social', 1),
('3', '01', '06', 'Ingresos del dominio petrolero', 1),
('3', '01', '07', 'Ingresos del dominio minero', 1),
('3', '01', '08', 'Ingresos del dominio forestal', 1),
('3', '01', '09', 'Ingresos por la venta de bienes y servicios de la administración pública', 1),
('3', '01', '10', 'Ingresos de la propiedad', 1),
('3', '01', '11', 'Diversos ingresos', 1),
('3', '01', '99', 'Otros ingresos ordinarios', 1),
('3', '02', '01', 'Endeudamiento público interno', 1),
('3', '02', '02', 'Endeudamiento público externo', 1),
('3', '02', '03', 'Ingresos por operaciones diversas', 1),
('3', '02', '04', 'Reintegro de fondos correspondientes a ejercicios anteriores', 1),
('3', '02', '05', 'Ingresos por obtención indebida de devoluciones o reintegros', 1),
('3', '02', '06', 'Impuesto a las transacciones financieras', 1),
('3', '02', '99', 'Otros ingresos extraordinarios', 1),
('3', '03', '01', 'Venta bruta de bienes', 1),
('3', '03', '02', 'Venta bruta de servicios', 1),
('3', '03', '03', 'Ingresos financieros de instituciones financieras bancarias', 1),
('3', '03', '04', 'Ingresos financieros de instituciones financieras no bancarias', 1),
('3', '03', '05', 'Ingresos por operaciones de seguro', 1),
('3', '03', '99', 'Otros ingresos de operación', 1),
('3', '04', '01', 'Subsidios para precios y tarifas', 1),
('3', '04', '02', 'Incentivos a la exportación', 1),
('3', '04', '99', 'Otros ingresos ajenos a la operación', 1),
('3', '05', '01', 'Transferencias y donaciones corrientes', 1),
('3', '05', '02', 'Transferencias y donaciones de capital', 1),
('3', '05', '03', 'Situado', 1),
('3', '05', '04', 'Subsidio de Régimen Especial', 1),
('3', '05', '05', 'Subsidio de Capitalidad', 1),
('3', '05', '06', 'Asignaciones Económicas Especiales (LAEE)', 1),
('3', '05', '07', 'Fondo Intergubernamental para la Descentralización (FIDES)', 1),
('3', '05', '08', 'Fondo de Compensación Interterritorial', 1),
('3', '05', '09', 'Aportes del Sector Público al Poder Estadal y al Poder Municipal por transferencia de servicios', 1),
('3', '05', '10', 'Transferencias y donaciones de Organismos del Sector Público a los Consejos Comunales', 1),
('3', '06', '01', 'Venta y/o desincorporación de activos fijos', 1),
('3', '06', '02', 'Venta de activos intangibles', 1),
('3', '06', '03', 'Incremento de la depreciación y amortización acumuladas', 1),
('3', '07', '01', 'Venta de títulos y valores de corto plazo', 1),
('3', '07', '02', 'Venta de títulos y valores de largo plazo', 1),
('3', '08', '01', 'Venta de acciones y participaciones de capital del sector privado', 1),
('3', '08', '02', 'Venta de acciones y participaciones de capital del sector público', 1),
('3', '08', '03', 'Venta de acciones y participaciones de capital del sector externo', 1),
('3', '09', '01', 'Recuperación de préstamos otorgados al sector privado de corto plazo', 1),
('3', '09', '02', 'Recuperación de préstamos otorgados al sector público de corto plazo', 1),
('3', '09', '03', 'Recuperación de préstamos otorgados al sector externo de corto plazo', 1),
('3', '10', '01', 'Recuperación de préstamos otorgados al sector privado de largo plazo', 1),
('3', '10', '02', 'Recuperación de préstamos otorgados al sector público de largo plazo', 1),
('3', '10', '03', 'Recuperación de préstamos otorgados al sector externo de largo plazo', 1),
('3', '11', '01', 'Disminución de disponibilidades', 1),
('3', '11', '02', 'Disminución de cuentas por cobrar a corto plazo', 1),
('3', '11', '03', 'Disminución de efectos por cobrar a corto plazo', 1),
('3', '11', '04', 'Disminución de cuentas por cobrar a mediano y largo plazo', 1),
('3', '11', '05', 'Disminución de efectos por cobrar a mediano y largo plazo', 1),
('3', '11', '06', 'Disminución de fondos en avance, anticipo y en fideicomiso', 1),
('3', '11', '07', 'Disminución de activos diferidos a corto plazo', 1),
('3', '11', '08', 'Disminución de activos diferidos a mediano y largo plazo', 1),
('3', '11', '09', 'Disminución del Fondo de Estabilización Macroeconómica (FEM)', 1),
('3', '11', '10', 'Disminución del Fondo de Ahorro Intergeneracional', 1),
('3', '11', '12', 'Disminución del Fondo de Aporte del Sector Público', 1),
('3', '11', '20', 'Disminución de activos en proceso judicial', 1),
('3', '11', '99', 'Disminución de otros activos financieros', 1),
('3', '12', '01', 'Incremento de gastos de personal por pagar', 1),
('3', '12', '02', 'Incremento de aportes patronales y retenciones laborales por pagar', 1),
('3', '12', '03', 'Incremento de cuentas y efectos por pagar a proveedores', 1),
('3', '12', '04', 'Incremento de cuentas y efectos por pagar a contratistas', 1),
('3', '12', '05', 'Incremento de intereses por pagar', 1),
('3', '12', '06', 'Incremento de otras cuentas y efectos por pagar', 1),
('3', '12', '07', 'Incremento de pasivos diferidos', 1),
('3', '12', '08', 'Incremento de provisiones y reservas técnicas', 1),
('3', '12', '09', 'Incremento de fondos de terceros', 1),
('3', '12', '10', 'Incremento de depósitos en instituciones financieras', 1),
('3', '12', '11', 'Reestructuración y/o refinanciamiento de la deuda pública', 1),
('3', '12', '99', 'Incremento de otros pasivos', 1),
('3', '13', '01', 'Incremento del capital', 1),
('3', '13', '02', 'Incremento de reservas', 1),
('3', '13', '03', 'Ajustes por inflación', 1),
('3', '13', '04', 'Incremento de resultados', 1),
('4', '01', '01', 'Sueldos, salarios y otras retribuciones', 1),
('4', '01', '02', 'Compensaciones previstas en las escalas de sueldos y salarios', 1),
('4', '01', '03', 'Primas', 1),
('4', '01', '04', 'Complementos de sueldos y salarios', 1),
('4', '01', '05', 'Aguinaldos, utilidades o bonificación legal, y bono vacacional', 1),
('4', '01', '06', 'Aportes patronales y legales', 1),
('4', '01', '07', 'Asistencia socio-económica', 1),
('4', '01', '08', 'Prestaciones sociales e indemnizaciones', 1),
('4', '01', '09', 'Capacitación y adiestramiento realizado por personal del organismo', 1),
('4', '01', '94', 'Otros gastos de los altos funcionarios y altas funcionarias del poder público y de elección popular', 1),
('4', '01', '95', 'Otros gastos del personal de alto nivel y de dirección', 1),
('4', '01', '96', 'Otros gastos del personal empleado', 1),
('4', '01', '97', 'Otros gastos del personal obrero', 1),
('4', '01', '98', 'Otros gastos del personal militar', 1),
('4', '02', '01', 'Productos alimenticios y agropecuarios', 1),
('4', '02', '02', 'Productos de minas, canteras y yacimientos', 1),
('4', '02', '03', 'Textiles y vestuarios', 1),
('4', '02', '04', 'Productos de cuero y caucho', 1),
('4', '02', '05', 'Productos de papel, cartón e impresos', 1),
('4', '02', '06', 'Productos químicos y derivados', 1),
('4', '02', '07', 'Productos minerales no metálicos', 1),
('4', '02', '08', 'Productos metálicos', 1),
('4', '02', '09', 'Productos de madera', 1),
('4', '02', '10', 'Productos varios y útiles diversos', 1),
('4', '02', '11', 'Bienes para la venta', 1),
('4', '02', '99', 'Otros materiales y suministros', 1),
('4', '03', '01', 'Alquileres de inmuebles', 1),
('4', '03', '02', 'Alquileres de maquinaria y equipos', 1),
('4', '03', '03', 'Derechos sobre bienes intangibles', 1),
('4', '03', '04', 'Servicios básicos', 1),
('4', '03', '05', 'Servicio de administración, vigilancia y mantenimiento de los servicios básicos', 1),
('4', '03', '06', 'Servicios de transporte y almacenaje', 1),
('4', '03', '07', 'Servicios de información, impresión y relaciones públicas', 1),
('4', '03', '08', 'Primas y otros gastos de seguros y comisiones bancarias', 1),
('4', '03', '09', 'Viáticos y pasajes', 1),
('4', '03', '10', 'Servicios profesionales, técnicos y demás oficios y ocupaciones', 1),
('4', '03', '11', 'Conservación y reparaciones menores de maquinaria y equipos', 1),
('4', '03', '12', 'Conservación y reparaciones menores de obras', 1),
('4', '03', '13', 'Servicios de construcciones temporales', 1),
('4', '03', '14', 'Servicios de construcción de edificaciones para la venta', 1),
('4', '03', '15', 'Servicios fiscales', 1),
('4', '03', '16', 'Servicios de diversión, esparcimiento y culturales', 1),
('4', '03', '17', 'Servicios de gestión administrativa prestados por organismos de asistencia técnica', 1),
('4', '03', '18', 'Impuestos indirectos', 1),
('4', '03', '19', 'Comisiones por servicios para cumplir con los beneficios sociales', 1),
('4', '03', '99', 'Otros servicios no personales', 1),
('4', '04', '01', 'Repuestos, reparaciones, mejoras y adiciones mayores', 1),
('4', '04', '02', 'Conservación, ampliaciones y mejoras mayores de obras', 1),
('4', '04', '03', 'Maquinaria y demás equipos de construcción, campo, industria y taller', 1),
('4', '04', '04', 'Equipos de transporte, tracción y elevación', 1),
('4', '04', '05', 'Equipos de comunicaciones y de señalamiento', 1),
('4', '04', '06', 'Equipos médico - quirúrgicos, dentales y de veterinaria', 1),
('4', '04', '07', 'Equipos científicos, religiosos, de enseñanza y recreación', 1),
('4', '04', '08', 'Equipos y armamentos de orden público, seguridad y defensa', 1),
('4', '04', '09', 'Máquinas, muebles y demás equipos de oficina y alojamiento', 1),
('4', '04', '10', 'Semovientes', 1),
('4', '04', '11', 'Inmuebles, maquinaria y equipos usados', 1),
('4', '04', '12', 'Activos intangibles', 1),
('4', '04', '13', 'Estudios y proyectos para inversión en activos fijos', 1),
('4', '04', '14', 'Contratación de inspección de obras', 1),
('4', '04', '15', 'Construcciones del dominio privado', 1),
('4', '04', '16', 'Construcciones del dominio público', 1),
('4', '04', '99', 'Otros activos reales', 1),
('4', '05', '01', 'Aportes en acciones y participaciones de capital', 1),
('4', '05', '02', 'Adquisición de títulos y valores que no otorgan propiedad', 1),
('4', '05', '03', 'Concesión de préstamos a corto plazo', 1),
('4', '05', '04', 'Concesión de préstamos a largo plazo', 1),
('4', '05', '05', 'Incremento de disponibilidades', 1),
('4', '05', '06', 'Incremento de cuentas por cobrar a corto plazo', 1),
('4', '05', '07', 'Incremento de efectos por cobrar a corto plazo', 1),
('4', '05', '08', 'Incremento de cuentas por cobrar a mediano y largo plazo', 1),
('4', '05', '09', 'Incremento de efectos por cobrar a mediano y largo plazo', 1),
('4', '05', '10', 'Incremento de fondos en avance, en anticipos y en fideicomiso', 1),
('4', '05', '11', 'Incremento de activos diferidos a corto plazo', 1),
('4', '05', '12', 'Incremento de activos diferidos a mediano y largo plazo', 1),
('4', '05', '13', 'Incremento del Fondo de Estabilización Macroeconómica (FEM)', 1),
('4', '05', '14', 'Incremento del Fondo de Ahorro Intergeneracional', 1),
('4', '05', '16', 'Incremento del Fondo de Aportes del Sector Público', 1),
('4', '05', '20', 'Incremento de otros activos financieros circulantes', 1),
('4', '05', '21', 'Incremento de otros activos financieros no circulantes', 1),
('4', '05', '99', 'Otros activos financieros', 1),
('4', '06', '01', 'Gastos de defensa y seguridad del Estado', 1),
('4', '07', '01', 'Transferencias y donaciones corrientes internas', 1),
('4', '07', '02', 'Transferencias y donaciones corrientes al exterior', 1),
('4', '07', '05', 'Situado', 1),
('4', '07', '06', 'Subsidio de Régimen Especial', 1),
('4', '07', '07', 'Subsidio de capitalidad', 1),
('4', '07', '08', 'Asignaciones Económicas Especiales (LAEE)', 1),
('4', '07', '09', 'Aportes al Poder Estadal y al Poder Municipal por transferencia de servicios', 1),
('4', '07', '10', 'Fondo Intergubernamental para la Descentralización (FIDES)', 1),
('4', '07', '11', 'Fondo de Compensación Interterritorial', 1),
('4', '07', '12', 'Transferencias y donaciones a Consejos Comunales', 1),
('4', '08', '01', 'Depreciación y amortización', 1),
('4', '08', '02', 'Intereses por operaciones financieras', 1),
('4', '08', '03', 'Gastos por operaciones de seguro', 1),
('4', '08', '04', 'Pérdida en operaciones de los servicios básicos', 1),
('4', '08', '05', 'Obligaciones en el ejercicio vigente', 1),
('4', '08', '06', 'Pérdidas ajenas a la operación', 1),
('4', '08', '07', 'Descuentos, bonificaciones y devoluciones', 1),
('4', '08', '08', 'Indemnizaciones y sanciones pecuniarias', 1),
('4', '08', '99', 'Otros gastos', 1),
('4', '09', '01', 'Asignaciones no distribuidas de la Asamblea Nacional', 1),
('4', '09', '02', 'Asignaciones no distribuidas de la Contraloría General de la República', 1),
('4', '09', '03', 'Asignaciones no distribuidas del Consejo Nacional Electoral', 1),
('4', '09', '04', 'Asignaciones no distribuidas del Tribunal Supremo de Justicia', 1),
('4', '09', '05', 'Asignaciones no distribuidas del Ministerio Público', 1),
('4', '09', '06', 'Asignaciones no distribuidas de la Defensoría del Pueblo', 1),
('4', '09', '07', 'Asignaciones no distribuidas del Consejo Moral Republicano', 1),
('4', '09', '08', 'Reestructuración de organismos del sector público', 1),
('4', '09', '09', 'Fondo de apoyo al trabajador y su grupo familiar', 1),
('4', '09', '10', 'Reforma de la seguridad social', 1),
('4', '09', '11', 'Emergencias en el territorio nacional', 1),
('4', '09', '12', 'Fondo para la cancelación de pasivos laborales', 1),
('4', '09', '13', 'Fondo para la cancelación de deuda por servicios de electricidad, teléfono, aseo, agua y condominio', 1),
('4', '09', '14', 'Fondo para remuneraciones, pensiones y jubilaciones y otras retribuciones', 1),
('4', '09', '15', 'Fondo para atender compromisos generados de la Ley Orgánica del Trabajo, los Trabajadores y las Trabajadoras', 1),
('4', '09', '16', 'Asignaciones para cancelar compromisos pendientes de ejercicios anteriores', 1),
('4', '09', '17', 'Asignaciones para cancelar la deuda Fogade – Ministerio competente en Materia de Finanzas – Banco Central de Venezuela (BCV)', 1),
('4', '09', '18', 'Asignaciones para atender los gastos de la referenda y elecciones', 1),
('4', '09', '19', 'Asignaciones para atender los gastos por honorarios profesionales de bufetes internacionales, costas y costos judiciales', 1),
('4', '09', '20', 'Fondo para atender compromisos generados por la contratación colectiva', 1),
('4', '09', '21', 'Proyecto social especial', 1),
('4', '09', '22', 'Asignaciones para programas y proyectos financiados con recursos de organismos multilaterales y/o bilaterales', 1),
('4', '09', '23', 'Asignación para facilitar la preparación de proyectos', 1),
('4', '09', '24', 'Programas de inversión para las entidades estadales, municipalidades y otras instituciones', 1),
('4', '09', '25', 'Cancelación de compromisos', 1),
('4', '09', '26', 'Asignaciones para atender gastos de los organismos del sector público', 1),
('4', '09', '27', 'Convenio de Cooperación Especial', 1),
('4', '10', '01', 'Servicio de la deuda pública interna a corto plazo', 1),
('4', '10', '02', 'Servicio de la deuda pública interna a largo plazo', 1),
('4', '10', '03', 'Servicio de la deuda pública externa a corto plazo', 1),
('4', '10', '04', 'Servicio de la deuda pública externa a largo plazo', 1),
('4', '10', '05', 'Reestructuración y/o refinanciamiento de la deuda publica', 1),
('4', '10', '06', 'Servicio de la deuda pública por obligaciones de ejercicios anteriores', 1),
('4', '11', '01', 'Disminución de gastos de personal por pagar', 1),
('4', '11', '02', 'Disminución de aportes patronales y retenciones laborales por pagar', 1),
('4', '11', '03', 'Disminución de cuentas y efectos por pagar a proveedores', 1),
('4', '11', '04', 'Disminución de cuentas y efectos por pagar a contratistas', 1),
('4', '11', '05', 'Disminución de intereses por pagar', 1),
('4', '11', '06', 'Disminución de otras cuentas y efectos por pagar a corto plazo', 1),
('4', '11', '07', 'Disminución de pasivos diferidos', 1),
('4', '11', '08', 'Disminución de provisiones y reservas técnicas', 1),
('4', '11', '10', 'Disminución de depósitos de instituciones financieras', 1),
('4', '11', '11', 'Obligaciones de ejercicios anteriores', 1),
('4', '11', '98', 'Disminución de otros pasivos a corto plazo', 1),
('4', '12', '01', 'Disminución del capital', 1),
('4', '12', '02', 'Disminución de reservas', 1),
('4', '12', '03', 'Ajuste por inflación', 1),
('4', '12', '04', 'Disminución de resultados', 1),
('4', '98', '01', 'Rectificaciones al presupuesto', 1);

-- --------------------------------------------------------

--
-- Estructura de tabla para la tabla `partida_partida`
--

CREATE TABLE `partida_partida` (
  `cuenta` char(1) NOT NULL COMMENT 'ID Cuenta',
  `partida` char(2) NOT NULL,
  `nombre` text NOT NULL,
  `estatus` tinyint(1) NOT NULL DEFAULT '1'
) ENGINE=InnoDB DEFAULT CHARSET=utf8;

--
-- Volcado de datos para la tabla `partida_partida`
--

INSERT INTO `partida_partida` (`cuenta`, `partida`, `nombre`, `estatus`) VALUES
('3', '01', 'Ingresos ordinarios', 1),
('3', '02', 'Ingresos extraordinarios', 1),
('3', '03', 'Ingresos de operación', 1),
('3', '04', 'Ingresos ajenos a la operación', 1),
('3', '05', 'Transferencias y donaciones', 1),
('3', '06', 'Recursos propios de capital', 1),
('3', '07', 'Venta de títulos y valores que no otorgan propiedad', 1),
('3', '08', 'Venta de acciones y participaciones de capital', 1),
('3', '09', 'Recuperación de préstamos de corto plazo', 1),
('3', '10', 'Recuperación de préstamos de largo plazo', 1),
('3', '11', 'Disminución de otros activos financieros', 1),
('3', '12', 'Incremento de pasivos', 1),
('3', '13', 'Incremento del patrimonio', 1),
('4', '01', 'Gastos de personal', 1),
('4', '02', 'Materiales, suministros y mercancías', 1),
('4', '03', 'Servicios no personales', 1),
('4', '04', 'Activos reales', 1),
('4', '05', 'Activos financieros', 1),
('4', '06', 'Gastos de defensa y seguridad del estado', 1),
('4', '07', 'Transferencias y donaciones', 1),
('4', '08', 'Otros gastos', 1),
('4', '09', 'Asignaciones no distribuidas', 1),
('4', '10', 'Servicio de la deuda pública', 1),
('4', '11', 'Disminución de pasivos', 1),
('4', '12', 'Disminución del patrimonio', 1),
('4', '98', 'Rectificaciones al presupuesto', 1);

-- --------------------------------------------------------

--
-- Estructura de tabla para la tabla `partida_sub_especifica`
--

CREATE TABLE `partida_sub_especifica` (
  `cuenta` char(1) NOT NULL,
  `partida` char(2) NOT NULL,
  `generica` char(2) NOT NULL,
  `especifica` char(2) NOT NULL,
  `subespecifica` char(2) NOT NULL,
  `nombre` text NOT NULL,
  `estatus` tinyint(1) NOT NULL DEFAULT '1'
) ENGINE=InnoDB DEFAULT CHARSET=utf8;

--
-- Volcado de datos para la tabla `partida_sub_especifica`
--

INSERT INTO `partida_sub_especifica` (`cuenta`, `partida`, `generica`, `especifica`, `subespecifica`, `nombre`, `estatus`) VALUES
('3', '01', '01', '01', '00', 'Impuesto sobre la renta a personas jurídicas', 1),
('3', '01', '01', '02', '00', 'Impuesto sobre la renta a personas naturales', 1),
('3', '01', '01', '03', '00', 'Impuestos sobre sucesiones, donaciones y demás ramos conexos', 1),
('3', '01', '01', '04', '00', 'Reparos administrativos por impuesto sobre la renta a personas juridica', 1),
('3', '01', '01', '05', '00', 'Reparos administrativos por impuesto sobre la renta a personas naturales', 1),
('3', '01', '01', '06', '00', 'Reparos administrativos a impuesto sobre sucesiones, donaciones y demás ramos conexos', 1),
('3', '01', '02', '01', '00', 'Impuestos de importación', 1),
('3', '01', '02', '02', '00', 'Impuesto de exportación', 1),
('3', '01', '02', '03', '00', 'Impuesto sobre la producción, el consumo y transacciones financieras', 1),
('3', '01', '02', '04', '00', 'Impuestos a las actividades de juegos de envite o azar', 1),
('3', '01', '02', '05', '00', 'Inmuebles urbanos', 1),
('3', '01', '02', '06', '00', 'Participación en el impuesto a la propiedad rural', 1),
('3', '01', '02', '07', '00', 'Patente de industria y comercio', 1),
('3', '01', '02', '08', '00', 'Patente de vehículo', 1),
('3', '01', '02', '09', '00', 'Propaganda comercial', 1),
('3', '01', '02', '10', '00', 'Espectáculos públicos', 1),
('3', '01', '02', '11', '00', 'Apuestas lícitas', 1),
('3', '01', '02', '12', '00', 'Deudas morosas', 1),
('3', '01', '02', '99', '00', 'Otros impuestos indirectos', 1),
('3', '01', '03', '01', '00', 'Derechos de tránsito terrestre', 1),
('3', '01', '03', '02', '00', 'Derechos a examen', 1),
('3', '01', '03', '03', '00', 'Derechos de expedición, renovación y reválida de licencias', 1),
('3', '01', '03', '04', '00', 'Derechos de registro y traspaso', 1),
('3', '01', '03', '05', '00', 'Derechos de placas identificadoras', 1),
('3', '01', '03', '06', '00', 'Derechos por revisión anual', 1),
('3', '01', '03', '07', '00', 'Derechos por remoción o arrastre de vehículos', 1),
('3', '01', '03', '08', '00', 'Derechos por estacionamiento de vehículos', 1),
('3', '01', '03', '09', '00', 'Permiso para uso de rutas extraurbanas', 1),
('3', '01', '03', '10', '00', 'Copias de documentos', 1),
('3', '01', '03', '11', '00', 'Tasas para el uso de aeronaves y por licencias de personal aeronáutico', 1),
('3', '01', '03', '12', '00', 'Tasas aeroportuarias', 1),
('3', '01', '03', '13', '00', 'Tasas por uso de canales de navegación', 1),
('3', '01', '03', '14', '00', 'Patente de navegación', 1),
('3', '01', '03', '15', '00', 'Expedición de licencias de navegación', 1),
('3', '01', '03', '16', '00', 'Servicio de telecomunicaciones', 1),
('3', '01', '03', '17', '00', 'Permisos para estaciones privadas de radiocomunicaciones', 1),
('3', '01', '03', '18', '00', 'Derechos de pilotajes', 1),
('3', '01', '03', '19', '00', 'Habilitación de pilotaje', 1),
('3', '01', '03', '20', '00', 'Servicios de remolcadores', 1),
('3', '01', '03', '21', '00', 'Habilitación de remolcadores', 1),
('3', '01', '03', '22', '00', 'Habilitación de capitanías de puerto', 1),
('3', '01', '03', '23', '00', 'Otros servicios de capitanías de puerto', 1),
('3', '01', '03', '24', '00', 'Tasas de faros y boyas', 1),
('3', '01', '03', '25', '00', 'Servicios de aduana', 1),
('3', '01', '03', '26', '00', 'Habilitación de aduanas', 1),
('3', '01', '03', '27', '00', 'Derechos de almacenaje', 1),
('3', '01', '03', '28', '00', 'Corretaje de bultos postales', 1),
('3', '01', '03', '29', '00', 'Servicios de consulta sobre clasificación arancelaria, valoración aduanera y análisis de laboratorio', 1),
('3', '01', '03', '30', '00', 'Bandas de garantía, cápsulas y sellos', 1),
('3', '01', '03', '31', '00', 'Servicio de peaje', 1),
('3', '01', '03', '32', '00', 'Servicio de riego y drenaje', 1),
('3', '01', '03', '33', '00', 'Estampillas fiscales', 1),
('3', '01', '03', '34', '00', 'Papel sellado', 1),
('3', '01', '03', '35', '00', 'Derechos de traslado', 1),
('3', '01', '03', '36', '00', 'Servicios sanitarios marítimos', 1),
('3', '01', '03', '37', '00', 'Servicios hospitalarios', 1),
('3', '01', '03', '38', '00', 'Venta de copias de planos', 1),
('3', '01', '03', '39', '00', 'Derechos de contraste, verificación y estudios', 1),
('3', '01', '03', '40', '00', 'Patente de pesca de perlas', 1),
('3', '01', '03', '41', '00', 'Licencia de caza', 1),
('3', '01', '03', '42', '00', 'Derechos de cancillería', 1),
('3', '01', '03', '43', '00', 'Depósitos por el ingreso al país de extranjeros', 1),
('3', '01', '03', '44', '00', 'Registro sanitario', 1),
('3', '01', '03', '45', '00', 'Derechos de análisis de sustancias químicas', 1),
('3', '01', '03', '46', '00', 'Derechos consulares', 1),
('3', '01', '03', '47', '00', 'Matrícula para importar y exportar sustancias estupefacientes y psicotrópicas', 1),
('3', '01', '03', '48', '00', 'Permisos municipales', 1),
('3', '01', '03', '49', '00', 'Certificaciones y solvencias', 1),
('3', '01', '03', '50', '00', 'Servicio de energía eléctrica', 1),
('3', '01', '03', '51', '00', 'Servicio de distribución de agua', 1),
('3', '01', '03', '52', '00', 'Servicio de gas doméstico', 1),
('3', '01', '03', '53', '00', 'Mensura y deslinde', 1),
('3', '01', '03', '54', '00', 'Aseo domiciliario', 1),
('3', '01', '03', '55', '00', 'Matadero', 1),
('3', '01', '03', '56', '00', 'Mercado', 1),
('3', '01', '03', '57', '00', 'Cementerio', 1),
('3', '01', '03', '58', '00', 'Terminal de pasajeros', 1),
('3', '01', '03', '59', '00', 'Deudas morosas por tasas', 1),
('3', '01', '03', '99', '00', 'Otros tipos de tasas', 1),
('3', '01', '04', '01', '00', 'Sobre la plusvalía inmobiliaria', 1),
('3', '01', '04', '02', '00', 'Contribuciones por mejoras', 1),
('3', '01', '04', '99', '00', 'Otras contribuciones especiales', 1),
('3', '01', '05', '01', '00', 'Ingresos por aportes patronales a la seguridad social', 1),
('3', '01', '05', '02', '00', 'Contribuciones personales a la seguridad social', 1),
('3', '01', '06', '01', '00', 'Regalías', 1),
('3', '01', '06', '02', '00', 'Impuesto superficial de hidrocarburos', 1),
('3', '01', '06', '03', '00', 'Impuesto de extracción', 1),
('3', '01', '06', '04', '00', 'Impuesto de registro de exportación', 1),
('3', '01', '06', '05', '00', 'Participación por azufre', 1),
('3', '01', '06', '06', '00', 'Participación por coque', 1),
('3', '01', '06', '07', '00', 'Ventajas especiales petroleras', 1),
('3', '01', '06', '99', '00', 'Otros ingresos del dominio petrolero', 1),
('3', '01', '07', '01', '00', 'Superficial minero', 1),
('3', '01', '07', '02', '00', 'Impuesto de explotación', 1),
('3', '01', '07', '03', '00', 'Ventajas especiales mineras', 1),
('3', '01', '07', '04', '00', 'Regalía minera de oro', 1),
('3', '01', '08', '01', '00', 'Impuesto superficial', 1),
('3', '01', '08', '02', '00', 'Impuesto de explotación o aprovechamiento', 1),
('3', '01', '08', '03', '00', 'Permiso o autorización para la explotación o aprovechamiento de los productos forestales', 1),
('3', '01', '08', '04', '00', 'Autorización para deforestación', 1),
('3', '01', '08', '05', '00', 'Autorización para movilizar productos forestales', 1),
('3', '01', '08', '06', '00', 'Participación por la explotación en zonas de reserva forestal', 1),
('3', '01', '08', '07', '00', 'Ventajas especiales por recursos forestales', 1),
('3', '01', '09', '01', '00', 'Ingresos por la venta de bienes', 1),
('3', '01', '09', '02', '00', 'Ingresos por la venta de servicios', 1),
('3', '01', '09', '99', '00', 'Ingresos por la venta de otros bienes y servicios', 1),
('3', '01', '10', '01', '00', 'Intereses por préstamos concedidos al sector privado', 1),
('3', '01', '10', '03', '00', 'Intereses por préstamos concedidos al sector externo', 1),
('3', '01', '10', '04', '00', 'Intereses por depósitos en instituciones financieras', 1),
('3', '01', '10', '05', '00', 'Intereses de títulos y valores', 1),
('3', '01', '10', '06', '00', 'Utilidades de acciones y participaciones de capital', 1),
('3', '01', '10', '07', '00', 'Utilidades de explotación de juegos de azar', 1),
('3', '01', '10', '08', '00', 'Alquileres', 1),
('3', '01', '10', '09', '00', 'Derechos sobre bienes intangibles', 1),
('3', '01', '10', '10', '00', 'Concesiones de bienes y servicios', 1),
('3', '01', '11', '01', '00', 'Intereses moratorios', 1),
('3', '01', '11', '02', '00', 'Reparos fiscales', 1),
('3', '01', '11', '03', '00', 'Sanciones fiscales', 1),
('3', '01', '11', '04', '00', 'Juicios y costas procesales', 1),
('3', '01', '11', '05', '00', 'Beneficios en operaciones cambiarias', 1),
('3', '01', '11', '06', '00', 'Utilidad por venta de activos', 1),
('3', '01', '11', '07', '00', 'Intereses por financiamiento de deudas tributarias', 1),
('3', '01', '11', '08', '00', 'Multas y recargos', 1),
('3', '01', '11', '09', '00', 'Reparos administrativos al impuesto a los activos empresariales', 1),
('3', '01', '11', '10', '00', 'Diversos reparos administrativos', 1),
('3', '01', '11', '11', '00', 'Ingresos en tránsito', 1),
('3', '01', '11', '12', '00', 'Reparos administrativos por impuestos municipales', 1),
('3', '01', '99', '01', '00', 'Otros ingresos ordinarios', 1),
('3', '02', '01', '01', '00', 'Colocación de títulos y valores de deuda pública interna a corto plazo', 1),
('3', '02', '01', '02', '00', 'Obtención de préstamos internos a corto plazo', 1),
('3', '02', '01', '03', '00', 'Colocación de títulos y valores de la deuda pública interna a largo plazo', 1),
('3', '02', '01', '04', '00', 'Obtención de préstamos internos a largo plazo', 1),
('3', '02', '02', '01', '00', 'Colocación de títulos y valores de la deuda pública externa a corto plazo', 1),
('3', '02', '02', '02', '00', 'Obtención de préstamos externos a corto plazo', 1),
('3', '02', '02', '03', '00', 'Colocación de títulos y valores de la deuda pública externa a largo plazo', 1),
('3', '02', '02', '04', '00', 'Obtención de préstamos externos a largo plazo', 1),
('3', '02', '03', '01', '00', 'Liquidación de entes descentralizados', 1),
('3', '02', '03', '02', '00', 'Herencias vacantes y donaciones', 1),
('3', '02', '03', '03', '00', 'Prima en colocación de títulos y valores de la deuda pública', 1),
('3', '02', '03', '05', '00', 'Ingresos por procesos licitatorios', 1),
('3', '02', '04', '01', '00', 'Reintegro proveniente de bonos de exportación', 1),
('3', '02', '04', '02', '00', 'Reintegro de fondos efectuado por organismos públicos proveniente de bonos de exportación', 1),
('3', '02', '05', '01', '00', 'Ingresos por obtención indebida de devoluciones o reintegros', 1),
('3', '02', '06', '01', '00', 'Impuesto a las transacciones financieras', 1),
('3', '02', '06', '02', '00', 'Reparos administrativos al impuesto a las transacciones financieras', 1),
('3', '02', '06', '03', '00', 'Multas y recargos por el impuesto a las transacciones financieras', 1),
('3', '02', '99', '01', '00', 'Otros ingresos extraordinarios', 1),
('3', '03', '01', '01', '00', 'Venta de productos del sector industrial', 1),
('3', '03', '01', '02', '00', 'Venta de productos del sector comercial', 1),
('3', '03', '02', '01', '00', 'Venta bruta de servicios', 1),
('3', '03', '03', '01', '00', 'Ingresos por inversiones en valores', 1),
('3', '03', '03', '02', '00', 'Ingresos por cartera de créditos', 1),
('3', '03', '03', '03', '00', 'Ingresos provenientes de la administración de fideicomisos', 1),
('3', '03', '03', '99', '00', 'Otros ingresos financieros', 1),
('3', '03', '04', '01', '00', 'Ingresos por inversiones en valores', 1),
('3', '03', '04', '02', '00', 'Ingresos por cartera de créditos', 1),
('3', '03', '04', '03', '00', 'Ingresos provenientes de la administración de fideicomisos', 1),
('3', '03', '04', '99', '00', 'Otros ingresos financieros', 1),
('3', '03', '05', '01', '00', 'Ingresos por operaciones de primas de seguro', 1),
('3', '03', '05', '02', '00', 'Ingresos por operaciones de reaseguro', 1),
('3', '03', '05', '03', '00', 'Ingresos por salvamento de siniestros', 1),
('3', '03', '05', '99', '00', 'Otros ingresos por operaciones de seguro', 1),
('3', '03', '99', '01', '00', 'Otros ingresos de operación', 1),
('3', '04', '01', '01', '00', 'Subsidios para precios y tarifas', 1),
('3', '04', '02', '01', '00', 'Incentivos a la exportación', 1),
('3', '04', '99', '01', '00', 'Otros ingresos ajenos a la operación', 1),
('3', '05', '01', '01', '00', 'Transferencias corrientes internas del sector privado', 1),
('3', '05', '01', '02', '00', 'Donaciones corrientes internas del sector privado', 1),
('3', '05', '01', '03', '00', 'Transferencias corrientes internas del sector público', 1),
('3', '05', '01', '04', '00', 'Donaciones corrientes internas del sector público', 1),
('3', '05', '01', '05', '00', 'Transferencias corrientes del exterior', 1),
('3', '05', '01', '06', '00', 'Donaciones corrientes del exterior', 1),
('3', '05', '02', '01', '00', 'Transferencias de capital internas del sector privado', 1),
('3', '05', '02', '02', '00', 'Donaciones de capital internas del sector privado', 1),
('3', '05', '02', '03', '00', 'Transferencias de capital internas del sector público', 1),
('3', '05', '02', '04', '00', 'Donaciones de capital internas del sector público', 1),
('3', '05', '02', '05', '00', 'Transferencias de capital del exterior', 1),
('3', '05', '02', '06', '00', 'Donaciones de capital del exterior', 1),
('3', '05', '03', '01', '00', 'Situado Constitucional', 1),
('3', '05', '03', '02', '00', 'Situado Estadal a Municipal', 1),
('3', '05', '04', '01', '00', 'Subsidio de Régimen Especial', 1),
('3', '05', '05', '01', '00', 'Subsidio de Capitalidad', 1),
('3', '05', '06', '01', '00', 'Asignaciones Económicas Especiales (LAEE) Estadal', 1),
('3', '05', '06', '02', '00', 'Asignaciones Económicas Especiales (LAEE) Estadal a Municipal', 1),
('3', '05', '06', '03', '00', 'Asignaciones Económicas Especiales (LAEE) Municipal', 1),
('3', '05', '06', '04', '00', 'Asignaciones Económicas Especiales (LAEE) Fondo Nacional de los Consejos Comunales', 1),
('3', '05', '06', '05', '00', 'Asignaciones Económicas Especiales (LAEE) Apoyo al Fortalecimiento Institucional', 1),
('3', '05', '07', '01', '00', 'Fondo Intergubernamental para la Descentralización (FIDES)', 1),
('3', '05', '08', '01', '00', 'Fondo de Compensación Interterritorial Estadal', 1),
('3', '05', '08', '02', '00', 'Fondo de Compensación Interterritorial Municipal', 1),
('3', '05', '08', '03', '00', 'Fondo de Compensación Interterritorial Poder Popular', 1),
('3', '05', '08', '04', '00', 'Fondo de Compensación Interterritorial Fortalecimiento Institucional', 1),
('3', '05', '09', '01', '00', 'Aportes del Sector Público al Poder Estadal por transferencia de servicios', 1),
('3', '05', '09', '02', '00', 'Aportes del Sector Público al Poder Municipal por transferencia de servicios', 1),
('3', '05', '10', '01', '00', 'Transferencias y donaciones corrientes de Organismos del Sector Público a los Consejos Comunales', 1),
('3', '05', '10', '02', '00', 'Transferencias y donaciones de capital de Organismos del Sector Público a los Consejos Comunales', 1),
('3', '06', '01', '01', '00', 'Venta y/o desincorporación de tierras y terrenos', 1),
('3', '06', '01', '02', '00', 'Venta y/o desincorporación de edificios e instalaciones', 1),
('3', '06', '01', '03', '00', 'Venta y/o desincorporación de maquinarias, equipos y semovientes', 1),
('3', '06', '02', '01', '00', 'Venta de marcas de fábrica y patentes de invención', 1),
('3', '06', '02', '02', '00', 'Venta de derechos de autor', 1),
('3', '06', '02', '03', '00', 'Recuperación de gastos de organización', 1),
('3', '06', '02', '04', '00', 'Venta de paquetes y programas de computación', 1),
('3', '06', '02', '05', '00', 'Venta de estudios y proyectos', 1),
('3', '06', '02', '99', '00', 'Venta de otros activos intangibles', 1),
('3', '06', '03', '01', '00', 'Incremento de la depreciación acumulada', 1),
('3', '06', '03', '02', '00', 'Incremento de la amortización acumulada', 1),
('3', '07', '01', '01', '00', 'Venta de títulos y valores privados de corto plazo', 1),
('3', '07', '01', '02', '00', 'Venta de títulos y valores públicos de corto plazo', 1),
('3', '07', '01', '03', '00', 'Venta de títulos y valores externos de corto plazo', 1),
('3', '07', '02', '01', '00', 'Venta de títulos y valores privados de largo plazo', 1),
('3', '07', '02', '02', '00', 'Venta de títulos y valores públicos de largo plazo', 1),
('3', '07', '02', '03', '00', 'Venta de títulos y valores externos de largo plazo', 1),
('3', '08', '01', '01', '00', 'Venta de acciones y participaciones de capital del sector privado', 1),
('3', '08', '02', '01', '00', 'Venta de acciones y participaciones de capital de entes descentralizados sin fines empresariales', 1),
('3', '08', '02', '02', '00', 'Venta de acciones y participaciones de capital de instituciones de protección social', 1),
('3', '08', '02', '03', '00', 'Venta de acciones y participaciones de capital de entes descentralizados con fines empresariales petroleros', 1),
('3', '08', '02', '04', '00', 'Venta de acciones y participaciones de capital de entes descentralizados con fines empresariales no petroleros', 1),
('3', '08', '02', '05', '00', 'Venta de acciones y participaciones de capital de entes descentralizados financieros bancarios', 1),
('3', '08', '02', '06', '00', 'Venta de acciones y participaciones de capital de entes descentralizados financieros no bancarios', 1),
('3', '08', '03', '01', '00', 'Venta de acciones y participaciones de capital de organismos internacionales', 1),
('3', '08', '03', '99', '00', 'Venta de acciones y participaciones de capital de otros entes del sector externo', 1),
('3', '09', '01', '01', '00', 'Recuperación de préstamos otorgados al sector privado de corto plazo', 1),
('3', '09', '02', '01', '00', 'Recuperación de préstamos otorgados a la República de corto plazo', 1),
('3', '09', '02', '02', '00', 'Recuperación de préstamos otorgados a entes descentralizados sin fines empresariales de corto plazo', 1),
('3', '09', '02', '03', '00', 'Recuperación de préstamos otorgados a instituciones de protección social de corto plazo', 1),
('3', '09', '02', '04', '00', 'Recuperación de préstamos otorgados a entes descentralizados con fines empresariales petroleros de corto plazo', 1),
('3', '09', '02', '05', '00', 'Recuperación de préstamos otorgados a entes descentralizados con fines empresariales no petroleros de corto plazo', 1),
('3', '09', '02', '06', '00', 'Recuperación de préstamos otorgados a entes descentralizados financieros bancarios de corto plazo', 1),
('3', '09', '02', '07', '00', 'Recuperación de préstamos otorgados a entes descentralizados financieros no bancarios de corto plazo', 1),
('3', '09', '02', '08', '00', 'Recuperación de préstamos otorgados al Poder Estadal de corto plazo', 1),
('3', '09', '02', '09', '00', 'Recuperación de préstamos otorgados al Poder Municipal de corto plazo', 1),
('3', '09', '03', '01', '00', 'Recuperación de préstamos otorgados a instituciones sin fines de lucro de corto plazo', 1),
('3', '09', '03', '02', '00', 'Recuperación de préstamos otorgados a gobiernos extranjeros de corto plazo', 1),
('3', '09', '03', '03', '00', 'Recuperación de préstamos otorgados a los organismos internacionales de corto plazo', 1),
('3', '10', '01', '01', '00', 'Recuperación de préstamos otorgados al sector privado de largo plazo', 1),
('3', '10', '02', '01', '00', 'Recuperación de préstamos otorgados a la República de largo plazo', 1),
('3', '10', '02', '02', '00', 'Recuperación de préstamos otorgados a entes descentralizados sin fines empresariales de largo plazo', 1),
('3', '10', '02', '03', '00', 'Recuperación de préstamos otorgados a instituciones de protección social de largo plazo', 1),
('3', '10', '02', '04', '00', 'Recuperación de préstamos otorgados a entes descentralizados con fines empresariales petroleros de largo plazo', 1),
('3', '10', '02', '05', '00', 'Recuperación de préstamos otorgados a entes descentralizados con fines empresariales no petroleros de largo plazo', 1),
('3', '10', '02', '06', '00', 'Recuperación de préstamos otorgados a entes descentralizados financieros bancarios de largo plazo', 1),
('3', '10', '02', '07', '00', 'Recuperación de préstamos otorgados a entes descentralizados financieros no bancarios de largo plazo', 1),
('3', '10', '02', '08', '00', 'Recuperación de préstamos otorgados al Poder Estadal de largo plazo', 1),
('3', '10', '02', '09', '00', 'Recuperación de préstamos otorgados al Poder Municipal de largo plazo', 1),
('3', '10', '03', '01', '00', 'Recuperación de préstamos otorgados a instituciones sin fines de lucro de largo plazo', 1),
('3', '10', '03', '02', '00', 'Recuperación de préstamos otorgados a gobiernos extranjeros de largo plazo', 1),
('3', '10', '03', '03', '00', 'Recuperación de préstamos otorgados a organismos internacionales de largo plazo', 1),
('3', '11', '01', '01', '00', 'Disminución de caja', 1),
('3', '11', '01', '02', '00', 'Disminución de bancos', 1),
('3', '11', '01', '03', '00', 'Disminución de inversiones temporales', 1),
('3', '11', '02', '01', '00', 'Disminución de cuentas comerciales por cobrar a corto plazo', 1),
('3', '11', '02', '02', '00', 'Disminución de rentas por recaudar a corto plazo', 1),
('3', '11', '02', '03', '00', 'Disminución de deudas de cuentas por rendir a corto plazo', 1),
('3', '11', '02', '99', '00', 'Disminución de otras cuentas por cobrar a corto plazo', 1),
('3', '11', '03', '01', '00', 'Disminución de efectos comerciales por cobrar a corto plazo', 1),
('3', '11', '03', '99', '00', 'Disminución de otros efectos por cobrar a corto plazo', 1),
('3', '11', '04', '01', '00', 'Disminución de cuentas comerciales por cobrar a mediano y largo plazo', 1),
('3', '11', '04', '02', '00', 'Disminución de rentas por recaudar a mediano y largo plazo', 1),
('3', '11', '04', '99', '00', 'Disminución de otras cuentas por cobrar a mediano y largo plazo', 1),
('3', '11', '05', '01', '00', 'Disminución de efectos comerciales por cobrar a mediano y largo plazo', 1),
('3', '11', '05', '99', '00', 'Disminución de otros efectos por cobrar a mediano y largo plazo', 1),
('3', '11', '06', '01', '00', 'Disminución de fondos en avance', 1),
('3', '11', '06', '02', '00', 'Disminución de fondos en anticipo', 1),
('3', '11', '06', '03', '00', 'Disminución de fondos en fideicomiso', 1),
('3', '11', '06', '04', '00', 'Disminución de anticipos a proveedores', 1),
('3', '11', '06', '05', '00', 'Disminución de anticipos a contratistas, por contratos a corto plazo', 1),
('3', '11', '06', '06', '00', 'Disminución de anticipos a contratistas, por contratos a mediano y largo plazo', 1),
('3', '11', '07', '01', '00', 'Disminución de gastos a corto plazo pagados por anticipado', 1),
('3', '11', '07', '02', '00', 'Disminución de depósitos en garantía a corto plazo', 1),
('3', '11', '07', '99', '00', 'Disminución de otros activos diferidos a corto plazo', 1),
('3', '11', '08', '01', '00', 'Disminución de gastos a mediano y largo plazo pagados por anticipado', 1),
('3', '11', '08', '02', '00', 'Disminución de depósitos en garantía a mediano y largo plazo', 1),
('3', '11', '08', '99', '00', 'Disminución de otros activos diferidos a mediano y largo plazo', 1),
('3', '11', '09', '01', '00', 'Disminución del Fondo de Estabilización Macroeconómica (FEM) de la República', 1),
('3', '11', '09', '02', '00', 'Disminución del Fondo de Estabilización Macroeconómica (FEM) del Poder Estadal', 1),
('3', '11', '09', '03', '00', 'Disminución del Fondo de Estabilización Macroeconómica (FEM) del Poder Municipal', 1),
('3', '11', '10', '01', '00', 'Disminución del Fondo de Ahorro Intergeneracional', 1),
('3', '11', '12', '01', '00', 'Disminución del Fondo de Aporte del Sector Público', 1),
('3', '11', '20', '01', '00', 'Disminución de activos financieros en gestión judicial a mediano y largo plazo', 1),
('3', '11', '20', '02', '00', 'Disminución de títulos y otros valores de la deuda pública en litigio a largo plazo', 1),
('3', '11', '99', '01', '00', 'Disminución de otros activos financieros circulantes', 1),
('3', '11', '99', '02', '00', 'Disminución de otros activos financieros no circulantes', 1),
('3', '12', '01', '01', '00', 'Incremento de sueldos, salarios y otras remuneraciones por pagar', 1),
('3', '12', '02', '01', '00', 'Incremento de aportes patronales y retenciones laborales por pagar al Instituto Venezolano de los Seguros Sociales (IVSS)', 1),
('3', '12', '02', '02', '00', 'Incremento de aportes patronales y retenciones laborales por pagar al Instituto de Previsión Social del Ministerio de Educación (Ipasme)', 1),
('3', '12', '02', '03', '00', 'Incremento de aportes patronales y retenciones laborales por pagar al Fondo de Jubilaciones', 1),
('3', '12', '02', '04', '00', 'Incremento de aportes patronales y retenciones laborales por pagar al Fondo de Seguro de Paro Forzoso', 1),
('3', '12', '02', '05', '00', 'Incremento de aportes patronales y retenciones laborales por pagar al Fondo de Ahorro Obligatorio para la Vivienda (FAOV)', 1),
('3', '12', '02', '06', '00', 'Incremento de aportes patronales y retenciones laborales por pagar por seguro de vida, accidentes personales, hospitalización, cirugía y maternidad (HCM) y gastos funerarios', 1),
('3', '12', '02', '07', '00', 'Incremento de aportes patronales y retenciones laborales por pagar a cajas de ahorro', 1),
('3', '12', '02', '08', '00', 'Incremento de aportes patronales y retenciones laborales por pagar a los organismos de seguridad social', 1),
('3', '12', '02', '09', '00', 'Incremento de aportes patronales y retenciones laborales por pagar al Instituto Nacional de Capacitación y Educación Socialista (Inces)', 1),
('3', '12', '02', '10', '00', 'Incremento de aportes patronales y retenciones laborales por pagar por pensión alimenticia', 1),
('3', '12', '02', '99', '00', 'Incremento de otros aportes patronales y otras retenciones laborales por pagar', 1),
('3', '12', '03', '01', '00', 'Incremento de cuentas por pagar a proveedores a corto plazo', 1),
('3', '12', '03', '02', '00', 'Incremento de efectos por pagar a proveedores a corto plazo', 1),
('3', '12', '03', '03', '00', 'Incremento de cuentas por pagar a proveedores a mediano y largo plazo', 1),
('3', '12', '03', '04', '00', 'Incremento de efectos por pagar a proveedores a mediano y largo plazo', 1),
('3', '12', '04', '01', '00', 'Incremento de cuentas por pagar a contratistas a corto plazo', 1),
('3', '12', '04', '02', '00', 'Incremento de efectos por pagar a contratistas a corto plazo', 1),
('3', '12', '04', '03', '00', 'Incremento de cuentas por pagar a contratistas a mediano y largo plazo', 1),
('3', '12', '04', '04', '00', 'Incremento de efectos por pagar a contratistas a mediano y largo plazo', 1),
('3', '12', '05', '01', '00', 'Incremento de intereses internos por pagar', 1),
('3', '12', '05', '02', '00', 'Incremento de intereses externos por pagar', 1),
('3', '12', '06', '01', '00', 'Incremento de otras cuentas por pagar a corto plazo', 1),
('3', '12', '06', '02', '00', 'Incremento de otras obligaciones de ejercicios anteriores por pagar', 1),
('3', '12', '06', '03', '00', 'Incremento de otros efectos por pagar a corto plazo', 1),
('3', '12', '07', '01', '00', 'Incremento de pasivos diferidos a corto plazo', 1),
('3', '12', '07', '02', '00', 'Incremento de pasivos diferidos a mediano y largo plazo', 1),
('3', '12', '08', '01', '00', 'Incremento de provisiones', 1),
('3', '12', '08', '02', '00', 'Incremento de reservas técnicas', 1),
('3', '12', '09', '01', '00', 'Incremento de depósitos recibidos en garantía', 1),
('3', '12', '09', '99', '00', 'Incremento de otros fondos de terceros', 1),
('3', '12', '10', '01', '00', 'Incremento de depósitos a la vista', 1),
('3', '12', '10', '02', '00', 'Incremento de depósitos a plazo fijo', 1),
('3', '12', '11', '01', '00', 'Incremento por reestructuración y/o refinanciamiento de la deuda pública interna de largo plazo en corto plazo', 1),
('3', '12', '11', '02', '00', 'Incremento por reestructuración y/o refinanciamiento de la deuda pública interna de corto plazo en largo plazo', 1),
('3', '12', '11', '03', '00', 'Incremento por reestructuración y/o refinanciamiento de la deuda pública externa de largo plazo en corto plazo', 1),
('3', '12', '11', '04', '00', 'Incremento por reestructuración y/o refinanciamiento de la deuda pública externa de corto plazo en largo plazo', 1),
('3', '12', '11', '05', '00', 'Incremento de la deuda pública por distribuir', 1),
('3', '12', '99', '01', '00', 'Incremento de otros pasivos a corto plazo', 1),
('3', '12', '99', '02', '00', 'Incremento de otros pasivos a mediano y largo plazo', 1),
('3', '13', '01', '01', '00', 'Incremento del capital fiscal e institucional', 1),
('3', '13', '01', '02', '00', 'Incremento de aportes por capitalizar', 1),
('3', '13', '01', '03', '00', 'Incremento de dividendos a distribuir', 1),
('3', '13', '02', '01', '00', 'Incremento de reservas', 1),
('3', '13', '03', '01', '00', 'Ajustes por inflación', 1),
('3', '13', '04', '01', '00', 'Incremento de resultados acumulados', 1),
('3', '13', '04', '02', '00', 'Incremento de resultados del ejercicio', 1),
('4', '01', '01', '01', '00', 'Sueldos básicos personal fijo a tiempo completo', 1),
('4', '01', '01', '02', '00', 'Sueldos básicos personal fijo a tiempo parcial', 1),
('4', '01', '01', '03', '00', 'Suplencias a empleados', 1),
('4', '01', '01', '08', '00', 'Sueldo al personal en trámite de nombramiento', 1),
('4', '01', '01', '09', '00', 'Remuneraciones al personal en período de disponibilidad', 1),
('4', '01', '01', '10', '00', 'Salarios a obreros en puestos permanentes a tiempo completo', 1),
('4', '01', '01', '11', '00', 'Salarios a obreros en puestos permanentes a tiempo parcial', 1),
('4', '01', '01', '12', '00', 'Salarios a obreros en puestos no permanentes', 1),
('4', '01', '01', '13', '00', 'Suplencias a obreros', 1),
('4', '01', '01', '18', '00', 'Remuneraciones al personal contratado', 1),
('4', '01', '01', '19', '00', 'Retribuciones por becas - salarios, bolsas de trabajo, pasantías y similares', 1),
('4', '01', '01', '20', '00', 'Sueldo del personal militar profesional', 1),
('4', '01', '01', '21', '00', 'Sueldo o ración del personal militar no profesional', 1),
('4', '01', '01', '22', '00', 'Sueldo del personal militar de reserva', 1),
('4', '01', '01', '29', '00', 'Dietas', 1),
('4', '01', '01', '30', '00', 'Retribución al personal de reserva', 1),
('4', '01', '01', '35', '00', 'Sueldo básico de los altos funcionarios y altas funcionarias del poder público y de elección popular', 1),
('4', '01', '01', '36', '00', 'Sueldo básico del personal de alto nivel y de dirección', 1),
('4', '01', '01', '37', '00', 'Dietas de los altos funcionarios y altas funcionarias del poder público y de elección popular', 1),
('4', '01', '01', '38', '00', 'Dietas del personal de alto nivel y de dirección', 1),
('4', '01', '01', '99', '00', 'Otras retribuciones', 1),
('4', '01', '02', '01', '00', 'Compensaciones previstas en las escalas de sueldos al personal empleado fijo a tiempo completo', 1),
('4', '01', '02', '02', '00', 'Compensaciones previstas en las escalas de sueldos al personal empleado fijo a tiempo parcial', 1),
('4', '01', '02', '03', '00', 'Compensaciones previstas en las escalas de salarios al personal obrero fijo a tiempo completo', 1),
('4', '01', '02', '04', '00', 'Compensaciones previstas en las escalas de salarios al personal obrero fijo a tiempo parcial', 1),
('4', '01', '02', '05', '00', 'Compensaciones previstas en las escalas de sueldos al personal militar', 1),
('4', '01', '02', '06', '00', 'Compensaciones previstas en las escalas de sueldos de los altos funcionarios y altas funcionarias del poder público y de elección popular', 1),
('4', '01', '02', '07', '00', 'Compensaciones previstas en las escalas de sueldos del personal de alto nivel y de dirección', 1),
('4', '01', '03', '01', '00', 'Primas por mérito a empleados', 1),
('4', '01', '03', '02', '00', 'Primas de transporte a empleados', 1),
('4', '01', '03', '03', '00', 'Primas por hogar a empleados', 1),
('4', '01', '03', '04', '00', 'Primas por hijos a empleados', 1),
('4', '01', '03', '05', '00', 'Primas por alquileres a empleados', 1),
('4', '01', '03', '06', '00', 'Primas por residencia a empleados', 1),
('4', '01', '03', '07', '00', 'Primas por categoría de escuelas a empleados', 1),
('4', '01', '03', '08', '00', 'Primas de profesionalización a empleados', 1),
('4', '01', '03', '09', '00', 'Primas por antigüedad a empleados', 1),
('4', '01', '03', '10', '00', 'Primas por jerarquía o responsabilidad en el cargo', 1),
('4', '01', '03', '11', '00', 'Primas al personal en servicio en el exterior', 1),
('4', '01', '03', '16', '00', 'Primas por mérito a obreros', 1),
('4', '01', '03', '17', '00', 'Primas de transporte a obreros', 1),
('4', '01', '03', '18', '00', 'Primas por hogar a obreros', 1),
('4', '01', '03', '19', '00', 'Primas por hijos de obreros', 1),
('4', '01', '03', '20', '00', 'Primas por residencia a obreros', 1),
('4', '01', '03', '21', '00', 'Primas por antigüedad a obreros', 1),
('4', '01', '03', '22', '00', 'Primas de profesionalización a obreros', 1),
('4', '01', '03', '26', '00', 'Primas por hijos al personal militar', 1),
('4', '01', '03', '27', '00', 'Primas de profesionalización al personal militar', 1),
('4', '01', '03', '28', '00', 'Primas por antigüedad al personal militar', 1),
('4', '01', '03', '29', '00', 'Primas por potencial de ascenso al personal militar', 1),
('4', '01', '03', '30', '00', 'Primas por frontera y sitios inhóspitos al personal militar y de seguridad', 1),
('4', '01', '03', '31', '00', 'Primas por riesgo al personal militar y de seguridad', 1),
('4', '01', '03', '37', '00', 'Primas de transporte al personal contratado', 1),
('4', '01', '03', '38', '00', 'Primas por hogar al personal contratado', 1),
('4', '01', '03', '39', '00', 'Primas por hijos al personal contratado', 1),
('4', '01', '03', '40', '00', 'Primas de profesionalización al personal contratado', 1),
('4', '01', '03', '41', '00', 'Primas por antigüedad al personal contratado', 1),
('4', '01', '03', '46', '00', 'Primas a los altos funcionarios y altas funcionarias del poder público y de elección popular', 1),
('4', '01', '03', '47', '00', 'Primas al personal de alto nivel y de dirección', 1),
('4', '01', '03', '94', '00', 'Otras primas a los altos funcionarios y altas funcionarias del poder público y de elección popular', 1),
('4', '01', '03', '95', '00', 'Otras primas al personal de alto nivel y de dirección', 1),
('4', '01', '03', '96', '00', 'Otras primas al personal contratado', 1),
('4', '01', '03', '97', '00', 'Otras primas a empleados', 1),
('4', '01', '03', '98', '00', 'Otras primas a obreros', 1),
('4', '01', '03', '99', '00', 'Otras primas al personal militar', 1),
('4', '01', '04', '01', '00', 'Complemento a empleados por horas extraordinarias o por sobre tiempo', 1),
('4', '01', '04', '02', '00', 'Complemento a empleados por trabajo nocturno', 1),
('4', '01', '04', '03', '00', 'Complemento a empleados por gastos de alimentación', 1),
('4', '01', '04', '04', '00', 'Complemento a empleados por gastos de transporte', 1),
('4', '01', '04', '05', '00', 'Complemento a empleados por gastos de representación', 1),
('4', '01', '04', '06', '00', 'Complemento a empleados por comisión de servicios', 1),
('4', '01', '04', '07', '00', 'Bonificación a empleados', 1),
('4', '01', '04', '08', '00', 'Bono compensatorio de alimentación a empleados', 1),
('4', '01', '04', '09', '00', 'Bono compensatorio de transporte a empleados', 1),
('4', '01', '04', '10', '00', 'Complemento a empleados por días feriados', 1),
('4', '01', '04', '14', '00', 'Complemento a obreros por horas extraordinarias o por sobre tiempo', 1),
('4', '01', '04', '15', '00', 'Complemento a obreros por trabajo o jornada nocturna', 1),
('4', '01', '04', '16', '00', 'Complemento a obreros por gastos de alimentación', 1),
('4', '01', '04', '17', '00', 'Complemento a obreros por gastos de transporte', 1),
('4', '01', '04', '18', '00', 'Bono compensatorio de alimentación a obreros', 1),
('4', '01', '04', '19', '00', 'Bono compensatorio de transporte a obreros', 1),
('4', '01', '04', '20', '00', 'Complemento a obreros por días feriados', 1),
('4', '01', '04', '24', '00', 'Complemento al personal contratado por horas extraordinarias o por sobre tiempo', 1),
('4', '01', '04', '25', '00', 'Complemento al personal contratado por gastos de alimentación', 1),
('4', '01', '04', '26', '00', 'Bono compensatorio de alimentación al personal contratado', 1),
('4', '01', '04', '27', '00', 'Bono compensatorio de transporte al personal contratado', 1),
('4', '01', '04', '28', '00', 'Complemento al personal contratado por días feriados', 1),
('4', '01', '04', '32', '00', 'Complemento al personal militar por gastos de alimentación', 1),
('4', '01', '04', '33', '00', 'Complemento al personal militar por gastos de transporte', 1),
('4', '01', '04', '34', '00', 'Complemento al personal militar en el exterior', 1),
('4', '01', '04', '35', '00', 'Bono compensatorio de alimentación al personal militar', 1),
('4', '01', '04', '43', '00', 'Complemento a altos funcionarios y altas funcionarias del poder público y de elección popular por gastos de representación', 1),
('4', '01', '04', '44', '00', 'Complemento a altos funcionarios y altas funcionarias del poder público y  de elección popular por comisión de servicios', 1),
('4', '01', '04', '45', '00', 'Bonificación a altos funcionarios y altas funcionarias del poder público y de elección popular', 1),
('4', '01', '04', '46', '00', 'Bono compensatorio de alimentación a altos funcionarios y altas funcionarias del poder público y de elección popular', 1),
('4', '01', '04', '47', '00', 'Bono compensatorio de transporte a altos funcionarios y altas funcionarias del poder público y de elección popular', 1),
('4', '01', '04', '48', '00', 'Complemento al personal de alto nivel y de dirección por gastos de representación', 1),
('4', '01', '04', '49', '00', 'Complemento al personal de alto nivel y de dirección por comisión de servicios', 1),
('4', '01', '04', '50', '00', 'Bonificación al personal de alto nivel y de dirección', 1),
('4', '01', '04', '51', '00', 'Bono compensatorio de alimentación al personal de alto nivel y de dirección', 1),
('4', '01', '04', '52', '00', 'Bono compensatorio de transporte al personal de alto nivel y de dirección', 1),
('4', '01', '04', '94', '00', 'Otros complementos a altos funcionarios y altas funcionarias del sector público y de elección popular', 1),
('4', '01', '04', '95', '00', 'Otros complementos al personal de alto nivel y de dirección', 1),
('4', '01', '04', '96', '00', 'Otros complementos a empleados', 1),
('4', '01', '04', '97', '00', 'Otros complementos a obreros', 1),
('4', '01', '04', '98', '00', 'Otros complementos al personal contratado', 1),
('4', '01', '04', '99', '00', 'Otros complementos al personal militar', 1),
('4', '01', '05', '01', '00', 'Aguinaldos a empleados', 1),
('4', '01', '05', '02', '00', 'Utilidades legales y convencionales a empleados', 1),
('4', '01', '05', '03', '00', 'Bono vacacional a empleados', 1),
('4', '01', '05', '04', '00', 'Aguinaldos a obreros', 1),
('4', '01', '05', '05', '00', 'Utilidades legales y convencionales a obreros', 1),
('4', '01', '05', '06', '00', 'Bono vacacional a obreros', 1),
('4', '01', '05', '07', '00', 'Aguinaldos al personal contratado', 1),
('4', '01', '05', '08', '00', 'Bono vacacional al personal contratado', 1),
('4', '01', '05', '09', '00', 'Aguinaldos al personal militar', 1),
('4', '01', '05', '10', '00', 'Bono vacacional al personal militar', 1),
('4', '01', '05', '13', '00', 'Aguinaldos a altos funcionarios y altas funcionarias del poder público y de elección popular', 1),
('4', '01', '05', '14', '00', 'Utilidades legales y convencionales a altos funcionarios y altas funcionarias del poder público y de elección popular', 1),
('4', '01', '05', '15', '00', 'Bono vacacional a altos funcionarios y altas funcionarias del poder público y de elección popular', 1),
('4', '01', '05', '16', '00', 'Aguinaldos al personal de alto nivel y de dirección', 1),
('4', '01', '05', '17', '00', 'Utilidades legales y convencionales al personal de alto nivel y de dirección', 1),
('4', '01', '05', '18', '00', 'Bono vacacional al personal de alto nivel y de dirección', 1),
('4', '01', '06', '01', '00', 'Aporte patronal al Instituto Venezolano de los Seguros Sociales (IVSS) por empleados', 1),
('4', '01', '06', '02', '00', 'Aporte patronal al Instituto de Previsión y Asistencia Social para el personal del Ministerio de Educación (Ipasme) por empleados', 1),
('4', '01', '06', '03', '00', 'Aporte patronal al Fondo de Jubilaciones por empleados', 1),
('4', '01', '06', '04', '00', 'Aporte patronal al Fondo de Seguro de Paro Forzoso por empleados', 1),
('4', '01', '06', '05', '00', 'Aporte patronal al Fondo de Ahorro Obligatorio para la Vivienda por empleados', 1),
('4', '01', '06', '10', '00', 'Aporte patronal al Instituto Venezolano de los Seguros Sociales (IVSS) por obreros', 1),
('4', '01', '06', '11', '00', 'Aporte patronal al Fondo de Jubilaciones por obreros', 1),
('4', '01', '06', '12', '00', 'Aporte patronal al Fondo de Seguro de Paro Forzoso por obreros', 1),
('4', '01', '06', '13', '00', 'Aporte patronal al Fondo de Ahorro Obligatorio para la Vivienda por obreros', 1),
('4', '01', '06', '18', '00', 'Aporte patronal a los organismos de seguridad social por los trabajadores locales empleados en las representaciones de Venezuela en el exterior', 1),
('4', '01', '06', '19', '00', 'Aporte patronal al Fondo de Ahorro Obligatorio para la Vivienda por personal militar', 1),
('4', '01', '06', '25', '00', 'Aporte legal al Instituto Venezolano de los Seguros Sociales (IVSS) por personal contratado', 1),
('4', '01', '06', '26', '00', 'Aporte patronal al Fondo de Ahorro Obligatorio para la Vivienda por personal contratado', 1),
('4', '01', '06', '27', '00', 'Aporte patronal al Fondo de Seguro de Paro Forzoso por personal contratado', 1),
('4', '01', '06', '31', '00', 'Aporte patronal al Instituto Venezolano de los Seguros Sociales (IVSS) por altos funcionarios y altas funcionarias del poder público y de elección popular', 1),
('4', '01', '06', '32', '00', 'Aporte patronal al Instituto de Previsión y Asistencia Social para el personal del Ministerio de Educación (Ipasme) por empleados personal del Ministerio de Educación (Ipasme) por altos funcionarios y altas funcionarias del poder público y de elección popular', 1),
('4', '01', '06', '33', '00', 'Aporte patronal al Fondo de Jubilaciones por altos funcionarios y altas funcionarias del poder público y de elección popular', 1),
('4', '01', '06', '34', '00', 'Aporte patronal al Fondo de Ahorro Obligatorio para la Vivienda por altos funcionarios y altas funcionarias del poder público y de elección popular', 1),
('4', '01', '06', '35', '00', 'Aporte patronal al Fondo de Seguro de Paro Forzoso por altos funcionarios y altas funcionarias del poder público y de elección popular', 1),
('4', '01', '06', '39', '00', 'Aporte patronal al Instituto Venezolano de los Seguros Sociales (IVSS) por personal de alto nivel y de dirección', 1),
('4', '01', '06', '40', '00', 'Aporte patronal al Instituto de Previsión y Asistencia Social para el personal del Ministerio de Educación (Ipasme) por personal de alto nivel y de dirección', 1),
('4', '01', '06', '41', '00', 'Aporte patronal al Fondo de Jubilaciones por personal de alto nivel y de dirección', 1),
('4', '01', '06', '42', '00', 'Aporte patronal al Fondo de Ahorro Obligatorio para la Vivienda por personal de alto nivel y de dirección', 1),
('4', '01', '06', '43', '00', 'Aporte patronal al Fondo de Seguro de Paro Forzoso por personal de alto nivel y de dirección', 1),
('4', '01', '06', '93', '00', 'Otros aportes legales por altos funcionarios y altas funcionarias del poder público y de elección popular', 1),
('4', '01', '06', '94', '00', 'Otros aportes legales por el personal de alto nivel y de dirección', 1),
('4', '01', '06', '95', '00', 'Otros aportes legales por personal contratado', 1),
('4', '01', '06', '96', '00', 'Otros aportes legales por empleados', 1),
('4', '01', '06', '97', '00', 'Otros aportes legales por obreros', 1),
('4', '01', '06', '98', '00', 'Otros aportes legales por personal militar', 1),
('4', '01', '07', '01', '00', 'Capacitación y adiestramiento a empleados', 1),
('4', '01', '07', '02', '00', 'Becas a empleados', 1),
('4', '01', '07', '03', '00', 'Ayudas por matrimonio a empleados', 1),
('4', '01', '07', '04', '00', 'Ayudas por nacimiento de hijos a empleados', 1),
('4', '01', '07', '05', '00', 'Ayudas por defunción a empleados', 1),
('4', '01', '07', '06', '00', 'Ayudas para medicinas, gastos médicos, odontológicos y de hospitalización a empleados', 1),
('4', '01', '07', '07', '00', 'Aporte patronal a cajas de ahorro por empleados', 1),
('4', '01', '07', '08', '00', 'Aporte patronal a los servicios de salud, accidentes personales y gastos funerarios por empleados', 1),
('4', '01', '07', '09', '00', 'Ayudas a empleados para adquisición de uniformes y útiles escolares de sus hijos', 1),
('4', '01', '07', '10', '00', 'Dotación de uniformes a empleados', 1),
('4', '01', '07', '11', '00', 'Aporte patronal para gastos de guarderías y preescolar para hijos de empleados', 1),
('4', '01', '07', '12', '00', 'Aportes para la adquisición de juguetes para los hijos del personal empleado', 1),
('4', '01', '07', '17', '00', 'Capacitación y adiestramiento a obreros', 1),
('4', '01', '07', '18', '00', 'Becas a obreros', 1),
('4', '01', '07', '19', '00', 'Ayudas por matrimonio de obreros', 1),
('4', '01', '07', '20', '00', 'Ayudas por nacimiento de hijos de obreros', 1),
('4', '01', '07', '21', '00', 'Ayudas por defunción a obreros', 1),
('4', '01', '07', '22', '00', 'Ayudas para medicinas, gastos médicos, odontológicos y de hospitalización a obreros', 1),
('4', '01', '07', '23', '00', 'Aporte patronal a cajas de ahorro por obreros', 1),
('4', '01', '07', '24', '00', 'Aporte patronal a los servicios de salud, accidentes personales y gastos funerarios por obreros', 1),
('4', '01', '07', '25', '00', 'Ayudas a obreros para adquisición de uniformes y útiles escolares de sus hijos', 1),
('4', '01', '07', '26', '00', 'Dotación de uniformes a obreros', 1),
('4', '01', '07', '27', '00', 'Aporte patronal para gastos de guarderías y preescolar para hijos de obreros', 1),
('4', '01', '07', '28', '00', 'Aportes para la adquisición de juguetes para los hijos del personal obrero', 1),
('4', '01', '07', '34', '00', 'Capacitación y adiestramiento al personal militar', 1),
('4', '01', '07', '35', '00', 'Becas al personal militar', 1),
('4', '01', '07', '36', '00', 'Ayudas por matrimonio al personal militar', 1),
('4', '01', '07', '37', '00', 'Ayudas por nacimiento de hijos al personal militar', 1),
('4', '01', '07', '38', '00', 'Ayudas por defunción al personal militar', 1),
('4', '01', '07', '39', '00', 'Ayudas para medicinas, gastos médicos, odontológicos y de hospitalización al personal militar', 1),
('4', '01', '07', '40', '00', 'Aporte patronal a caja de ahorro por personal militar', 1),
('4', '01', '07', '41', '00', 'Aporte patronal a los servicios de salud, accidentes personales y gastos funerarios personal militar', 1),
('4', '01', '07', '42', '00', 'Ayudas al personal militar para adquisición de uniformes y útiles escolares de sus hijos', 1),
('4', '01', '07', '43', '00', 'Aportes para la adquisición de juguetes para los hijos del personal militar', 1),
('4', '01', '07', '44', '00', 'Aporte patronal para gastos de guarderías y preescolar para hijos del personal militar', 1),
('4', '01', '07', '52', '00', 'Capacitación y adiestramiento a altos funcionarios y altas funcionarias del poder público y de elección popular', 1),
('4', '01', '07', '53', '00', 'Ayudas por matrimonio a altos funcionarios y altas funcionarias del poder público y de elección popular', 1),
('4', '01', '07', '54', '00', 'Ayudas por nacimiento de hijos altos funcionarios y altas funcionarias del poder público y de elección popular', 1),
('4', '01', '07', '55', '00', 'Ayudas por defunción a altos funcionarios y altas funcionarias del poder público y de elección popular', 1),
('4', '01', '07', '56', '00', 'Ayudas para medicinas, gastos médicos, odontológicos y de hospitalización a altos funcionarios y altas funcionarias del poder público y de elección popular', 1),
('4', '01', '07', '57', '00', 'Aporte patronal a cajas de ahorro por altos funcionarios y altas funcionarias del poder público y de elección popular', 1),
('4', '01', '07', '58', '00', 'Aporte patronal a los servicios de salud, accidentes personales y gastos funerarios por altos funcionarios y altas funcionarias del poder público y de elección popular', 1),
('4', '01', '07', '63', '00', 'Capacitación y adiestramiento al personal de alto nivel y de dirección', 1),
('4', '01', '07', '64', '00', 'Ayudas por matrimonio al personal de alto nivel y de dirección ', 1),
('4', '01', '07', '65', '00', 'Ayudas por nacimiento de hijos al personal de alto nivel y de dirección', 1),
('4', '01', '07', '66', '00', 'Ayudas por defunción al personal de alto nivel y de dirección', 1),
('4', '01', '07', '67', '00', 'Ayudas para medicinas, gastos médicos, odontológicos y de hospitalización al personal de alto nivel y de dirección', 1),
('4', '01', '07', '68', '00', 'Aporte patronal a cajas de ahorro por personal de alto nivel y de dirección', 1),
('4', '01', '07', '69', '00', 'Aporte patronal a los servicios de salud, accidentes personales y gastos funerarios por personal de alto nivel y de dirección', 1),
('4', '01', '07', '74', '00', 'Capacitación y adiestramiento al personal contratado', 1),
('4', '01', '07', '75', '00', 'Becas al personal contratado', 1),
('4', '01', '07', '76', '00', 'Ayudas por matrimonio al personal contratado', 1),
('4', '01', '07', '77', '00', 'Ayudas por nacimiento de hijos al personal contratado', 1),
('4', '01', '07', '78', '00', 'Ayudas por defunción al personal contratado', 1),
('4', '01', '07', '79', '00', 'Ayudas para medicinas, gastos médicos, odontológicos y de hospitalización al personal contratado', 1),
('4', '01', '07', '80', '00', 'Aporte patronal a cajas de ahorro por personal contratado', 1),
('4', '01', '07', '81', '00', 'Aporte patronal a los servicios de salud, accidentes personales y gastos funerarios por personal contratado', 1),
('4', '01', '07', '82', '00', 'Ayudas al personal contratado para adquisición de uniformes y útiles escolares de sus hijos', 1),
('4', '01', '07', '83', '00', 'Dotación de uniformes al personal contratado', 1),
('4', '01', '07', '84', '00', 'Aporte patronal para gastos de guarderías y preescolar para hijos del personal contratado', 1),
('4', '01', '07', '85', '00', 'Aportes para la adquisición de juguetes para los hijos del personal contratado', 1),
('4', '01', '07', '94', '00', 'Otras subvenciones a altos funcionarios y altas funcionarias del poder público y de elección popular', 1);
INSERT INTO `partida_sub_especifica` (`cuenta`, `partida`, `generica`, `especifica`, `subespecifica`, `nombre`, `estatus`) VALUES
('4', '01', '07', '95', '00', 'Otras subvenciones al personal de alto nivel y de dirección', 1),
('4', '01', '07', '96', '00', 'Otras subvenciones a empleados', 1),
('4', '01', '07', '97', '00', 'Otras subvenciones a obreros', 1),
('4', '01', '07', '98', '00', 'Otras subvenciones al personal militar', 1),
('4', '01', '07', '99', '00', 'Otras subvenciones al personal contratado', 1),
('4', '01', '08', '01', '00', 'Prestaciones sociales e indemnizaciones a empleados', 1),
('4', '01', '08', '02', '00', 'Prestaciones sociales e indemnizaciones a obreros', 1),
('4', '01', '08', '03', '00', 'Prestaciones sociales e indemnizaciones al personal contratado', 1),
('4', '01', '08', '04', '00', 'Prestaciones sociales e indemnizaciones al personal militar', 1),
('4', '01', '08', '06', '00', 'Prestaciones sociales e indemnizaciones a altos funcionarios y altas funcionarias del poder público y de elección popular', 1),
('4', '01', '08', '07', '00', 'Prestaciones sociales e indemnizaciones al personal de alto nivel y Prestaciones sociales e indemnizaciones al personal de alto nivel y de dirección', 1),
('4', '01', '09', '01', '00', 'Capacitación y adiestramiento realizado por personal del organismo', 1),
('4', '01', '94', '01', '00', 'Otros gastos de los altos funcionarios y altas funcionarias del poder público y de elección popular', 1),
('4', '01', '95', '01', '00', 'Otros gastos del personal de alto nivel y de dirección', 1),
('4', '01', '96', '01', '00', 'Otros gastos del personal empleado', 1),
('4', '01', '97', '01', '00', 'Otros gastos del personal obrero', 1),
('4', '01', '98', '01', '00', 'Otros gastos del personal militar', 1),
('4', '02', '01', '01', '00', 'Alimentos y bebidas para personas', 1),
('4', '02', '01', '02', '00', 'Alimentos para animales', 1),
('4', '02', '01', '03', '00', 'Productos agrícolas y pecuarios', 1),
('4', '02', '01', '04', '00', 'Productos de la caza y pesca', 1),
('4', '02', '01', '99', '00', 'Otros productos alimenticios y agropecuarios', 1),
('4', '02', '02', '01', '00', 'Carbón mineral', 1),
('4', '02', '02', '02', '00', 'Petróleo crudo y gas natural', 1),
('4', '02', '02', '03', '00', 'Mineral de hierro', 1),
('4', '02', '02', '04', '00', 'Mineral no ferroso', 1),
('4', '02', '02', '05', '00', 'Piedra, arcilla, arena y tierra', 1),
('4', '02', '02', '06', '00', 'Mineral para la fabricación de productos químicos', 1),
('4', '02', '02', '07', '00', 'Sal para uso industrial', 1),
('4', '02', '02', '99', '00', 'Otros productos de minas, canteras y yacimientos', 1),
('4', '02', '03', '01', '00', 'Textiles', 1),
('4', '02', '03', '02', '00', 'Prendas de vestir', 1),
('4', '02', '03', '03', '00', 'Calzados', 1),
('4', '02', '03', '99', '00', 'Otros productos textiles y vestuarios', 1),
('4', '02', '04', '01', '00', 'Cueros y pieles', 1),
('4', '02', '04', '02', '00', 'Productos de cuero y sucedáneos del cuero', 1),
('4', '02', '04', '03', '00', 'Cauchos y tripas para vehículos', 1),
('4', '02', '04', '99', '00', 'Otros productos de cuero y caucho', 1),
('4', '02', '05', '01', '00', 'Pulpa de madera, papel y cartón', 1),
('4', '02', '05', '02', '00', 'Envases y cajas de papel y cartón', 1),
('4', '02', '05', '03', '00', 'Productos de papel y cartón para oficina', 1),
('4', '02', '05', '04', '00', 'Libros, revistas y periódicos', 1),
('4', '02', '05', '05', '00', 'Material de enseñanza', 1),
('4', '02', '05', '06', '00', 'Productos de papel y cartón para computación', 1),
('4', '02', '05', '07', '00', 'Productos de papel y cartón para la imprenta y reproducción', 1),
('4', '02', '05', '99', '00', 'Otros productos de pulpa, papel y cartón', 1),
('4', '02', '06', '01', '00', 'Sustancias químicas y de uso industrial', 1),
('4', '02', '06', '02', '00', 'Abonos, plaguicidas y otros', 1),
('4', '02', '06', '03', '00', 'Tintas, pinturas y colorantes', 1),
('4', '02', '06', '04', '00', 'Productos farmacéuticos y medicamentos', 1),
('4', '02', '06', '05', '00', 'Productos de tocador', 1),
('4', '02', '06', '06', '00', 'Combustibles y lubricantes', 1),
('4', '02', '06', '07', '00', 'Productos diversos derivados del petróleo y del carbón', 1),
('4', '02', '06', '08', '00', 'Productos plásticos', 1),
('4', '02', '06', '09', '00', 'Mezclas explosivas', 1),
('4', '02', '06', '99', '00', 'Otros productos de la industria química y conexos', 1),
('4', '02', '07', '01', '00', 'Productos de barro, loza y porcelana', 1),
('4', '02', '07', '02', '00', 'Vidrios y productos de vidrio', 1),
('4', '02', '07', '03', '00', 'Productos de arcilla para construcción', 1),
('4', '02', '07', '04', '00', 'Cemento, cal y yeso', 1),
('4', '02', '07', '99', '00', 'Otros productos minerales no metálicos', 1),
('4', '02', '08', '01', '00', 'Productos primarios de hierro y acero', 1),
('4', '02', '08', '02', '00', 'Productos de metales no ferrosos', 1),
('4', '02', '08', '03', '00', 'Herramientas menores, cuchillería y artículos generales de ferretería', 1),
('4', '02', '08', '04', '00', 'Productos metálicos estructurales', 1),
('4', '02', '08', '05', '00', 'Materiales de orden público, seguridad y defensa', 1),
('4', '02', '08', '07', '00', 'Material de señalamiento', 1),
('4', '02', '08', '08', '00', 'Material de educación', 1),
('4', '02', '08', '09', '00', 'Repuestos y accesorios para equipos de transporte', 1),
('4', '02', '08', '10', '00', 'Repuestos y accesorios para otros equipos', 1),
('4', '02', '08', '99', '00', 'Otros productos metálicos', 1),
('4', '02', '09', '01', '00', 'Productos primarios de madera', 1),
('4', '02', '09', '02', '00', 'Muebles y accesorios de madera para edificaciones', 1),
('4', '02', '09', '99', '00', 'Otros productos de madera', 1),
('4', '02', '10', '01', '00', 'Artículos de deporte, recreación y juguetes', 1),
('4', '02', '10', '02', '00', 'Materiales y útiles de limpieza y aseo', 1),
('4', '02', '10', '03', '00', 'Utensilios de cocina y comedor', 1),
('4', '02', '10', '04', '00', 'Útiles menores médico - quirúrgicos de laboratorio, dentales y de veterinaria', 1),
('4', '02', '10', '05', '00', 'Útiles de escritorio, oficina y materiales de instrucción', 1),
('4', '02', '10', '06', '00', 'Condecoraciones, ofrendas y similares', 1),
('4', '02', '10', '07', '00', 'Productos de seguridad en el trabajo', 1),
('4', '02', '10', '08', '00', 'Materiales para equipos de computación', 1),
('4', '02', '10', '09', '00', 'Especies timbradas y valores', 1),
('4', '02', '10', '10', '00', 'Útiles religiosos', 1),
('4', '02', '10', '11', '00', 'Materiales eléctricos', 1),
('4', '02', '10', '12', '00', 'Materiales para instalaciones sanitarias', 1),
('4', '02', '10', '13', '00', 'Materiales fotográficos', 1),
('4', '02', '10', '99', '00', 'Otros productos y útiles diversos', 1),
('4', '02', '11', '01', '00', 'Productos y artículos para la venta', 1),
('4', '02', '11', '02', '00', 'Maquinarias y equipos para la venta', 1),
('4', '02', '11', '03', '00', 'Inmuebles para la venta', 1),
('4', '02', '11', '04', '00', 'Tierras y terrenos para la venta', 1),
('4', '02', '11', '99', '00', 'Otros bienes para la venta', 1),
('4', '02', '99', '01', '00', 'Otros materiales y suministros', 1),
('4', '03', '01', '01', '00', 'Alquileres de edificios y locales', 1),
('4', '03', '01', '02', '00', 'Alquileres de edificios y locales', 1),
('4', '03', '01', '03', '00', 'Alquileres de tierras y terrenos', 1),
('4', '03', '02', '01', '00', 'Alquileres de maquinaria y demás equipos de construcción, campo, industria y taller', 1),
('4', '03', '02', '02', '00', 'Alquileres de equipos de transporte, tracción y elevación', 1),
('4', '03', '02', '03', '00', 'Alquileres de equipos de comunicaciones y de señalamiento', 1),
('4', '03', '02', '04', '00', 'Alquileres de equipos médico - quirúrgicos, dentales y de veterinaria', 1),
('4', '03', '02', '05', '00', 'Alquileres de equipos científicos, religiosos, de enseñanza y recreación', 1),
('4', '03', '02', '06', '00', 'Alquileres de máquinas, muebles y demás equipos de oficina y alojamiento', 1),
('4', '03', '02', '99', '00', 'Alquileres de otras maquinaria y equipos', 1),
('4', '03', '03', '01', '00', 'Marcas de fábrica y patentes de invención', 1),
('4', '03', '03', '02', '00', 'Derechos de autor', 1),
('4', '03', '03', '03', '00', 'Paquetes y programas de computación', 1),
('4', '03', '03', '04', '00', 'Concesión de bienes y servicios', 1),
('4', '03', '04', '01', '00', 'Electricidad', 1),
('4', '03', '04', '02', '00', 'Gas', 1),
('4', '03', '04', '03', '00', 'Agua', 1),
('4', '03', '04', '04', '00', 'Teléfonos', 1),
('4', '03', '04', '05', '00', 'Servicio de comunicaciones', 1),
('4', '03', '04', '06', '00', 'Servicio de aseo urbano y domiciliario', 1),
('4', '03', '04', '07', '00', 'Servicio de condominio', 1),
('4', '03', '05', '01', '00', 'Servicio de administración, vigilancia y mantenimiento del servicio de electricidad', 1),
('4', '03', '05', '02', '00', 'Servicio de administración, vigilancia y mantenimiento del servicio de gas', 1),
('4', '03', '05', '03', '00', 'Servicio de administración, vigilancia y mantenimiento del servicio de agua', 1),
('4', '03', '05', '04', '00', 'Servicio de administración, vigilancia y mantenimiento del servicio de teléfonos', 1),
('4', '03', '05', '05', '00', 'Servicio de administración, vigilancia y mantenimiento del servicio de comunicaciones', 1),
('4', '03', '05', '06', '00', 'Servicio de administración, vigilancia y mantenimiento del servicio de aseo urbano y domiciliario', 1),
('4', '03', '06', '01', '00', 'Fletes y embalajes', 1),
('4', '03', '06', '02', '00', 'Almacenaje', 1),
('4', '03', '06', '03', '00', 'Estacionamiento', 1),
('4', '03', '06', '04', '00', 'Peaje', 1),
('4', '03', '06', '05', '00', 'Servicios de protección en traslado de fondos y de mensajería', 1),
('4', '03', '07', '01', '00', 'Publicidad y propaganda', 1),
('4', '03', '07', '02', '00', 'Imprenta y reproducción', 1),
('4', '03', '07', '03', '00', 'Relaciones sociales', 1),
('4', '03', '07', '04', '00', 'Avisos', 1),
('4', '03', '08', '01', '00', 'Primas y gastos de seguros', 1),
('4', '03', '08', '02', '00', 'Comisiones y gastos bancarios', 1),
('4', '03', '08', '03', '00', 'Comisiones y gastos de adquisición de seguros', 1),
('4', '03', '09', '01', '00', 'Viáticos y pasajes dentro del país', 1),
('4', '03', '09', '02', '00', 'Viáticos y pasajes fuera del país', 1),
('4', '03', '09', '03', '00', 'Asignación por kilómetros recorridos', 1),
('4', '03', '10', '01', '00', 'Servicios jurídicos', 1),
('4', '03', '10', '02', '00', 'Servicios de contabilidad y auditoría', 1),
('4', '03', '10', '03', '00', 'Servicios de procesamiento de datos', 1),
('4', '03', '10', '04', '00', 'Servicios de ingeniería y arquitectónicos', 1),
('4', '03', '10', '05', '00', 'Servicios médicos, odontológicos y otros servicios de sanidad', 1),
('4', '03', '10', '06', '00', 'Servicios de veterinaria', 1),
('4', '03', '10', '07', '00', 'Servicios de capacitación y adiestramiento', 1),
('4', '03', '10', '08', '00', 'Servicios presupuestarios', 1),
('4', '03', '10', '09', '00', 'Servicios de lavandería y tintorería', 1),
('4', '03', '10', '10', '00', 'Servicios de vigilancia y seguridad', 1),
('4', '03', '10', '11', '00', 'Servicios para la elaboración y suministro de comida', 1),
('4', '03', '10', '99', '00', 'Otros servicios profesionales y técnicos', 1),
('4', '03', '11', '01', '00', 'Conservación y reparaciones menores de maquinaria y demás equipos de construcción, campo, industria y taller', 1),
('4', '03', '11', '02', '00', 'Conservación y reparaciones menores de equipos de transporte, tracción y elevación', 1),
('4', '03', '11', '03', '00', 'Conservación y reparaciones menores de equipos de comunicaciones y de señalamiento', 1),
('4', '03', '11', '04', '00', 'Conservación y reparaciones menores de equipos médicoquirúrgicos dentales y de veterinaria', 1),
('4', '03', '11', '05', '00', 'Conservación y reparaciones menores de equipos científicos, religiosos, de enseñanza y recreación', 1),
('4', '03', '11', '06', '00', 'Conservación y reparaciones menores de equipos y armamentos de orden público, seguridad y defensa nacional', 1),
('4', '03', '11', '07', '00', 'Conservación y reparaciones menores de máquinas, muebles y demás equipos de oficina y alojamiento', 1),
('4', '03', '11', '99', '00', 'Conservación y reparaciones menores de otras maquinaria y equipos', 1),
('4', '03', '12', '01', '00', 'Conservación y reparaciones menores de obras en bienes del dominio privado', 1),
('4', '03', '12', '02', '00', 'Conservación y reparaciones menores de obras en bienes del dominio público', 1),
('4', '03', '13', '01', '00', 'Servicios de construcciones temporales', 1),
('4', '03', '14', '01', '00', 'Servicios de construcción de edificaciones para la venta', 1),
('4', '03', '15', '01', '00', 'Derechos de importación y servicios aduaneros', 1),
('4', '03', '15', '02', '00', 'Tasas y otros derechos obligatorios', 1),
('4', '03', '15', '03', '00', 'Asignación a agentes de especies fiscales', 1),
('4', '03', '15', '99', '00', 'Otros servicios fiscales', 1),
('4', '03', '16', '01', '00', 'Servicios de diversión, esparcimiento y culturales', 1),
('4', '03', '17', '01', '00', 'Servicios de gestión administrativa prestados por organismos de asistencia técnica', 1),
('4', '03', '18', '01', '00', 'Impuesto al valor agregado', 1),
('4', '03', '18', '99', '00', 'Otros impuestos indirectos', 1),
('4', '03', '19', '01', '00', 'Comisiones por servicios para cumplir con los beneficios sociales', 1),
('4', '03', '99', '01', '00', 'Otros servicios no personales', 1),
('4', '04', '01', '01', '00', 'Repuestos mayores', 1),
('4', '04', '01', '02', '00', 'Reparaciones, mejoras y adiciones mayores de maquinaria y equipos', 1),
('4', '04', '02', '01', '00', 'Conservación, ampliaciones y mejoras mayores de obras en bienes del dominio privado', 1),
('4', '04', '02', '02', '00', 'Conservación, ampliaciones y mejoras mayores de obras en bienes del dominio público', 1),
('4', '04', '03', '01', '00', 'Maquinaria y demás equipos de construcción y mantenimiento', 1),
('4', '04', '03', '02', '00', 'Maquinaria y equipos para mantenimiento de automotores', 1),
('4', '04', '03', '03', '00', 'Maquinaria y equipos agrícolas y pecuarios', 1),
('4', '04', '03', '04', '00', 'Maquinaria y equipos de artes gráficas y reproducción', 1),
('4', '04', '03', '05', '00', 'Maquinaria y equipos industriales y de taller', 1),
('4', '04', '03', '06', '00', 'Maquinaria y equipos de energía', 1),
('4', '04', '03', '07', '00', 'Maquinaria y equipos de riego y acueductos', 1),
('4', '04', '03', '08', '00', 'Equipos de almacén', 1),
('4', '04', '03', '99', '00', 'Otra maquinaria y demás equipos de construcción, campo, industria y taller', 1),
('4', '04', '04', '01', '00', 'Vehículos automotores terrestres', 1),
('4', '04', '04', '02', '00', 'Equipos ferroviarios y de cables aéreos', 1),
('4', '04', '04', '03', '00', 'Equipos marítimos de transporte', 1),
('4', '04', '04', '04', '00', 'Equipos aéreos de transporte', 1),
('4', '04', '04', '05', '00', 'Vehículos de tracción no motorizados', 1),
('4', '04', '04', '06', '00', 'Equipos auxiliares de transporte', 1),
('4', '04', '04', '99', '00', 'Otros equipos de transporte, tracción y elevación', 1),
('4', '04', '05', '01', '00', 'Equipos de telecomunicaciones', 1),
('4', '04', '05', '02', '00', 'Equipos de señalamiento', 1),
('4', '04', '05', '03', '00', 'Equipos de control de tráfico aéreo', 1),
('4', '04', '05', '04', '00', 'Equipos de correo', 1),
('4', '04', '05', '99', '00', 'Otros equipos de comunicaciones y de señalamiento', 1),
('4', '04', '06', '01', '00', 'Equipos médico - quirúrgicos, dentales y de veterinaria', 1),
('4', '04', '06', '99', '00', 'Otros equipos médico - quirúrgicos, dentales y de veterinaria', 1),
('4', '04', '07', '01', '00', 'Equipos científicos y de laboratorio', 1),
('4', '04', '07', '02', '00', 'Equipos de enseñanza, deporte y recreación', 1),
('4', '04', '07', '03', '00', 'Obras de arte', 1),
('4', '04', '07', '04', '00', 'Libros, revistas y otros instrumentos de enseñanzas', 1),
('4', '04', '07', '05', '00', 'Equipos religiosos', 1),
('4', '04', '07', '06', '00', 'Instrumentos musicales y equipos de audio', 1),
('4', '04', '07', '99', '00', 'Otros equipos científicos, religiosos, de enseñanza y recreación', 1),
('4', '04', '08', '01', '00', 'Equipos y armamentos de orden público, seguridad y defensa nacional', 1),
('4', '04', '08', '02', '00', 'Equipos y armamentos de seguridad para la custodia y resguardo personal', 1),
('4', '04', '08', '99', '00', 'Otros equipos y armamentos de orden público, seguridad y defensa', 1),
('4', '04', '09', '01', '00', 'Mobiliario y equipos de oficina', 1),
('4', '04', '09', '02', '00', 'Equipos de computación', 1),
('4', '04', '09', '03', '00', 'Mobiliario y equipos de alojamiento', 1),
('4', '04', '09', '99', '00', 'Otras máquinas, muebles y demás equipos de oficina y alojamiento', 1),
('4', '04', '10', '01', '00', 'Semovientes', 1),
('4', '04', '11', '01', '00', 'Adquisición de tierras y terrenos', 1),
('4', '04', '11', '02', '00', 'Adquisición de edificios e instalaciones', 1),
('4', '04', '11', '03', '00', 'Expropiación de tierras y terrenos', 1),
('4', '04', '11', '04', '00', 'Expropiación de edificios e instalaciones', 1),
('4', '04', '11', '05', '00', 'Adquisición de maquinaria y equipos usados', 1),
('4', '04', '12', '01', '00', 'Marcas de fábrica y patentes de invención', 1),
('4', '04', '12', '02', '00', 'Derechos de autor', 1),
('4', '04', '12', '03', '00', 'Gastos de organización', 1),
('4', '04', '12', '04', '00', 'Paquetes y programas de computación', 1),
('4', '04', '12', '05', '00', 'Estudios y proyectos', 1),
('4', '04', '12', '99', '00', 'Otros activos intangibles', 1),
('4', '04', '13', '01', '00', 'Estudios y proyectos aplicables a bienes del dominio privado', 1),
('4', '04', '13', '02', '00', 'Estudios y proyectos aplicables a bienes del dominio público', 1),
('4', '04', '14', '01', '00', 'Contratación de inspección de obras de bienes del dominio privado', 1),
('4', '04', '14', '02', '00', 'Contratación de inspección de obras de bienes del dominio público', 1),
('4', '04', '15', '01', '00', 'Construcciones de edificaciones médico-asistenciales', 1),
('4', '04', '15', '02', '00', 'Construcciones de edificaciones militares y de seguridad', 1),
('4', '04', '15', '03', '00', 'Construcciones de edificaciones educativas, religiosas y recreativas', 1),
('4', '04', '15', '04', '00', 'Construcciones de edificaciones culturales y deportivas', 1),
('4', '04', '15', '05', '00', 'Construcciones de edificaciones para oficina', 1),
('4', '04', '15', '06', '00', 'Construcciones de edificaciones industriales', 1),
('4', '04', '15', '07', '00', 'Construcciones de edificaciones habitacionales', 1),
('4', '04', '15', '99', '00', 'Otras construcciones del dominio privado', 1),
('4', '04', '16', '01', '00', 'Construcción de vialidad', 1),
('4', '04', '16', '02', '00', 'Construcción de plazas, parques y similares', 1),
('4', '04', '16', '03', '00', 'Construcciones de instalaciones hidráulicas', 1),
('4', '04', '16', '04', '00', 'Construcciones de puertos y aeropuertos', 1),
('4', '04', '16', '99', '00', 'Otras construcciones del dominio público', 1),
('4', '04', '99', '01', '00', 'Otros activos reales', 1),
('4', '05', '01', '01', '00', 'Aportes en acciones y participaciones de capital al sector privado', 1),
('4', '05', '01', '02', '00', 'Aportes en acciones y participaciones de capital al sector público', 1),
('4', '05', '01', '03', '00', 'Aportes en acciones y participaciones de capital al sector externo', 1),
('4', '05', '02', '01', '00', 'Adquisición de títulos y valores a corto plazo', 1),
('4', '05', '02', '02', '00', 'Adquisición de títulos y valores a largo plazo', 1),
('4', '05', '03', '01', '00', 'Concesión de préstamos al sector público a corto plazo', 1),
('4', '05', '03', '02', '00', 'Concesión de préstamos al sector público a corto plazo', 1),
('4', '05', '03', '03', '00', 'Concesión de préstamos al sector externo a corto plazo', 1),
('4', '05', '04', '01', '00', 'Concesión de préstamos al sector privado a largo plazo', 1),
('4', '05', '04', '02', '00', 'Concesión de préstamos al sector público a largo plazo', 1),
('4', '05', '04', '03', '00', 'Concesión de préstamos al sector externo a largo plazo', 1),
('4', '05', '05', '01', '00', 'Incremento en caja', 1),
('4', '05', '05', '02', '00', 'Incremento en bancos', 1),
('4', '05', '05', '03', '00', 'Incremento de inversiones temporales', 1),
('4', '05', '06', '01', '00', 'Incremento de cuentas comerciales por cobrar a corto plazo', 1),
('4', '05', '06', '02', '00', 'Incremento de rentas por recaudar a corto plazo', 1),
('4', '05', '06', '03', '00', 'Incremento de deudas por rendir', 1),
('4', '05', '06', '99', '00', 'Incremento de otras cuentas por cobrar a corto plazo', 1),
('4', '05', '07', '01', '00', 'Incremento de efectos comerciales por cobrar a corto plazo', 1),
('4', '05', '07', '99', '00', 'Incremento de otros efectos por cobrar a corto plazo', 1),
('4', '05', '08', '01', '00', 'Incremento de cuentas comerciales por cobrar a mediano y largo plazo', 1),
('4', '05', '08', '02', '00', 'Incremento de rentas por recaudar a mediano y largo plazo', 1),
('4', '05', '08', '99', '00', 'Incremento de otras cuentas por cobrar a mediano y largo plazo', 1),
('4', '05', '09', '01', '00', 'Incremento de efectos comerciales por cobrar a mediano y largo plazo', 1),
('4', '05', '09', '99', '00', 'Incremento de otros efectos por cobrar a mediano y largo plazo', 1),
('4', '05', '10', '01', '00', 'Incremento de fondos en avance', 1),
('4', '05', '10', '02', '00', 'Incremento de fondos en anticipos', 1),
('4', '05', '10', '03', '00', 'Incremento de fondos en fideicomiso', 1),
('4', '05', '10', '04', '00', 'Incremento de anticipos a proveedores', 1),
('4', '05', '10', '05', '00', 'Incremento de anticipos a contratistas por contratos de corto plazo', 1),
('4', '05', '10', '06', '00', 'Incremento de anticipos a contratistas por contratos de mediano y largo plazo', 1),
('4', '05', '11', '01', '00', 'Incremento de gastos a corto plazo pagados por anticipado', 1),
('4', '05', '11', '02', '00', 'Incremento de depósitos otorgados en garantía a corto plazo', 1),
('4', '05', '11', '99', '00', 'Incremento de otros activos diferidos a corto plazo', 1),
('4', '05', '12', '01', '00', 'Incremento de gastos a mediano y largo plazo pagados por anticipado', 1),
('4', '05', '12', '02', '00', 'Incremento de depósitos otorgados en garantía a mediano y largo plazo', 1),
('4', '05', '12', '99', '00', 'Incremento de otros activos diferidos a mediano y largo plazo', 1),
('4', '05', '13', '01', '00', 'Incremento del Fondo de Estabilización Macroeconómica (FEM) de la República', 1),
('4', '05', '13', '02', '00', 'Incremento del Fondo de Estabilización Macroeconómica (FEM) del Poder Estadal', 1),
('4', '05', '13', '03', '00', 'Incremento del Fondo de Estabilización Macroeconómica (FEM) del Poder Municipal', 1),
('4', '05', '14', '01', '00', 'Incremento del Fondo de Ahorro Intergeneracional', 1),
('4', '05', '16', '01', '00', 'Incremento del Fondo de Aportes del Sector Público', 1),
('4', '05', '20', '01', '00', 'Incremento de otros activos financieros circulantes', 1),
('4', '05', '21', '01', '00', 'Incremento de activos en gestión judicial a mediano y largo plazo', 1),
('4', '05', '21', '02', '00', 'Incremento de títulos y otros valores de la deuda pública en litigio a largo plazo', 1),
('4', '05', '21', '99', '00', 'Incremento de otros activos financieros no circulantes', 1),
('4', '05', '99', '01', '00', 'Otros activos financieros', 1),
('4', '06', '01', '01', '00', 'Gastos de defensa y seguridad del Estado', 1),
('4', '07', '01', '01', '00', 'Transferencias corrientes internas al sector privado', 1),
('4', '07', '01', '02', '00', 'Donaciones corrientes internas al sector privado', 1),
('4', '07', '01', '03', '00', 'Transferencias corrientes internas al sector público', 1),
('4', '07', '01', '04', '00', 'Donaciones corrientes internas al sector público', 1),
('4', '07', '01', '05', '00', 'Pensiones de altos funcionarios y altas funcionarias del poder público y de elección popular, del personal de alto nivel y de dirección', 1),
('4', '07', '01', '06', '00', 'Jubilaciones de altos funcionarios y altas funcionarias del poder público y de elección popular, del personal de alto nivel y de dirección', 1),
('4', '07', '02', '01', '00', 'Transferencias corrientes al exterior', 1),
('4', '07', '02', '02', '00', 'Donaciones corrientes al exterior', 1),
('4', '07', '03', '01', '00', 'Transferencias de capital internas al sector privado', 1),
('4', '07', '03', '02', '00', 'Donaciones de capital internas al sector privado', 1),
('4', '07', '03', '03', '00', 'Transferencias de capital internas al sector público', 1),
('4', '07', '03', '04', '00', 'Donaciones de capital internas al sector público', 1),
('4', '07', '04', '01', '00', 'Transferencias de capital al exterior', 1),
('4', '07', '04', '02', '00', 'Donaciones de capital al exterior', 1),
('4', '07', '05', '01', '00', 'Situado Constitucional', 1),
('4', '07', '05', '02', '00', 'Situado Estadal a Municipal', 1),
('4', '07', '06', '01', '00', 'Subsidio de Régimen Especial', 1),
('4', '07', '07', '01', '00', 'Subsidio de capitalidad', 1),
('4', '07', '08', '01', '00', 'Asignaciones Económicas Especiales (LAEE) Estadal', 1),
('4', '07', '08', '02', '00', 'Asignaciones Económicas Especiales (LAEE) Estadal a Municipal', 1),
('4', '07', '08', '03', '00', 'Asignaciones Económicas Especiales (LAEE) Municipal', 1),
('4', '07', '08', '04', '00', 'Asignaciones Económicas Especiales (LAEE) Fondo Nacional de los Consejos Comunales', 1),
('4', '07', '08', '05', '00', 'Asignaciones Económicas Especiales (LAEE) Apoyo al Fortalecimiento Institucional', 1),
('4', '07', '09', '01', '00', 'Aportes al Poder Estadal por transferencia de servicios', 1),
('4', '07', '09', '02', '00', 'Aportes al Poder Municipal por transferencia de servicios', 1),
('4', '07', '10', '01', '00', 'Fondo Intergubernamental para la Descentralización (FIDES)', 1),
('4', '07', '11', '01', '00', 'Fondo de Compensación Interterritorial Estadal', 1),
('4', '07', '11', '02', '00', 'Fondo de Compensación Interterritorial Municipal', 1),
('4', '07', '11', '03', '00', 'Fondo de Compensación Interterritorial Poder Popular', 1),
('4', '07', '11', '04', '00', 'Fondo de Compensación Interterritorial Fortalecimiento Institucional', 1),
('4', '07', '12', '01', '00', 'Transferencias y donaciones corrientes a Consejos Comunales', 1),
('4', '07', '12', '02', '00', 'Transferencias y donaciones de capital a Consejos Comunales', 1),
('4', '08', '01', '01', '00', 'Depreciación', 1),
('4', '08', '01', '02', '00', 'Amortización', 1),
('4', '08', '02', '01', '00', 'Intereses por depósitos internos', 1),
('4', '08', '02', '02', '00', 'Intereses por títulos y valores', 1),
('4', '08', '02', '03', '00', 'Intereses por otros financiamientos', 1),
('4', '08', '03', '01', '00', 'Gastos de siniestros', 1),
('4', '08', '03', '02', '00', 'Gastos de operaciones de reaseguros', 1),
('4', '08', '03', '99', '00', 'Otros gastos de operaciones de seguro', 1),
('4', '08', '04', '01', '00', 'Pérdidas en el proceso de distribución de los servicios', 1),
('4', '08', '04', '99', '00', 'Otras pérdidas en operación', 1),
('4', '08', '05', '01', '00', 'Devoluciones de cobros indebidos', 1),
('4', '08', '05', '02', '00', 'Devoluciones y reintegros diversos', 1),
('4', '08', '05', '03', '00', 'Indemnizaciones diversas', 1),
('4', '08', '06', '01', '00', 'Pérdidas en inventarios', 1),
('4', '08', '06', '02', '00', 'Pérdidas en operaciones cambiarias', 1),
('4', '08', '06', '03', '00', 'Pérdidas en ventas de activos', 1),
('4', '08', '06', '04', '00', 'Pérdidas por cuentas incobrables', 1),
('4', '08', '06', '05', '00', 'Participación en pérdidas de otras empresas', 1),
('4', '08', '06', '06', '00', 'Pérdidas por auto-seguro', 1),
('4', '08', '06', '07', '00', 'Impuestos directos', 1),
('4', '08', '06', '08', '00', 'Intereses de mora', 1),
('4', '08', '06', '09', '00', 'Reservas técnicas', 1),
('4', '08', '07', '01', '00', 'Descuentos sobre ventas', 1),
('4', '08', '07', '02', '00', 'Bonificaciones por ventas', 1),
('4', '08', '07', '03', '00', 'Devoluciones por ventas', 1),
('4', '08', '07', '04', '00', 'Devoluciones por primas de seguro', 1),
('4', '08', '08', '01', '00', 'Indemnizaciones por daños y perjuicios', 1),
('4', '08', '08', '02', '00', 'Sanciones pecuniarias', 1),
('4', '08', '99', '01', '00', 'Otros gastos', 1),
('4', '09', '01', '01', '00', 'Asignaciones no distribuidas de la Asamblea Nacional', 1),
('4', '09', '02', '01', '00', 'Asignaciones no distribuidas de la Contraloría General de la República', 1),
('4', '09', '03', '01', '00', 'Asignaciones no distribuidas del Consejo Nacional Electoral', 1),
('4', '09', '04', '01', '00', 'Asignaciones no distribuidas del Tribunal Supremo de Justicia', 1),
('4', '09', '05', '01', '00', 'Asignaciones no distribuidas del Ministerio Público', 1),
('4', '09', '06', '01', '00', 'Asignaciones no distribuidas de la Defensoría del Pueblo', 1),
('4', '09', '07', '01', '00', 'Asignaciones no distribuidas del Consejo Moral Republicano', 1),
('4', '09', '08', '01', '00', 'Reestructuración de organismos del sector público', 1),
('4', '09', '09', '01', '00', 'Fondo de apoyo al trabajador y su grupo familiar de la Administración Pública Nacional', 1),
('4', '09', '09', '02', '00', 'Fondo de apoyo al trabajador y su grupo familiar de las Entidades Federales, los Municipios y otras formas de gobierno municipal', 1),
('4', '09', '10', '01', '00', 'Reforma de la seguridad social', 1),
('4', '09', '11', '01', '00', 'Emergencias en el territorio nacional', 1),
('4', '09', '12', '01', '00', 'Fondo para la cancelación de pasivos laborales', 1),
('4', '09', '13', '01', '00', 'Fondo para la cancelación de deuda por servicios de electricidad teléfono, aseo, agua y condominio, de los organismos de la Administración Central', 1),
('4', '09', '13', '02', '00', 'Fondo para la cancelación de deuda por servicios de electricidad teléfono, aseo, agua y condominio, de los organismos de la  Administración Descentralizada Nacional', 1),
('4', '09', '14', '01', '00', 'Fondo para remuneraciones, pensiones y jubilaciones y otras retribuciones', 1),
('4', '09', '15', '01', '00', 'Fondo para atender compromisos generados de la Ley Orgánica del Trabajo, los Trabajadores y las Trabajadoras', 1),
('4', '09', '16', '01', '00', 'Asignaciones para cancelar compromisos pendientes de ejercicios anteriores', 1),
('4', '09', '17', '01', '00', 'Asignaciones para cancelar la deuda Fogade – Ministerio competente en Materia de Finanzas – Banco Central de Venezuela (BCV)', 1),
('4', '09', '18', '01', '00', 'Asignaciones para atender los gastos de la referenda y elecciones', 1),
('4', '09', '19', '01', '00', 'Asignaciones para atender los gastos por honorarios profesionales de bufetes internacionales, costas y costos judiciales', 1),
('4', '09', '20', '01', '00', 'Fondo para atender compromisos generados por la contratación colectiva', 1),
('4', '09', '21', '01', '00', 'Proyecto social especial', 1),
('4', '09', '22', '01', '00', 'Asignaciones para programas y proyectos financiados con recursos de organismos multilaterales y/o bilaterales', 1),
('4', '09', '23', '01', '00', 'Asignación para facilitar la preparación de proyectos', 1),
('4', '09', '24', '01', '00', 'Programas de inversión para las entidades estadales municipalidades y otras instituciones', 1),
('4', '09', '25', '01', '00', 'Cancelación de compromisos', 1),
('4', '09', '26', '01', '00', 'Asignaciones para atender gastos de los organismos del sector público', 1),
('4', '09', '27', '01', '00', 'Convenio de Cooperación Especial', 1),
('4', '10', '01', '01', '00', 'Servicio de la deuda pública interna a corto plazo de títulos valores', 1),
('4', '10', '01', '02', '00', 'Servicio de la deuda pública interna por préstamos a corto plazo', 1),
('4', '10', '01', '03', '00', 'Servicio de la deuda pública interna indirecta por préstamos a corto plazo', 1),
('4', '10', '02', '01', '00', 'Servicio de la deuda pública interna a largo plazo de títulos y valores', 1),
('4', '10', '02', '02', '00', 'Servicio de la deuda pública interna por préstamos a largo plazo', 1),
('4', '10', '02', '03', '00', 'Servicio de la deuda pública interna indirecta a largo plazo de títulos y valores', 1),
('4', '10', '02', '04', '00', 'Servicio de la deuda pública interna indirecta por préstamos a largo plazo', 1),
('4', '10', '03', '01', '00', 'Servicio de la deuda pública externa a corto plazo de títulos y valores', 1),
('4', '10', '03', '02', '00', 'Servicio de la deuda pública externa por préstamos a corto plazo', 1),
('4', '10', '03', '03', '00', 'Servicio de la deuda pública externa indirecta por préstamos a corto plazo', 1),
('4', '10', '04', '01', '00', 'Servicio de la deuda pública externa a largo plazo de títulos y valores', 1),
('4', '10', '04', '02', '00', 'Servicio de la deuda pública externa por préstamos a largo plazo', 1),
('4', '10', '04', '03', '00', 'Servicio de la deuda pública externa indirecta a largo plazo de títulos y valores', 1),
('4', '10', '04', '04', '00', 'Servicio de la deuda pública externa indirecta por préstamos a largo plazo', 1),
('4', '10', '05', '01', '00', 'Disminución por reestructuración y/o refinanciamiento de la deuda interna a largo plazo, en a corto plazo', 1),
('4', '10', '05', '02', '00', 'Disminución por reestructuración y/o refinanciamiento de la deuda interna a corto plazo, en a largo plazo', 1),
('4', '10', '05', '03', '00', 'Disminución por reestructuración y/o refinanciamiento de la deuda externa a largo plazo, en a corto plazo', 1),
('4', '10', '05', '04', '00', 'Disminución por reestructuración y/o refinanciamiento de la deuda externa a corto plazo, en a largo plazo', 1),
('4', '10', '05', '05', '00', 'Disminución de la deuda pública por distribuir', 1),
('4', '10', '06', '01', '00', 'Amortización de la deuda pública de obligaciones pendientes de ejercicios anteriores', 1),
('4', '10', '06', '02', '00', 'Intereses de la deuda pública de obligaciones pendientes de ejercicios anteriores', 1),
('4', '10', '06', '03', '00', 'Intereses por mora y multas de la deuda pública de obligaciones pendientes de ejercicios anteriores', 1),
('4', '10', '06', '04', '00', 'Comisiones y otros gastos de la deuda pública de obligaciones pendientes de ejercicios anteriores', 1),
('4', '11', '01', '01', '00', 'Disminución de sueldos, salarios y otras remuneraciones por pagar', 1),
('4', '11', '02', '01', '00', 'Disminución de aportes patronales y retenciones laborales por pagar al Instituto Venezolano de los Seguros Sociales (IVSS)', 1),
('4', '11', '02', '02', '00', 'Disminución de aportes patronales y retenciones laborales por pagar al Instituto de Previsión Social del Ministerio de Educación (Ipasme)', 1),
('4', '11', '02', '03', '00', 'Disminución de aportes patronales y retenciones laborales por pagar al Fondo de Jubilaciones', 1),
('4', '11', '02', '04', '00', 'Disminución de aportes patronales y retenciones laborales por pagar al Fondo de Seguro de Paro Forzoso', 1),
('4', '11', '02', '05', '00', 'Disminución de aportes patronales y retenciones laborales por pagar al Fondo de Ahorro Obligatorio para la Vivienda (FAOV)', 1),
('4', '11', '02', '06', '00', 'Disminución de aportes patronales y retenciones laborales por pagar al seguro de vida, accidentes personales, hospitalización, cirugía, maternidad (HCM) y gastos funerarios', 1),
('4', '11', '02', '07', '00', 'Disminución de aportes patronales y retenciones laborales por pagar a cajas de ahorro', 1),
('4', '11', '02', '08', '00', 'Disminución de aportes patronales por pagar a organismos de seguridad social', 1),
('4', '11', '02', '09', '00', 'Disminución de retenciones laborales por pagar al Instituto Nacional de Capacitación y Educación Socialista (Inces)', 1),
('4', '11', '02', '10', '00', 'Disminución de retenciones laborales por pagar por pensión alimenticia', 1),
('4', '11', '02', '98', '00', 'Disminución de otros aportes legales por pagar', 1),
('4', '11', '02', '99', '00', 'Disminución de otras retenciones laborales por pagar', 1),
('4', '11', '03', '01', '00', 'Disminución de cuentas por pagar a proveedores a corto plazo', 1),
('4', '11', '03', '02', '00', 'Disminución de efectos por pagar a proveedores a corto plazo', 1),
('4', '11', '03', '03', '00', 'Disminución de cuentas por pagar a proveedores a mediano y largo plazo', 1),
('4', '11', '03', '04', '00', 'Disminución de efectos por pagar a proveedores a mediano y largo plazo', 1),
('4', '11', '04', '01', '00', 'Disminución de cuentas por pagar a contratistas a corto plazo', 1),
('4', '11', '04', '02', '00', 'Disminución de efectos por pagar a contratistas a corto plazo', 1),
('4', '11', '04', '03', '00', 'Disminución de cuentas por pagar a contratistas a mediano largo y plazo', 1),
('4', '11', '04', '04', '00', 'Disminución de efectos por pagar a contratistas a mediano y plazo', 1),
('4', '11', '05', '01', '00', 'Disminución de intereses internos por pagar', 1),
('4', '11', '05', '02', '00', 'Disminución de intereses externos por pagar', 1),
('4', '11', '06', '01', '00', 'Disminución de obligaciones de ejercicios anteriores', 1),
('4', '11', '06', '02', '00', 'Disminución de otras cuentas por pagar a corto plazo', 1),
('4', '11', '06', '03', '00', 'Disminución de otros efectos por pagar a corto plazo', 1),
('4', '11', '07', '01', '00', 'Disminución de pasivos diferidos a corto plazo', 1),
('4', '11', '07', '02', '00', 'Disminución de pasivos diferidos a mediano y largo plazo', 1),
('4', '11', '08', '01', '00', 'Disminución de provisiones', 1),
('4', '11', '08', '02', '00', 'Disminución de reservas técnicas', 1),
('4', '11', '09', '01', '00', 'Disminución de depósitos recibidos en garantía', 1),
('4', '11', '09', '99', '00', 'Disminución de otros fondos de terceros', 1),
('4', '11', '10', '01', '00', 'Disminución de depósitos a la vista', 1),
('4', '11', '10', '02', '00', 'Disminución de depósitos a plazo fijo', 1),
('4', '11', '11', '01', '00', 'Devoluciones de cobros indebidos', 1),
('4', '11', '11', '02', '00', 'Devoluciones y reintegros diversos', 1),
('4', '11', '11', '03', '00', 'Indemnizaciones diversas', 1),
('4', '11', '11', '04', '00', 'Compromisos pendientes de ejercicios anteriores', 1),
('4', '11', '11', '05', '00', 'Prestaciones sociales originadas por la aplicación de la Ley Orgánica del Trabajo, los Trabajadores y las Trabajadoras', 1),
('4', '11', '98', '01', '00', 'Disminución de otros pasivos a corto plazo', 1),
('4', '11', '99', '01', '00', 'Disminución de otros pasivos a mediano y largo plazo', 1),
('4', '12', '01', '01', '00', 'Disminución del capital fiscal e institucional', 1),
('4', '12', '01', '02', '00', 'Disminución de aportes por capitalizar', 1),
('4', '12', '01', '03', '00', 'Disminución de dividendos a distribuir', 1),
('4', '12', '02', '01', '00', 'Disminución de reservas', 1),
('4', '12', '03', '01', '00', 'Ajuste por inflación', 1),
('4', '12', '04', '01', '00', 'Disminución de resultados acumulados', 1),
('4', '12', '04', '02', '00', 'Disminución de resultados del ejercicio', 1),
('4', '98', '01', '01', '00', 'Rectificaciones al presupuesto', 1);

-- --------------------------------------------------------

--
-- Estructura de tabla para la tabla `perfil`
--

CREATE TABLE `perfil` (
  `id` int(11) NOT NULL,
  `nombre` varchar(45) NOT NULL,
  `apellido` varchar(45) NOT NULL,
  `cedula` int(8) NOT NULL,
  `sexo` char(1) DEFAULT NULL,
  `user_accounts` int(11) NOT NULL
) ENGINE=InnoDB DEFAULT CHARSET=utf8 COMMENT='Perfil de usuario';

-- --------------------------------------------------------

--
-- Estructura de tabla para la tabla `plan_operativo`
--

CREATE TABLE `plan_operativo` (
  `id` int(11) NOT NULL,
  `plan_operativo` varchar(10) NOT NULL
) ENGINE=InnoDB DEFAULT CHARSET=utf8;

--
-- Volcado de datos para la tabla `plan_operativo`
--

INSERT INTO `plan_operativo` (`id`, `plan_operativo`) VALUES
(1, 'POA'),
(2, 'POAN');

-- --------------------------------------------------------

--
-- Estructura de tabla para la tabla `presentacion`
--

CREATE TABLE `presentacion` (
  `id` int(11) NOT NULL,
  `nombre` varchar(60) NOT NULL
) ENGINE=InnoDB DEFAULT CHARSET=utf8;

--
-- Volcado de datos para la tabla `presentacion`
--

INSERT INTO `presentacion` (`id`, `nombre`) VALUES
(1, 'Presentación'),
(2, 'No disponible');

-- --------------------------------------------------------

--
-- Estructura de tabla para la tabla `programacion_fisica_presupuestaria`
--

CREATE TABLE `programacion_fisica_presupuestaria` (
  `id` int(11) NOT NULL,
  `id_proyecto_accion_especifica` int(11) NOT NULL,
  `tipo_distribucion` int(11) DEFAULT NULL,
  `enero` decimal(10,0) DEFAULT NULL,
  `febrero` decimal(10,0) DEFAULT NULL,
  `marzo` decimal(10,0) DEFAULT NULL,
  `abril` decimal(10,0) DEFAULT NULL,
  `mayo` decimal(10,0) DEFAULT NULL,
  `junio` decimal(10,0) DEFAULT NULL,
  `julio` decimal(10,0) DEFAULT NULL,
  `agosto` decimal(10,0) DEFAULT NULL,
  `septiembre` decimal(10,0) DEFAULT NULL,
  `octubre` decimal(10,0) DEFAULT NULL,
  `noviembre` decimal(10,0) DEFAULT NULL,
  `diciembre` decimal(10,0) DEFAULT NULL
) ENGINE=InnoDB DEFAULT CHARSET=utf8;

-- --------------------------------------------------------

--
-- Estructura de tabla para la tabla `proyecto`
--

CREATE TABLE `proyecto` (
  `id` int(11) NOT NULL,
  `codigo_proyecto` varchar(45) DEFAULT NULL,
  `codigo_sne` varchar(45) DEFAULT NULL,
  `nombre` text NOT NULL,
  `fecha_inicio` date NOT NULL COMMENT 'Fecha de inicio del proyecto',
  `fecha_fin` date NOT NULL COMMENT 'Fecha de fin del proyecto',
  `estatus_proyecto` int(11) NOT NULL,
  `situacion_presupuestaria` int(11) NOT NULL,
  `monto_proyecto` decimal(20,2) DEFAULT NULL,
  `descripcion` text,
  `objetivo_general_proyecto` text COMMENT 'Objetivo General del proyecto',
  `sector` int(11) DEFAULT NULL,
  `sub_sector` int(11) DEFAULT NULL,
  `plan_operativo` int(11) NOT NULL,
  `objetivo_general` int(11) NOT NULL,
  `objetivo_estrategico_institucional` text NOT NULL,
  `ambito` int(11) NOT NULL,
  `aprobado` tinyint(4) NOT NULL DEFAULT '0' COMMENT 'Estatus de aprobación',
  `estatus` tinyint(1) NOT NULL DEFAULT '1'
) ENGINE=InnoDB DEFAULT CHARSET=utf8;

--
-- Volcado de datos para la tabla `proyecto`
--

INSERT INTO `proyecto` (`id`, `codigo_proyecto`, `codigo_sne`, `nombre`, `fecha_inicio`, `fecha_fin`, `estatus_proyecto`, `situacion_presupuestaria`, `monto_proyecto`, `descripcion`, `objetivo_general_proyecto`, `sector`, `sub_sector`, `plan_operativo`, `objetivo_general`, `objetivo_estrategico_institucional`, `ambito`, `aprobado`, `estatus`) VALUES
(1, '0001', '0001', 'Lorem ipsum dolor sit amet, per an accusata petentium conceptam, an case causae oporteat mel. Te epicuri praesent constituam mel, semper recusabo dissentiet ea qui. Quo dictas prompta constituam et.', '2016-01-01', '2016-12-31', 1, 1, '514124.12', 'Lorem ipsum dolor sit amet, consectetur adipiscing elit, sed do eiusmod tempor incididunt ut labore et dolore magna aliqua. Ut enim ad minim veniam, quis nostrud exercitation ullamco laboris nisi ut aliquip ex ea commodo consequat. Duis aute irure dolor in reprehenderit in voluptate velit esse cillum dolore eu fugiat nulla pariatur. Excepteur sint occaecat cupidatat non proident, sunt in culpa qui officia deserunt mollit anim id est laborum.', '', 1, 1, 1, 1, 'Aliquam aliquam lectus orci, rhoncus ultricies quam cursus at. Pellentesque ac ultrices est. Sed at cursus ante. Nunc molestie facilisis nisi quis congue. Donec vel vulputate leo. Praesent a rhoncus sapien, quis rutrum felis. Maecenas placerat, enim in euismod tincidunt, magna quam laoreet augue, at facilisis purus risus nec leo. Pellentesque pulvinar, augue at fringilla vulputate, lorem nulla finibus justo, suscipit pretium risus dolor vel diam.', 4, 0, 1),
(999999, '9999', '9999', 'Proyecto de prueba', '2016-01-01', '2017-12-31', 1, 1, '46578.44', 'Duis aute irure dolor in reprehenderit in voluptate velit esse cillum dolore eu fugiat nulla pariatur. Excepteur sint occaecat cupidatat non proident, sunt in culpa qui officia deserunt mollit anim id est laborum.', '', 1, 1, 1, 1, 'Praesent a rhoncus sapien, quis rutrum felis. Maecenas placerat, enim in euismod tincidunt, magna quam laoreet augue, at facilisis purus risus nec leo. Pellentesque pulvinar, augue at fringilla vulputate, lorem nulla finibus justo, suscipit pretium risus dolor vel diam.', 1, 0, 1);

-- --------------------------------------------------------

--
-- Estructura de tabla para la tabla `proyecto_accion_especifica`
--

CREATE TABLE `proyecto_accion_especifica` (
  `id` int(11) NOT NULL,
  `id_proyecto` int(11) NOT NULL,
  `codigo_accion_especifica` varchar(3) NOT NULL,
  `nombre` text,
  `unidad_medida` int(11) NOT NULL,
  `meta` int(11) NOT NULL,
  `ponderacion` float(1,1) NOT NULL,
  `bien_servicio` text CHARACTER SET utf8 NOT NULL,
  `id_unidad_ejecutora` int(11) NOT NULL,
  `fecha_inicio` date NOT NULL COMMENT 'Fecha de inicio de la acción específica',
  `fecha_fin` date NOT NULL COMMENT 'Fecha de fin de la acción específica',
  `estatus` tinyint(4) NOT NULL,
  `aprobado` tinyint(1) NOT NULL DEFAULT '0'
) ENGINE=InnoDB DEFAULT CHARSET=latin1;

--
-- Volcado de datos para la tabla `proyecto_accion_especifica`
--

INSERT INTO `proyecto_accion_especifica` (`id`, `id_proyecto`, `codigo_accion_especifica`, `nombre`, `unidad_medida`, `meta`, `ponderacion`, `bien_servicio`, `id_unidad_ejecutora`, `fecha_inicio`, `fecha_fin`, `estatus`, `aprobado`) VALUES
(37, 1, '002', 'proyecto de prueba', 5, 3, 0.9, 'servicio', 9, '2016-01-01', '2016-12-31', 1, 0);

-- --------------------------------------------------------

--
-- Estructura de tabla para la tabla `proyecto_ae_meta`
--

CREATE TABLE `proyecto_ae_meta` (
  `id` int(11) NOT NULL,
  `id_proyecto_accion_especifica` int(11) NOT NULL,
  `enero` int(11) NOT NULL,
  `febrero` int(11) NOT NULL,
  `marzo` int(11) NOT NULL,
  `abril` int(11) NOT NULL,
  `mayo` int(11) NOT NULL,
  `junio` int(11) NOT NULL,
  `julio` int(11) NOT NULL,
  `agosto` int(11) NOT NULL,
  `septiembre` int(11) NOT NULL,
  `octubre` int(11) NOT NULL,
  `noviembre` int(11) NOT NULL,
  `diciembre` int(11) NOT NULL,
  `status` tinyint(1) NOT NULL,
  `fecha_creacion` timestamp NOT NULL DEFAULT CURRENT_TIMESTAMP ON UPDATE CURRENT_TIMESTAMP
) ENGINE=InnoDB DEFAULT CHARSET=utf8 COMMENT='Meta física de accion especifica de proyecto';

-- --------------------------------------------------------

--
-- Estructura de tabla para la tabla `proyecto_alcance`
--

CREATE TABLE `proyecto_alcance` (
  `id` int(11) NOT NULL,
  `id_proyecto` int(11) NOT NULL,
  `enunciado_problema` text NOT NULL COMMENT 'Enunciado del problema o necesidad',
  `poblacion_afectada` text NOT NULL COMMENT 'Población afectada',
  `indicador_situacion` text NOT NULL COMMENT 'Indicador de la situación inicial',
  `formula_indicador` text NOT NULL COMMENT 'Fórmula del indicador',
  `fuente_indicador` varchar(45) NOT NULL COMMENT 'Fuente del indicador',
  `fecha_indicador_inicial` date NOT NULL COMMENT 'Fecha del indicador de la situación inicial',
  `enunciado_situacion_deseada` text NOT NULL COMMENT 'Enunciado de la situación deseada',
  `poblacion_objetivo` text NOT NULL COMMENT 'Población objetivo',
  `indicador_situacion_deseada` text NOT NULL COMMENT 'Indicador de la situación deseada',
  `resultado_esperado` text NOT NULL COMMENT 'Resultado esperado',
  `unidad_medida` int(11) NOT NULL COMMENT 'Unidad de medida',
  `meta_proyecto` text NOT NULL COMMENT 'Meta del proyecto',
  `benficiarios_femeninos` float NOT NULL COMMENT 'Número de beneficiarios femeninos',
  `beneficiarios_masculinos` float NOT NULL COMMENT 'Número de beneficiarios masculinos',
  `denominacion_beneficiario` varchar(45) NOT NULL COMMENT 'Denominación del beneficiario',
  `total_empleos_directos_femeninos` float NOT NULL COMMENT 'Total de empleos directos femeninos',
  `total_empleos_directos_masculino` float NOT NULL COMMENT 'Total de empleos directos masculinos',
  `empleos_directos_nuevos_femeninos` float NOT NULL COMMENT 'Empleos directos nuevos femeninos',
  `empleos_directos_nuevos_masculino` float NOT NULL COMMENT 'Empleos directos nuevos masculinos',
  `empleos_directos_sostenidos_femeninos` float NOT NULL COMMENT 'Empleos directos sostenidos femeninos',
  `empleos_directos_sostenidos_masculino` float NOT NULL COMMENT 'Empleos directos sostenidos masculinos',
  `requiere_accion_no_financiera` tinyint(1) NOT NULL COMMENT '¿Este proyecto requiere acciones no financieras de otra institución o instancia del Poder Popular?',
  `especifique_con_cual` int(11) DEFAULT NULL COMMENT 'Si es si, especifique con cual',
  `requiere_nombre_institucion` varchar(80) DEFAULT NULL COMMENT 'Nombre de la institución',
  `requiere_nombre_instancia` varchar(80) DEFAULT NULL COMMENT 'Nombre de la instancia',
  `requiere_mencione_acciones` text COMMENT 'Mencione las acciones',
  `contribuye_complementa` tinyint(1) NOT NULL COMMENT '¿Contribuye o complementa acciones de otra institución o instancia del Poder Popular?',
  `especifique_complementa_cual` int(11) DEFAULT NULL COMMENT 'Si es si, especifique',
  `contribuye_nombre_institucion` varchar(80) DEFAULT NULL COMMENT 'Nombre de la institución',
  `contribuye_nombre_instancia` varchar(80) DEFAULT NULL COMMENT 'Nombre de la instancia',
  `contribuye_mencione_acciones` text COMMENT 'Mencione las acciones',
  `vinculado_otro` tinyint(1) NOT NULL COMMENT '¿Este proyecto está vinculado a otro?',
  `vinculado_especifique` int(11) DEFAULT NULL COMMENT 'Si es si, especifique',
  `vinculado_nombre_institucion` varchar(80) DEFAULT NULL COMMENT 'Nombre de la institución responsable del proyecto con el que este se encuentra vinculado',
  `vinculado_nombre_instancia` varchar(80) DEFAULT NULL COMMENT 'Nombre de la instancia responsable del proyecto con el que este se encuentra vinculado',
  `vinculado_nombre_proyecto` text COMMENT 'Nombre del proyecto con el que se encuentra vinculado',
  `vinculado_medida` text COMMENT '¿En que medida se encuentran vinculados los proyectos?',
  `obstaculos` text NOT NULL COMMENT ' ¿Cuáles serían los supuestos obstáculos para la ejecución de este proyecto? Especifique:'
) ENGINE=InnoDB DEFAULT CHARSET=utf8 COMMENT='Alcance e impacto del proyecto';

--
-- Volcado de datos para la tabla `proyecto_alcance`
--

INSERT INTO `proyecto_alcance` (`id`, `id_proyecto`, `enunciado_problema`, `poblacion_afectada`, `indicador_situacion`, `formula_indicador`, `fuente_indicador`, `fecha_indicador_inicial`, `enunciado_situacion_deseada`, `poblacion_objetivo`, `indicador_situacion_deseada`, `resultado_esperado`, `unidad_medida`, `meta_proyecto`, `benficiarios_femeninos`, `beneficiarios_masculinos`, `denominacion_beneficiario`, `total_empleos_directos_femeninos`, `total_empleos_directos_masculino`, `empleos_directos_nuevos_femeninos`, `empleos_directos_nuevos_masculino`, `empleos_directos_sostenidos_femeninos`, `empleos_directos_sostenidos_masculino`, `requiere_accion_no_financiera`, `especifique_con_cual`, `requiere_nombre_institucion`, `requiere_nombre_instancia`, `requiere_mencione_acciones`, `contribuye_complementa`, `especifique_complementa_cual`, `contribuye_nombre_institucion`, `contribuye_nombre_instancia`, `contribuye_mencione_acciones`, `vinculado_otro`, `vinculado_especifique`, `vinculado_nombre_institucion`, `vinculado_nombre_instancia`, `vinculado_nombre_proyecto`, `vinculado_medida`, `obstaculos`) VALUES
(1, 1, 'Según indican los últimos datos del INE correspondiente a enero de 2015,  en torno a la situación de la fuerza de trabajo, en Venezuela existe una población ocupada en el sector informal de 5.394.922  trabajadores  y trabajadoras que no disfrutan de ningún tipo de protección social o tienen una cobertura de seguridad social muy limitada por lo que se hace necesario la ejecución de un conjunto de acciones que permitan su inclusión al régimen de pensiones y otras asignaciones económicas.', '4.157.726  trabajadores y trabajadoras no dependientes se encuentran fuera del sistema de seguridad social.', 'El 77% de trabajadores no dependientes se encuentran fuera del sistema de seguridad social.', 'Trab. No dependientes excluidos SS= Trab. No dependientes excluidos SS/Total trab. No dependiente X100', 'INE', '2015-01-01', '1.338.496 de trabajadores y trabajadoras no dependientes incorporados al sistema de seguridad social.', '101.300 trabajadores y trabajadoras no incorporados al regimen de pensiones y otras asignaciones económicas.', '74,57%  de trabajadores no dependientes se encuentran fuera del sistema de seguridad social para el año 2015.', 'Trabajadores y trabajadoras no dependientes orientados en cuanto sus deberes y derechos de la Seguridad Social.', 2, '101.300', 50, 50, 'Trabajadores', 0, 0, 0, 0, 0, 0, 0, NULL, '', '', '', 0, NULL, '', '', '', 0, NULL, '', '', '', '', 'Ninguno.'),
(3, 999999, 'asfasf', 'adsfafas', 'asfasf', 'asfas', 'asfasf', '0000-00-00', 'asdasafs', 'asfasfas', 'asfasfsaf', 'asfasaf', 1, 'fadfdas', 1, 1, 'asdasd', 1, 1, 1, 1, 1, 1, 0, NULL, '', '', '', 0, NULL, '', '', '', 0, NULL, '', '', '', '', 'asfasfasf');

-- --------------------------------------------------------

--
-- Estructura de tabla para la tabla `proyecto_fuente_financiamiento`
--

CREATE TABLE `proyecto_fuente_financiamiento` (
  `id` int(11) NOT NULL
) ENGINE=InnoDB DEFAULT CHARSET=utf8;

-- --------------------------------------------------------

--
-- Estructura de tabla para la tabla `proyecto_localizacion`
--

CREATE TABLE `proyecto_localizacion` (
  `id` int(11) NOT NULL,
  `id_proyecto` int(11) NOT NULL,
  `id_pais` int(11) NOT NULL,
  `id_estado` int(11) DEFAULT NULL,
  `id_municipio` int(11) DEFAULT NULL,
  `id_parroquia` int(11) DEFAULT NULL
) ENGINE=InnoDB DEFAULT CHARSET=utf8;

--
-- Volcado de datos para la tabla `proyecto_localizacion`
--

INSERT INTO `proyecto_localizacion` (`id`, `id_proyecto`, `id_pais`, `id_estado`, `id_municipio`, `id_parroquia`) VALUES
(1, 1, 862, 2, NULL, NULL),
(3, 1, 862, 16, NULL, NULL),
(4, 1, 862, 5, NULL, NULL),
(15, 999999, 862, NULL, NULL, NULL);

-- --------------------------------------------------------

--
-- Estructura de tabla para la tabla `proyecto_pedido`
--

CREATE TABLE `proyecto_pedido` (
  `id` int(11) NOT NULL,
  `id_material` int(11) NOT NULL,
  `enero` int(11) NOT NULL DEFAULT '0',
  `febrero` int(11) NOT NULL DEFAULT '0',
  `marzo` int(11) NOT NULL DEFAULT '0',
  `abril` int(11) NOT NULL DEFAULT '0',
  `mayo` int(11) NOT NULL DEFAULT '0',
  `junio` int(11) NOT NULL DEFAULT '0',
  `julio` int(11) NOT NULL DEFAULT '0',
  `agosto` int(11) NOT NULL DEFAULT '0',
  `septiembre` int(11) NOT NULL DEFAULT '0',
  `octubre` int(11) NOT NULL DEFAULT '0',
  `noviembre` int(11) NOT NULL DEFAULT '0',
  `diciembre` int(11) NOT NULL DEFAULT '0',
  `precio` decimal(12,2) NOT NULL,
  `fecha_creacion` timestamp NOT NULL DEFAULT CURRENT_TIMESTAMP ON UPDATE CURRENT_TIMESTAMP,
  `asignado` int(11) NOT NULL COMMENT 'ID de la asignacion (Usuario-UE-AC)',
  `estatus` tinyint(1) NOT NULL
) ENGINE=InnoDB DEFAULT CHARSET=utf8;

--
-- Volcado de datos para la tabla `proyecto_pedido`
--

INSERT INTO `proyecto_pedido` (`id`, `id_material`, `enero`, `febrero`, `marzo`, `abril`, `mayo`, `junio`, `julio`, `agosto`, `septiembre`, `octubre`, `noviembre`, `diciembre`, `precio`, `fecha_creacion`, `asignado`, `estatus`) VALUES
(11, 1105, 22, 22, 22, 0, 0, 0, 0, 0, 0, 0, 0, 0, '390.00', '2016-08-05 18:58:44', 13, 1),
(12, 1104, 20, 20, 100, 0, 0, 0, 0, 0, 0, 0, 100, 0, '1800.00', '2016-08-05 19:05:10', 13, 1);

-- --------------------------------------------------------

--
-- Estructura de tabla para la tabla `proyecto_registrador`
--

CREATE TABLE `proyecto_registrador` (
  `id` int(11) NOT NULL,
  `nombre` varchar(30) NOT NULL,
  `cedula` int(10) NOT NULL,
  `email` varchar(80) DEFAULT NULL,
  `telefono` varchar(14) NOT NULL,
  `id_proyecto` int(11) NOT NULL
) ENGINE=InnoDB DEFAULT CHARSET=utf8;

--
-- Volcado de datos para la tabla `proyecto_registrador`
--

INSERT INTO `proyecto_registrador` (`id`, `nombre`, `cedula`, `email`, `telefono`, `id_proyecto`) VALUES
(3, 'Carlos Samaniego', 16344539, 'catu52@yahoo.com', '+584262130565', 1);

-- --------------------------------------------------------

--
-- Estructura de tabla para la tabla `proyecto_responsable`
--

CREATE TABLE `proyecto_responsable` (
  `id` int(11) NOT NULL,
  `nombre` varchar(45) NOT NULL,
  `cedula` int(10) NOT NULL,
  `email` varchar(45) NOT NULL,
  `telefono` varchar(14) NOT NULL,
  `id_proyecto` int(11) NOT NULL
) ENGINE=InnoDB DEFAULT CHARSET=utf8;

--
-- Volcado de datos para la tabla `proyecto_responsable`
--

INSERT INTO `proyecto_responsable` (`id`, `nombre`, `cedula`, `email`, `telefono`, `id_proyecto`) VALUES
(4, 'John Doe', 123456789, 'john@correo.com', '+584262130565', 1);

-- --------------------------------------------------------

--
-- Estructura de tabla para la tabla `proyecto_responsable_administrativo`
--

CREATE TABLE `proyecto_responsable_administrativo` (
  `id` int(11) NOT NULL,
  `nombre` varchar(45) NOT NULL,
  `cedula` int(10) NOT NULL,
  `email` varchar(45) NOT NULL,
  `telefono` varchar(45) NOT NULL,
  `unidad_administradora` varchar(45) NOT NULL,
  `id_proyecto` int(11) NOT NULL
) ENGINE=InnoDB DEFAULT CHARSET=utf8;

-- --------------------------------------------------------

--
-- Estructura de tabla para la tabla `proyecto_responsable_tecnico`
--

CREATE TABLE `proyecto_responsable_tecnico` (
  `id` int(11) NOT NULL,
  `nombre` varchar(45) NOT NULL,
  `cedula` int(10) NOT NULL,
  `email` varchar(45) NOT NULL,
  `telefono` varchar(45) NOT NULL,
  `unidad_tecnica` varchar(45) NOT NULL,
  `id_proyecto` int(11) NOT NULL
) ENGINE=InnoDB DEFAULT CHARSET=utf8;

--
-- Volcado de datos para la tabla `proyecto_responsable_tecnico`
--

INSERT INTO `proyecto_responsable_tecnico` (`id`, `nombre`, `cedula`, `email`, `telefono`, `unidad_tecnica`, `id_proyecto`) VALUES
(2, 'Jane', 65498732, 'jane@correo.com', '(212)9876543', 'Tecnica', 1);

-- --------------------------------------------------------

--
-- Estructura de tabla para la tabla `proyecto_usuario_asignar`
--

CREATE TABLE `proyecto_usuario_asignar` (
  `id` int(11) NOT NULL,
  `usuario_id` int(11) NOT NULL COMMENT 'Llave foránea de usuario',
  `proyecto_especifica` int(11) NOT NULL COMMENT 'llave foránea de acción especifica',
  `estatus` tinyint(1) NOT NULL
) ENGINE=InnoDB DEFAULT CHARSET=utf8 COMMENT='Relación entre usuarios, unidades ejecutoras y acciones específicas de un proyecto';

--
-- Volcado de datos para la tabla `proyecto_usuario_asignar`
--

INSERT INTO `proyecto_usuario_asignar` (`id`, `usuario_id`, `proyecto_especifica`, `estatus`) VALUES
(13, 2, 37, 1);

-- --------------------------------------------------------

--
-- Estructura de tabla para la tabla `responsable_acc_variable`
--

CREATE TABLE `responsable_acc_variable` (
  `id` int(11) NOT NULL,
  `nombre` varchar(45) NOT NULL,
  `cedula` int(10) NOT NULL,
  `email` varchar(45) NOT NULL,
  `telefono` varchar(45) NOT NULL,
  `oficina` varchar(60) NOT NULL,
  `id_variable` int(11) NOT NULL
) ENGINE=InnoDB DEFAULT CHARSET=utf8;

--
-- Volcado de datos para la tabla `responsable_acc_variable`
--

INSERT INTO `responsable_acc_variable` (`id`, `nombre`, `cedula`, `email`, `telefono`, `oficina`, `id_variable`) VALUES
(19, 'walter', 17389814, 'walter86_79@hotmail.com', '02124813639', 'caracas', 31),
(20, 'walteer', 17389814, 'walter86_79@hotmail.com', '02124813639', 'caracas', 32),
(21, 'walter', 17389814, 'walter86_79@hotmail.com', '02124813630', 'caracas', 33);

-- --------------------------------------------------------

--
-- Estructura de tabla para la tabla `sector`
--

CREATE TABLE `sector` (
  `id` int(11) NOT NULL,
  `sector` varchar(30) NOT NULL
) ENGINE=InnoDB DEFAULT CHARSET=utf8;

--
-- Volcado de datos para la tabla `sector`
--

INSERT INTO `sector` (`id`, `sector`) VALUES
(1, 'Seguridad Social'),
(2, 'Dirección Superior del Estado'),
(3, 'Seguridad_y_Defensa'),
(4, 'Agrícola'),
(5, 'Energía_Minas_y_Petróleo'),
(6, 'Industria_y_Comercio'),
(7, 'Turismo_y_recreación'),
(8, 'Transporte_y_Comunicaciones'),
(9, 'Educación'),
(10, 'Cultura_y_Comunicación_Social'),
(11, 'Ciencia_y_Tecnología'),
(12, 'Vivienda_Desarrollo_Urbano_y_S'),
(13, 'Salud'),
(14, 'Desarrollo_Social_y_Participac'),
(15, 'Seguridad_Social'),
(16, 'Gastos_No_Clasificados_Sectori');

-- --------------------------------------------------------

--
-- Estructura de tabla para la tabla `situacion_presupuestaria`
--

CREATE TABLE `situacion_presupuestaria` (
  `id` int(11) NOT NULL,
  `situacion` varchar(25) NOT NULL
) ENGINE=InnoDB DEFAULT CHARSET=utf8;

--
-- Volcado de datos para la tabla `situacion_presupuestaria`
--

INSERT INTO `situacion_presupuestaria` (`id`, `situacion`) VALUES
(1, 'Por iniciar');

-- --------------------------------------------------------

--
-- Estructura de tabla para la tabla `sub_sector`
--

CREATE TABLE `sub_sector` (
  `id` int(11) NOT NULL,
  `sub_sector` varchar(30) NOT NULL
) ENGINE=InnoDB DEFAULT CHARSET=utf8;

--
-- Volcado de datos para la tabla `sub_sector`
--

INSERT INTO `sub_sector` (`id`, `sub_sector`) VALUES
(1, 'N/D');

-- --------------------------------------------------------

--
-- Estructura de tabla para la tabla `tipo_distribucion`
--

CREATE TABLE `tipo_distribucion` (
  `id` int(11) NOT NULL,
  `nombre` varchar(45) CHARACTER SET latin1 DEFAULT NULL
) ENGINE=InnoDB DEFAULT CHARSET=utf8;

-- --------------------------------------------------------

--
-- Estructura de tabla para la tabla `tipo_entidad`
--

CREATE TABLE `tipo_entidad` (
  `id` int(11) NOT NULL,
  `nombre` varchar(100) NOT NULL
) ENGINE=InnoDB DEFAULT CHARSET=utf8;

--
-- Volcado de datos para la tabla `tipo_entidad`
--

INSERT INTO `tipo_entidad` (`id`, `nombre`) VALUES
(1, 'PROYECTO'),
(2, 'ACCIÓN CENTRALIZADA');

-- --------------------------------------------------------

--
-- Estructura de tabla para la tabla `tipo_financiamiento`
--

CREATE TABLE `tipo_financiamiento` (
  `id` int(11) NOT NULL,
  `tipo` varchar(45) NOT NULL
) ENGINE=InnoDB DEFAULT CHARSET=utf8;

--
-- Volcado de datos para la tabla `tipo_financiamiento`
--

INSERT INTO `tipo_financiamiento` (`id`, `tipo`) VALUES
(1, 'Total'),
(2, 'Parcial');

-- --------------------------------------------------------

--
-- Estructura de tabla para la tabla `ue_partida_entidad`
--

CREATE TABLE `ue_partida_entidad` (
  `id` int(11) NOT NULL,
  `cuenta` char(1) NOT NULL COMMENT 'foránea de partida-partida-cuenta',
  `partida` char(2) NOT NULL COMMENT 'foránea partida-partida_partida',
  `id_ue` int(11) NOT NULL COMMENT 'foránea de unidad ejecutora',
  `id_tipo_entidad` int(11) NOT NULL COMMENT 'foránea de tipo entidad'
) ENGINE=InnoDB DEFAULT CHARSET=utf8;

--
-- Volcado de datos para la tabla `ue_partida_entidad`
--

INSERT INTO `ue_partida_entidad` (`id`, `cuenta`, `partida`, `id_ue`, `id_tipo_entidad`) VALUES
(4539, '4', '01', 14, 1),
(4540, '4', '01', 14, 2),
(4098, '4', '02', 2, 1),
(4541, '4', '02', 2, 2),
(4542, '4', '02', 3, 2),
(4543, '4', '02', 4, 2),
(4544, '4', '02', 5, 2),
(4545, '4', '02', 6, 2),
(4546, '4', '02', 7, 2),
(4547, '4', '02', 8, 2),
(4548, '4', '02', 9, 2),
(4549, '4', '02', 10, 2),
(4550, '4', '02', 11, 2),
(4551, '4', '02', 12, 2),
(4552, '4', '02', 13, 2),
(4553, '4', '02', 14, 2),
(4554, '4', '02', 15, 2),
(4555, '4', '02', 16, 2),
(4556, '4', '02', 17, 2),
(4557, '4', '02', 18, 2),
(4558, '4', '02', 19, 2),
(4559, '4', '02', 20, 2),
(4560, '4', '02', 21, 2),
(4561, '4', '02', 22, 2),
(4562, '4', '02', 23, 2),
(4563, '4', '02', 24, 2),
(4564, '4', '02', 25, 2),
(4565, '4', '02', 26, 2),
(4566, '4', '02', 27, 2),
(4567, '4', '02', 28, 2),
(4568, '4', '02', 29, 2),
(4569, '4', '02', 30, 2),
(4570, '4', '02', 31, 2),
(4571, '4', '02', 32, 2),
(4572, '4', '02', 33, 2),
(4573, '4', '02', 34, 2),
(4574, '4', '02', 35, 2),
(4575, '4', '02', 36, 2),
(4576, '4', '02', 37, 2),
(4577, '4', '02', 38, 2),
(4578, '4', '02', 39, 2),
(4579, '4', '02', 40, 2),
(4580, '4', '02', 41, 2),
(4581, '4', '02', 42, 2),
(4582, '4', '02', 43, 2),
(4583, '4', '02', 44, 2),
(4584, '4', '02', 45, 2),
(4585, '4', '02', 46, 2),
(4586, '4', '02', 47, 2),
(4587, '4', '02', 48, 2),
(4588, '4', '02', 49, 2),
(4589, '4', '02', 50, 2),
(4590, '4', '02', 51, 2),
(4591, '4', '02', 52, 2),
(4592, '4', '02', 53, 2),
(4593, '4', '02', 54, 2),
(4594, '4', '02', 55, 2),
(4595, '4', '02', 56, 2),
(4596, '4', '02', 57, 2),
(4597, '4', '02', 58, 2),
(4598, '4', '02', 59, 2),
(4599, '4', '02', 60, 2),
(4600, '4', '02', 61, 2),
(4601, '4', '02', 62, 2),
(4602, '4', '02', 63, 2),
(4603, '4', '02', 64, 2),
(4604, '4', '02', 65, 2),
(4605, '4', '02', 66, 2),
(4606, '4', '02', 67, 2),
(4607, '4', '02', 68, 2),
(4608, '4', '02', 69, 2),
(4609, '4', '02', 70, 2),
(4610, '4', '02', 71, 2),
(4611, '4', '02', 72, 2),
(4612, '4', '02', 73, 2),
(4613, '4', '02', 74, 2),
(4614, '4', '02', 75, 2),
(4615, '4', '02', 76, 2),
(4616, '4', '02', 77, 2),
(4617, '4', '02', 78, 2),
(4618, '4', '02', 79, 2),
(4619, '4', '02', 80, 2),
(4620, '4', '02', 81, 2),
(4621, '4', '02', 82, 2),
(4622, '4', '02', 83, 2),
(4623, '4', '02', 84, 2),
(4624, '4', '02', 85, 2),
(4625, '4', '02', 86, 2),
(4626, '4', '02', 87, 2),
(4627, '4', '02', 88, 2),
(4628, '4', '02', 89, 2),
(4629, '4', '02', 90, 2),
(4630, '4', '02', 91, 2),
(4631, '4', '02', 92, 2),
(4632, '4', '02', 93, 2),
(4633, '4', '02', 94, 2),
(4634, '4', '02', 95, 2),
(4635, '4', '02', 96, 2),
(4636, '4', '02', 97, 2),
(4637, '4', '02', 98, 2),
(4638, '4', '02', 99, 2),
(4639, '4', '02', 100, 2),
(4640, '4', '02', 101, 2),
(4641, '4', '02', 102, 2),
(4642, '4', '02', 103, 2),
(4643, '4', '02', 104, 2),
(4644, '4', '02', 105, 2),
(4645, '4', '02', 106, 2),
(4646, '4', '02', 107, 2),
(4647, '4', '02', 108, 2),
(4648, '4', '02', 109, 2),
(4649, '4', '02', 110, 2),
(4650, '4', '02', 111, 2),
(4651, '4', '02', 112, 2),
(4652, '4', '02', 113, 2),
(4653, '4', '02', 114, 2),
(4654, '4', '02', 115, 2),
(4655, '4', '02', 116, 2),
(4656, '4', '02', 117, 2),
(4657, '4', '02', 118, 2),
(4658, '4', '02', 119, 2),
(4659, '4', '02', 120, 2),
(4660, '4', '02', 121, 2),
(4661, '4', '02', 122, 2),
(4662, '4', '02', 123, 2),
(4663, '4', '02', 124, 2),
(4664, '4', '02', 125, 2),
(4665, '4', '02', 126, 2),
(4666, '4', '02', 127, 2),
(4667, '4', '02', 128, 2),
(4668, '4', '02', 129, 2),
(4669, '4', '02', 130, 2),
(4670, '4', '02', 131, 2),
(4671, '4', '02', 132, 2),
(4672, '4', '02', 133, 2),
(4673, '4', '02', 134, 2),
(4674, '4', '02', 135, 2),
(4675, '4', '02', 136, 2),
(4676, '4', '02', 137, 2),
(4677, '4', '02', 138, 2),
(4678, '4', '02', 139, 2),
(4679, '4', '02', 140, 2),
(4680, '4', '02', 141, 2),
(4681, '4', '02', 142, 2),
(4682, '4', '02', 143, 2),
(4683, '4', '02', 144, 2),
(4684, '4', '02', 145, 2),
(4685, '4', '02', 146, 2),
(4686, '4', '02', 147, 2),
(447, '4', '03', 2, 1),
(4394, '4', '03', 2, 2),
(525, '4', '03', 3, 1),
(4395, '4', '03', 3, 2),
(551, '4', '03', 4, 1),
(4396, '4', '03', 4, 2),
(161, '4', '03', 5, 1),
(4397, '4', '03', 5, 2),
(5, '4', '03', 6, 1),
(4398, '4', '03', 6, 2),
(57, '4', '03', 7, 1),
(4399, '4', '03', 7, 2),
(291, '4', '03', 8, 1),
(4400, '4', '03', 8, 2),
(109, '4', '03', 9, 1),
(4401, '4', '03', 9, 2),
(83, '4', '03', 10, 1),
(4402, '4', '03', 10, 2),
(3697, '4', '03', 11, 1),
(4403, '4', '03', 11, 2),
(187, '4', '03', 12, 1),
(4404, '4', '03', 12, 2),
(317, '4', '03', 13, 1),
(4405, '4', '03', 13, 2),
(135, '4', '03', 14, 1),
(4393, '4', '03', 14, 2),
(239, '4', '03', 15, 1),
(4406, '4', '03', 15, 2),
(343, '4', '03', 16, 1),
(4407, '4', '03', 16, 2),
(3723, '4', '03', 17, 1),
(4408, '4', '03', 17, 2),
(3749, '4', '03', 18, 1),
(4409, '4', '03', 18, 2),
(265, '4', '03', 19, 1),
(4410, '4', '03', 19, 2),
(31, '4', '03', 20, 1),
(4411, '4', '03', 20, 2),
(395, '4', '03', 21, 1),
(4412, '4', '03', 21, 2),
(577, '4', '03', 22, 1),
(4413, '4', '03', 22, 2),
(499, '4', '03', 23, 1),
(4414, '4', '03', 23, 2),
(369, '4', '03', 24, 1),
(4415, '4', '03', 24, 2),
(421, '4', '03', 25, 1),
(4416, '4', '03', 25, 2),
(213, '4', '03', 26, 1),
(4417, '4', '03', 26, 2),
(473, '4', '03', 27, 1),
(4418, '4', '03', 27, 2),
(603, '4', '03', 28, 1),
(4419, '4', '03', 28, 2),
(629, '4', '03', 29, 1),
(4420, '4', '03', 29, 2),
(655, '4', '03', 30, 1),
(4421, '4', '03', 30, 2),
(681, '4', '03', 31, 1),
(4422, '4', '03', 31, 2),
(707, '4', '03', 32, 1),
(4423, '4', '03', 32, 2),
(733, '4', '03', 33, 1),
(4424, '4', '03', 33, 2),
(759, '4', '03', 34, 1),
(4425, '4', '03', 34, 2),
(785, '4', '03', 35, 1),
(4426, '4', '03', 35, 2),
(811, '4', '03', 36, 1),
(4427, '4', '03', 36, 2),
(837, '4', '03', 37, 1),
(4428, '4', '03', 37, 2),
(863, '4', '03', 38, 1),
(4429, '4', '03', 38, 2),
(889, '4', '03', 39, 1),
(4430, '4', '03', 39, 2),
(915, '4', '03', 40, 1),
(4431, '4', '03', 40, 2),
(941, '4', '03', 41, 1),
(4432, '4', '03', 41, 2),
(967, '4', '03', 42, 1),
(4433, '4', '03', 42, 2),
(993, '4', '03', 43, 1),
(4434, '4', '03', 43, 2),
(1019, '4', '03', 44, 1),
(4435, '4', '03', 44, 2),
(1045, '4', '03', 45, 1),
(4436, '4', '03', 45, 2),
(1071, '4', '03', 46, 1),
(4437, '4', '03', 46, 2),
(1097, '4', '03', 47, 1),
(4438, '4', '03', 47, 2),
(1123, '4', '03', 48, 1),
(4439, '4', '03', 48, 2),
(1149, '4', '03', 49, 1),
(4440, '4', '03', 49, 2),
(1175, '4', '03', 50, 1),
(4441, '4', '03', 50, 2),
(1201, '4', '03', 51, 1),
(4442, '4', '03', 51, 2),
(1227, '4', '03', 52, 1),
(4443, '4', '03', 52, 2),
(1253, '4', '03', 53, 1),
(4444, '4', '03', 53, 2),
(1279, '4', '03', 54, 1),
(4445, '4', '03', 54, 2),
(1305, '4', '03', 55, 1),
(4446, '4', '03', 55, 2),
(1331, '4', '03', 56, 1),
(4447, '4', '03', 56, 2),
(1357, '4', '03', 57, 1),
(4448, '4', '03', 57, 2),
(1383, '4', '03', 58, 1),
(4449, '4', '03', 58, 2),
(1409, '4', '03', 59, 1),
(4450, '4', '03', 59, 2),
(1435, '4', '03', 60, 1),
(4451, '4', '03', 60, 2),
(1461, '4', '03', 61, 1),
(4452, '4', '03', 61, 2),
(1487, '4', '03', 62, 1),
(4453, '4', '03', 62, 2),
(1513, '4', '03', 63, 1),
(4454, '4', '03', 63, 2),
(1539, '4', '03', 64, 1),
(4455, '4', '03', 64, 2),
(1565, '4', '03', 65, 1),
(4456, '4', '03', 65, 2),
(1591, '4', '03', 66, 1),
(4457, '4', '03', 66, 2),
(1617, '4', '03', 67, 1),
(4458, '4', '03', 67, 2),
(1643, '4', '03', 68, 1),
(4459, '4', '03', 68, 2),
(1669, '4', '03', 69, 1),
(4460, '4', '03', 69, 2),
(1695, '4', '03', 70, 1),
(4461, '4', '03', 70, 2),
(1721, '4', '03', 71, 1),
(4462, '4', '03', 71, 2),
(1747, '4', '03', 72, 1),
(4463, '4', '03', 72, 2),
(1773, '4', '03', 73, 1),
(4464, '4', '03', 73, 2),
(1799, '4', '03', 74, 1),
(4465, '4', '03', 74, 2),
(1825, '4', '03', 75, 1),
(4466, '4', '03', 75, 2),
(1851, '4', '03', 76, 1),
(4467, '4', '03', 76, 2),
(1877, '4', '03', 77, 1),
(4468, '4', '03', 77, 2),
(1903, '4', '03', 78, 1),
(4469, '4', '03', 78, 2),
(1929, '4', '03', 79, 1),
(4470, '4', '03', 79, 2),
(1955, '4', '03', 80, 1),
(4471, '4', '03', 80, 2),
(1981, '4', '03', 81, 1),
(4472, '4', '03', 81, 2),
(2007, '4', '03', 82, 1),
(4473, '4', '03', 82, 2),
(2033, '4', '03', 83, 1),
(4474, '4', '03', 83, 2),
(2059, '4', '03', 84, 1),
(4475, '4', '03', 84, 2),
(2085, '4', '03', 85, 1),
(4476, '4', '03', 85, 2),
(2111, '4', '03', 86, 1),
(4477, '4', '03', 86, 2),
(2137, '4', '03', 87, 1),
(4478, '4', '03', 87, 2),
(2163, '4', '03', 88, 1),
(4479, '4', '03', 88, 2),
(2189, '4', '03', 89, 1),
(4480, '4', '03', 89, 2),
(2215, '4', '03', 90, 1),
(4481, '4', '03', 90, 2),
(2241, '4', '03', 91, 1),
(4482, '4', '03', 91, 2),
(2267, '4', '03', 92, 1),
(4483, '4', '03', 92, 2),
(2293, '4', '03', 93, 1),
(4484, '4', '03', 93, 2),
(2319, '4', '03', 94, 1),
(4485, '4', '03', 94, 2),
(2345, '4', '03', 95, 1),
(4486, '4', '03', 95, 2),
(2371, '4', '03', 96, 1),
(4487, '4', '03', 96, 2),
(2397, '4', '03', 97, 1),
(4488, '4', '03', 97, 2),
(2423, '4', '03', 98, 1),
(4489, '4', '03', 98, 2),
(2449, '4', '03', 99, 1),
(4490, '4', '03', 99, 2),
(2475, '4', '03', 100, 1),
(4491, '4', '03', 100, 2),
(2501, '4', '03', 101, 1),
(4492, '4', '03', 101, 2),
(2527, '4', '03', 102, 1),
(4493, '4', '03', 102, 2),
(2553, '4', '03', 103, 1),
(4494, '4', '03', 103, 2),
(2579, '4', '03', 104, 1),
(4495, '4', '03', 104, 2),
(2605, '4', '03', 105, 1),
(4496, '4', '03', 105, 2),
(2631, '4', '03', 106, 1),
(4497, '4', '03', 106, 2),
(2657, '4', '03', 107, 1),
(4498, '4', '03', 107, 2),
(2683, '4', '03', 108, 1),
(4499, '4', '03', 108, 2),
(2709, '4', '03', 109, 1),
(4500, '4', '03', 109, 2),
(2735, '4', '03', 110, 1),
(4501, '4', '03', 110, 2),
(2761, '4', '03', 111, 1),
(4502, '4', '03', 111, 2),
(2787, '4', '03', 112, 1),
(4503, '4', '03', 112, 2),
(2813, '4', '03', 113, 1),
(4504, '4', '03', 113, 2),
(2839, '4', '03', 114, 1),
(4505, '4', '03', 114, 2),
(2865, '4', '03', 115, 1),
(4506, '4', '03', 115, 2),
(2891, '4', '03', 116, 1),
(4507, '4', '03', 116, 2),
(2917, '4', '03', 117, 1),
(4508, '4', '03', 117, 2),
(2943, '4', '03', 118, 1),
(4509, '4', '03', 118, 2),
(2969, '4', '03', 119, 1),
(4510, '4', '03', 119, 2),
(2995, '4', '03', 120, 1),
(4511, '4', '03', 120, 2),
(3021, '4', '03', 121, 1),
(4512, '4', '03', 121, 2),
(3047, '4', '03', 122, 1),
(4513, '4', '03', 122, 2),
(3073, '4', '03', 123, 1),
(4514, '4', '03', 123, 2),
(3099, '4', '03', 124, 1),
(4515, '4', '03', 124, 2),
(3125, '4', '03', 125, 1),
(4516, '4', '03', 125, 2),
(3151, '4', '03', 126, 1),
(4517, '4', '03', 126, 2),
(3177, '4', '03', 127, 1),
(4518, '4', '03', 127, 2),
(3203, '4', '03', 128, 1),
(4519, '4', '03', 128, 2),
(3229, '4', '03', 129, 1),
(4520, '4', '03', 129, 2),
(3255, '4', '03', 130, 1),
(4521, '4', '03', 130, 2),
(3281, '4', '03', 131, 1),
(4522, '4', '03', 131, 2),
(3307, '4', '03', 132, 1),
(4523, '4', '03', 132, 2),
(3333, '4', '03', 133, 1),
(4524, '4', '03', 133, 2),
(3359, '4', '03', 134, 1),
(4525, '4', '03', 134, 2),
(3385, '4', '03', 135, 1),
(4526, '4', '03', 135, 2),
(3411, '4', '03', 136, 1),
(4527, '4', '03', 136, 2),
(3437, '4', '03', 137, 1),
(4528, '4', '03', 137, 2),
(3463, '4', '03', 138, 1),
(4529, '4', '03', 138, 2),
(3489, '4', '03', 139, 1),
(4530, '4', '03', 139, 2),
(3515, '4', '03', 140, 1),
(4531, '4', '03', 140, 2),
(3541, '4', '03', 141, 1),
(4532, '4', '03', 141, 2),
(3567, '4', '03', 142, 1),
(4533, '4', '03', 142, 2),
(3593, '4', '03', 143, 1),
(4534, '4', '03', 143, 2),
(3619, '4', '03', 144, 1),
(4535, '4', '03', 144, 2),
(3645, '4', '03', 145, 1),
(4536, '4', '03', 145, 2),
(3671, '4', '03', 146, 1),
(4537, '4', '03', 146, 2),
(3775, '4', '03', 147, 1),
(4538, '4', '03', 147, 2),
(449, '4', '04', 2, 1),
(527, '4', '04', 3, 1),
(553, '4', '04', 4, 1),
(163, '4', '04', 5, 1),
(7, '4', '04', 6, 1),
(59, '4', '04', 7, 1),
(293, '4', '04', 8, 1),
(111, '4', '04', 9, 1),
(85, '4', '04', 10, 1),
(3699, '4', '04', 11, 1),
(189, '4', '04', 12, 1),
(319, '4', '04', 13, 1),
(137, '4', '04', 14, 1),
(241, '4', '04', 15, 1),
(345, '4', '04', 16, 1),
(3725, '4', '04', 17, 1),
(3751, '4', '04', 18, 1),
(267, '4', '04', 19, 1),
(33, '4', '04', 20, 1),
(397, '4', '04', 21, 1),
(579, '4', '04', 22, 1),
(501, '4', '04', 23, 1),
(371, '4', '04', 24, 1),
(423, '4', '04', 25, 1),
(215, '4', '04', 26, 1),
(475, '4', '04', 27, 1),
(605, '4', '04', 28, 1),
(631, '4', '04', 29, 1),
(657, '4', '04', 30, 1),
(683, '4', '04', 31, 1),
(709, '4', '04', 32, 1),
(735, '4', '04', 33, 1),
(761, '4', '04', 34, 1),
(787, '4', '04', 35, 1),
(813, '4', '04', 36, 1),
(839, '4', '04', 37, 1),
(865, '4', '04', 38, 1),
(891, '4', '04', 39, 1),
(917, '4', '04', 40, 1),
(943, '4', '04', 41, 1),
(969, '4', '04', 42, 1),
(995, '4', '04', 43, 1),
(1021, '4', '04', 44, 1),
(1047, '4', '04', 45, 1),
(1073, '4', '04', 46, 1),
(1099, '4', '04', 47, 1),
(1125, '4', '04', 48, 1),
(1151, '4', '04', 49, 1),
(1177, '4', '04', 50, 1),
(1203, '4', '04', 51, 1),
(1229, '4', '04', 52, 1),
(1255, '4', '04', 53, 1),
(1281, '4', '04', 54, 1),
(1307, '4', '04', 55, 1),
(1333, '4', '04', 56, 1),
(1359, '4', '04', 57, 1),
(1385, '4', '04', 58, 1),
(1411, '4', '04', 59, 1),
(1437, '4', '04', 60, 1),
(1463, '4', '04', 61, 1),
(1489, '4', '04', 62, 1),
(1515, '4', '04', 63, 1),
(1541, '4', '04', 64, 1),
(1567, '4', '04', 65, 1),
(1593, '4', '04', 66, 1),
(1619, '4', '04', 67, 1),
(1645, '4', '04', 68, 1),
(1671, '4', '04', 69, 1),
(1697, '4', '04', 70, 1),
(1723, '4', '04', 71, 1),
(1749, '4', '04', 72, 1),
(1775, '4', '04', 73, 1),
(1801, '4', '04', 74, 1),
(1827, '4', '04', 75, 1),
(1853, '4', '04', 76, 1),
(1879, '4', '04', 77, 1),
(1905, '4', '04', 78, 1),
(1931, '4', '04', 79, 1),
(1957, '4', '04', 80, 1),
(1983, '4', '04', 81, 1),
(2009, '4', '04', 82, 1),
(2035, '4', '04', 83, 1),
(2061, '4', '04', 84, 1),
(2087, '4', '04', 85, 1),
(2113, '4', '04', 86, 1),
(2139, '4', '04', 87, 1),
(2165, '4', '04', 88, 1),
(2191, '4', '04', 89, 1),
(2217, '4', '04', 90, 1),
(2243, '4', '04', 91, 1),
(2269, '4', '04', 92, 1),
(2295, '4', '04', 93, 1),
(2321, '4', '04', 94, 1),
(2347, '4', '04', 95, 1),
(2373, '4', '04', 96, 1),
(2399, '4', '04', 97, 1),
(2425, '4', '04', 98, 1),
(2451, '4', '04', 99, 1),
(2477, '4', '04', 100, 1),
(2503, '4', '04', 101, 1),
(2529, '4', '04', 102, 1),
(2555, '4', '04', 103, 1),
(2581, '4', '04', 104, 1),
(2607, '4', '04', 105, 1),
(2633, '4', '04', 106, 1),
(2659, '4', '04', 107, 1),
(2685, '4', '04', 108, 1),
(2711, '4', '04', 109, 1),
(2737, '4', '04', 110, 1),
(2763, '4', '04', 111, 1),
(2789, '4', '04', 112, 1),
(2815, '4', '04', 113, 1),
(2841, '4', '04', 114, 1),
(2867, '4', '04', 115, 1),
(2893, '4', '04', 116, 1),
(2919, '4', '04', 117, 1),
(2945, '4', '04', 118, 1),
(2971, '4', '04', 119, 1),
(2997, '4', '04', 120, 1),
(3023, '4', '04', 121, 1),
(3049, '4', '04', 122, 1),
(3075, '4', '04', 123, 1),
(3101, '4', '04', 124, 1),
(3127, '4', '04', 125, 1),
(3153, '4', '04', 126, 1),
(3179, '4', '04', 127, 1),
(3205, '4', '04', 128, 1),
(3231, '4', '04', 129, 1),
(3257, '4', '04', 130, 1),
(3283, '4', '04', 131, 1),
(3309, '4', '04', 132, 1),
(3335, '4', '04', 133, 1),
(3361, '4', '04', 134, 1),
(3387, '4', '04', 135, 1),
(3413, '4', '04', 136, 1),
(3439, '4', '04', 137, 1),
(3465, '4', '04', 138, 1),
(3491, '4', '04', 139, 1),
(3517, '4', '04', 140, 1),
(3543, '4', '04', 141, 1),
(3569, '4', '04', 142, 1),
(3595, '4', '04', 143, 1),
(3621, '4', '04', 144, 1),
(3647, '4', '04', 145, 1),
(3673, '4', '04', 146, 1),
(3777, '4', '04', 147, 1),
(451, '4', '05', 2, 1),
(452, '4', '05', 2, 2),
(529, '4', '05', 3, 1),
(530, '4', '05', 3, 2),
(555, '4', '05', 4, 1),
(556, '4', '05', 4, 2),
(165, '4', '05', 5, 1),
(166, '4', '05', 5, 2),
(9, '4', '05', 6, 1),
(10, '4', '05', 6, 2),
(61, '4', '05', 7, 1),
(62, '4', '05', 7, 2),
(295, '4', '05', 8, 1),
(296, '4', '05', 8, 2),
(113, '4', '05', 9, 1),
(114, '4', '05', 9, 2),
(87, '4', '05', 10, 1),
(88, '4', '05', 10, 2),
(3701, '4', '05', 11, 1),
(3702, '4', '05', 11, 2),
(191, '4', '05', 12, 1),
(192, '4', '05', 12, 2),
(321, '4', '05', 13, 1),
(322, '4', '05', 13, 2),
(139, '4', '05', 14, 1),
(140, '4', '05', 14, 2),
(243, '4', '05', 15, 1),
(244, '4', '05', 15, 2),
(347, '4', '05', 16, 1),
(348, '4', '05', 16, 2),
(3727, '4', '05', 17, 1),
(3728, '4', '05', 17, 2),
(3753, '4', '05', 18, 1),
(3754, '4', '05', 18, 2),
(269, '4', '05', 19, 1),
(270, '4', '05', 19, 2),
(35, '4', '05', 20, 1),
(36, '4', '05', 20, 2),
(399, '4', '05', 21, 1),
(400, '4', '05', 21, 2),
(581, '4', '05', 22, 1),
(582, '4', '05', 22, 2),
(503, '4', '05', 23, 1),
(504, '4', '05', 23, 2),
(373, '4', '05', 24, 1),
(374, '4', '05', 24, 2),
(425, '4', '05', 25, 1),
(426, '4', '05', 25, 2),
(217, '4', '05', 26, 1),
(218, '4', '05', 26, 2),
(477, '4', '05', 27, 1),
(478, '4', '05', 27, 2),
(607, '4', '05', 28, 1),
(608, '4', '05', 28, 2),
(633, '4', '05', 29, 1),
(634, '4', '05', 29, 2),
(659, '4', '05', 30, 1),
(660, '4', '05', 30, 2),
(685, '4', '05', 31, 1),
(686, '4', '05', 31, 2),
(711, '4', '05', 32, 1),
(712, '4', '05', 32, 2),
(737, '4', '05', 33, 1),
(738, '4', '05', 33, 2),
(763, '4', '05', 34, 1),
(764, '4', '05', 34, 2),
(789, '4', '05', 35, 1),
(790, '4', '05', 35, 2),
(815, '4', '05', 36, 1),
(816, '4', '05', 36, 2),
(841, '4', '05', 37, 1),
(842, '4', '05', 37, 2),
(867, '4', '05', 38, 1),
(868, '4', '05', 38, 2),
(893, '4', '05', 39, 1),
(894, '4', '05', 39, 2),
(919, '4', '05', 40, 1),
(920, '4', '05', 40, 2),
(945, '4', '05', 41, 1),
(946, '4', '05', 41, 2),
(971, '4', '05', 42, 1),
(972, '4', '05', 42, 2),
(997, '4', '05', 43, 1),
(998, '4', '05', 43, 2),
(1023, '4', '05', 44, 1),
(1024, '4', '05', 44, 2),
(1049, '4', '05', 45, 1),
(1050, '4', '05', 45, 2),
(1075, '4', '05', 46, 1),
(1076, '4', '05', 46, 2),
(1101, '4', '05', 47, 1),
(1102, '4', '05', 47, 2),
(1127, '4', '05', 48, 1),
(1128, '4', '05', 48, 2),
(1153, '4', '05', 49, 1),
(1154, '4', '05', 49, 2),
(1179, '4', '05', 50, 1),
(1180, '4', '05', 50, 2),
(1205, '4', '05', 51, 1),
(1206, '4', '05', 51, 2),
(1231, '4', '05', 52, 1),
(1232, '4', '05', 52, 2),
(1257, '4', '05', 53, 1),
(1258, '4', '05', 53, 2),
(1283, '4', '05', 54, 1),
(1284, '4', '05', 54, 2),
(1309, '4', '05', 55, 1),
(1310, '4', '05', 55, 2),
(1335, '4', '05', 56, 1),
(1336, '4', '05', 56, 2),
(1361, '4', '05', 57, 1),
(1362, '4', '05', 57, 2),
(1387, '4', '05', 58, 1),
(1388, '4', '05', 58, 2),
(1413, '4', '05', 59, 1),
(1414, '4', '05', 59, 2),
(1439, '4', '05', 60, 1),
(1440, '4', '05', 60, 2),
(1465, '4', '05', 61, 1),
(1466, '4', '05', 61, 2),
(1491, '4', '05', 62, 1),
(1492, '4', '05', 62, 2),
(1517, '4', '05', 63, 1),
(1518, '4', '05', 63, 2),
(1543, '4', '05', 64, 1),
(1544, '4', '05', 64, 2),
(1569, '4', '05', 65, 1),
(1570, '4', '05', 65, 2),
(1595, '4', '05', 66, 1),
(1596, '4', '05', 66, 2),
(1621, '4', '05', 67, 1),
(1622, '4', '05', 67, 2),
(1647, '4', '05', 68, 1),
(1648, '4', '05', 68, 2),
(1673, '4', '05', 69, 1),
(1674, '4', '05', 69, 2),
(1699, '4', '05', 70, 1),
(1700, '4', '05', 70, 2),
(1725, '4', '05', 71, 1),
(1726, '4', '05', 71, 2),
(1751, '4', '05', 72, 1),
(1752, '4', '05', 72, 2),
(1777, '4', '05', 73, 1),
(1778, '4', '05', 73, 2),
(1803, '4', '05', 74, 1),
(1804, '4', '05', 74, 2),
(1829, '4', '05', 75, 1),
(1830, '4', '05', 75, 2),
(1855, '4', '05', 76, 1),
(1856, '4', '05', 76, 2),
(1881, '4', '05', 77, 1),
(1882, '4', '05', 77, 2),
(1907, '4', '05', 78, 1),
(1908, '4', '05', 78, 2),
(1933, '4', '05', 79, 1),
(1934, '4', '05', 79, 2),
(1959, '4', '05', 80, 1),
(1960, '4', '05', 80, 2),
(1985, '4', '05', 81, 1),
(1986, '4', '05', 81, 2),
(2011, '4', '05', 82, 1),
(2012, '4', '05', 82, 2),
(2037, '4', '05', 83, 1),
(2038, '4', '05', 83, 2),
(2063, '4', '05', 84, 1),
(2064, '4', '05', 84, 2),
(2089, '4', '05', 85, 1),
(2090, '4', '05', 85, 2),
(2115, '4', '05', 86, 1),
(2116, '4', '05', 86, 2),
(2141, '4', '05', 87, 1),
(2142, '4', '05', 87, 2),
(2167, '4', '05', 88, 1),
(2168, '4', '05', 88, 2),
(2193, '4', '05', 89, 1),
(2194, '4', '05', 89, 2),
(2219, '4', '05', 90, 1),
(2220, '4', '05', 90, 2),
(2245, '4', '05', 91, 1),
(2246, '4', '05', 91, 2),
(2271, '4', '05', 92, 1),
(2272, '4', '05', 92, 2),
(2297, '4', '05', 93, 1),
(2298, '4', '05', 93, 2),
(2323, '4', '05', 94, 1),
(2324, '4', '05', 94, 2),
(2349, '4', '05', 95, 1),
(2350, '4', '05', 95, 2),
(2375, '4', '05', 96, 1),
(2376, '4', '05', 96, 2),
(2401, '4', '05', 97, 1),
(2402, '4', '05', 97, 2),
(2427, '4', '05', 98, 1),
(2428, '4', '05', 98, 2),
(2453, '4', '05', 99, 1),
(2454, '4', '05', 99, 2),
(2479, '4', '05', 100, 1),
(2480, '4', '05', 100, 2),
(2505, '4', '05', 101, 1),
(2506, '4', '05', 101, 2),
(2531, '4', '05', 102, 1),
(2532, '4', '05', 102, 2),
(2557, '4', '05', 103, 1),
(2558, '4', '05', 103, 2),
(2583, '4', '05', 104, 1),
(2584, '4', '05', 104, 2),
(2609, '4', '05', 105, 1),
(2610, '4', '05', 105, 2),
(2635, '4', '05', 106, 1),
(2636, '4', '05', 106, 2),
(2661, '4', '05', 107, 1),
(2662, '4', '05', 107, 2),
(2687, '4', '05', 108, 1),
(2688, '4', '05', 108, 2),
(2713, '4', '05', 109, 1),
(2714, '4', '05', 109, 2),
(2739, '4', '05', 110, 1),
(2740, '4', '05', 110, 2),
(2765, '4', '05', 111, 1),
(2766, '4', '05', 111, 2),
(2791, '4', '05', 112, 1),
(2792, '4', '05', 112, 2),
(2817, '4', '05', 113, 1),
(2818, '4', '05', 113, 2),
(2843, '4', '05', 114, 1),
(2844, '4', '05', 114, 2),
(2869, '4', '05', 115, 1),
(2870, '4', '05', 115, 2),
(2895, '4', '05', 116, 1),
(2896, '4', '05', 116, 2),
(2921, '4', '05', 117, 1),
(2922, '4', '05', 117, 2),
(2947, '4', '05', 118, 1),
(2948, '4', '05', 118, 2),
(2973, '4', '05', 119, 1),
(2974, '4', '05', 119, 2),
(2999, '4', '05', 120, 1),
(3000, '4', '05', 120, 2),
(3025, '4', '05', 121, 1),
(3026, '4', '05', 121, 2),
(3051, '4', '05', 122, 1),
(3052, '4', '05', 122, 2),
(3077, '4', '05', 123, 1),
(3078, '4', '05', 123, 2),
(3103, '4', '05', 124, 1),
(3104, '4', '05', 124, 2),
(3129, '4', '05', 125, 1),
(3130, '4', '05', 125, 2),
(3155, '4', '05', 126, 1),
(3156, '4', '05', 126, 2),
(3181, '4', '05', 127, 1),
(3182, '4', '05', 127, 2),
(3207, '4', '05', 128, 1),
(3208, '4', '05', 128, 2),
(3233, '4', '05', 129, 1),
(3234, '4', '05', 129, 2),
(3259, '4', '05', 130, 1),
(3260, '4', '05', 130, 2),
(3285, '4', '05', 131, 1),
(3286, '4', '05', 131, 2),
(3311, '4', '05', 132, 1),
(3312, '4', '05', 132, 2),
(3337, '4', '05', 133, 1),
(3338, '4', '05', 133, 2),
(3363, '4', '05', 134, 1),
(3364, '4', '05', 134, 2),
(3389, '4', '05', 135, 1),
(3390, '4', '05', 135, 2),
(3415, '4', '05', 136, 1),
(3416, '4', '05', 136, 2),
(3441, '4', '05', 137, 1),
(3442, '4', '05', 137, 2),
(3467, '4', '05', 138, 1),
(3468, '4', '05', 138, 2),
(3493, '4', '05', 139, 1),
(3494, '4', '05', 139, 2),
(3519, '4', '05', 140, 1),
(3520, '4', '05', 140, 2),
(3545, '4', '05', 141, 1),
(3546, '4', '05', 141, 2),
(3571, '4', '05', 142, 1),
(3572, '4', '05', 142, 2),
(3597, '4', '05', 143, 1),
(3598, '4', '05', 143, 2),
(3623, '4', '05', 144, 1),
(3624, '4', '05', 144, 2),
(3649, '4', '05', 145, 1),
(3650, '4', '05', 145, 2),
(3675, '4', '05', 146, 1),
(3676, '4', '05', 146, 2),
(3779, '4', '05', 147, 1),
(3780, '4', '05', 147, 2),
(453, '4', '06', 2, 1),
(454, '4', '06', 2, 2),
(531, '4', '06', 3, 1),
(532, '4', '06', 3, 2),
(557, '4', '06', 4, 1),
(558, '4', '06', 4, 2),
(167, '4', '06', 5, 1),
(168, '4', '06', 5, 2),
(11, '4', '06', 6, 1),
(12, '4', '06', 6, 2),
(63, '4', '06', 7, 1),
(64, '4', '06', 7, 2),
(297, '4', '06', 8, 1),
(298, '4', '06', 8, 2),
(115, '4', '06', 9, 1),
(116, '4', '06', 9, 2),
(89, '4', '06', 10, 1),
(90, '4', '06', 10, 2),
(3703, '4', '06', 11, 1),
(3704, '4', '06', 11, 2),
(193, '4', '06', 12, 1),
(194, '4', '06', 12, 2),
(323, '4', '06', 13, 1),
(324, '4', '06', 13, 2),
(141, '4', '06', 14, 1),
(142, '4', '06', 14, 2),
(245, '4', '06', 15, 1),
(246, '4', '06', 15, 2),
(349, '4', '06', 16, 1),
(350, '4', '06', 16, 2),
(3729, '4', '06', 17, 1),
(3730, '4', '06', 17, 2),
(3755, '4', '06', 18, 1),
(3756, '4', '06', 18, 2),
(271, '4', '06', 19, 1),
(272, '4', '06', 19, 2),
(37, '4', '06', 20, 1),
(38, '4', '06', 20, 2),
(401, '4', '06', 21, 1),
(402, '4', '06', 21, 2),
(583, '4', '06', 22, 1),
(584, '4', '06', 22, 2),
(505, '4', '06', 23, 1),
(506, '4', '06', 23, 2),
(375, '4', '06', 24, 1),
(376, '4', '06', 24, 2),
(427, '4', '06', 25, 1),
(428, '4', '06', 25, 2),
(219, '4', '06', 26, 1),
(220, '4', '06', 26, 2),
(479, '4', '06', 27, 1),
(480, '4', '06', 27, 2),
(609, '4', '06', 28, 1),
(610, '4', '06', 28, 2),
(635, '4', '06', 29, 1),
(636, '4', '06', 29, 2),
(661, '4', '06', 30, 1),
(662, '4', '06', 30, 2),
(687, '4', '06', 31, 1),
(688, '4', '06', 31, 2),
(713, '4', '06', 32, 1),
(714, '4', '06', 32, 2),
(739, '4', '06', 33, 1),
(740, '4', '06', 33, 2),
(765, '4', '06', 34, 1),
(766, '4', '06', 34, 2),
(791, '4', '06', 35, 1),
(792, '4', '06', 35, 2),
(817, '4', '06', 36, 1),
(818, '4', '06', 36, 2),
(843, '4', '06', 37, 1),
(844, '4', '06', 37, 2),
(869, '4', '06', 38, 1),
(870, '4', '06', 38, 2),
(895, '4', '06', 39, 1),
(896, '4', '06', 39, 2),
(921, '4', '06', 40, 1),
(922, '4', '06', 40, 2),
(947, '4', '06', 41, 1),
(948, '4', '06', 41, 2),
(973, '4', '06', 42, 1),
(974, '4', '06', 42, 2),
(999, '4', '06', 43, 1),
(1000, '4', '06', 43, 2),
(1025, '4', '06', 44, 1),
(1026, '4', '06', 44, 2),
(1051, '4', '06', 45, 1),
(1052, '4', '06', 45, 2),
(1077, '4', '06', 46, 1),
(1078, '4', '06', 46, 2),
(1103, '4', '06', 47, 1),
(1104, '4', '06', 47, 2),
(1129, '4', '06', 48, 1),
(1130, '4', '06', 48, 2),
(1155, '4', '06', 49, 1),
(1156, '4', '06', 49, 2),
(1181, '4', '06', 50, 1),
(1182, '4', '06', 50, 2),
(1207, '4', '06', 51, 1),
(1208, '4', '06', 51, 2),
(1233, '4', '06', 52, 1),
(1234, '4', '06', 52, 2),
(1259, '4', '06', 53, 1),
(1260, '4', '06', 53, 2),
(1285, '4', '06', 54, 1),
(1286, '4', '06', 54, 2),
(1311, '4', '06', 55, 1),
(1312, '4', '06', 55, 2),
(1337, '4', '06', 56, 1),
(1338, '4', '06', 56, 2),
(1363, '4', '06', 57, 1),
(1364, '4', '06', 57, 2),
(1389, '4', '06', 58, 1),
(1390, '4', '06', 58, 2),
(1415, '4', '06', 59, 1),
(1416, '4', '06', 59, 2),
(1441, '4', '06', 60, 1),
(1442, '4', '06', 60, 2),
(1467, '4', '06', 61, 1),
(1468, '4', '06', 61, 2),
(1493, '4', '06', 62, 1),
(1494, '4', '06', 62, 2),
(1519, '4', '06', 63, 1),
(1520, '4', '06', 63, 2),
(1545, '4', '06', 64, 1),
(1546, '4', '06', 64, 2),
(1571, '4', '06', 65, 1),
(1572, '4', '06', 65, 2),
(1597, '4', '06', 66, 1),
(1598, '4', '06', 66, 2),
(1623, '4', '06', 67, 1),
(1624, '4', '06', 67, 2),
(1649, '4', '06', 68, 1),
(1650, '4', '06', 68, 2),
(1675, '4', '06', 69, 1),
(1676, '4', '06', 69, 2),
(1701, '4', '06', 70, 1),
(1702, '4', '06', 70, 2),
(1727, '4', '06', 71, 1),
(1728, '4', '06', 71, 2),
(1753, '4', '06', 72, 1),
(1754, '4', '06', 72, 2),
(1779, '4', '06', 73, 1),
(1780, '4', '06', 73, 2),
(1805, '4', '06', 74, 1),
(1806, '4', '06', 74, 2),
(1831, '4', '06', 75, 1),
(1832, '4', '06', 75, 2),
(1857, '4', '06', 76, 1),
(1858, '4', '06', 76, 2),
(1883, '4', '06', 77, 1),
(1884, '4', '06', 77, 2),
(1909, '4', '06', 78, 1),
(1910, '4', '06', 78, 2),
(1935, '4', '06', 79, 1),
(1936, '4', '06', 79, 2),
(1961, '4', '06', 80, 1),
(1962, '4', '06', 80, 2),
(1987, '4', '06', 81, 1),
(1988, '4', '06', 81, 2),
(2013, '4', '06', 82, 1),
(2014, '4', '06', 82, 2),
(2039, '4', '06', 83, 1),
(2040, '4', '06', 83, 2),
(2065, '4', '06', 84, 1),
(2066, '4', '06', 84, 2),
(2091, '4', '06', 85, 1),
(2092, '4', '06', 85, 2),
(2117, '4', '06', 86, 1),
(2118, '4', '06', 86, 2),
(2143, '4', '06', 87, 1),
(2144, '4', '06', 87, 2),
(2169, '4', '06', 88, 1),
(2170, '4', '06', 88, 2),
(2195, '4', '06', 89, 1),
(2196, '4', '06', 89, 2),
(2221, '4', '06', 90, 1),
(2222, '4', '06', 90, 2),
(2247, '4', '06', 91, 1),
(2248, '4', '06', 91, 2),
(2273, '4', '06', 92, 1),
(2274, '4', '06', 92, 2),
(2299, '4', '06', 93, 1),
(2300, '4', '06', 93, 2),
(2325, '4', '06', 94, 1),
(2326, '4', '06', 94, 2),
(2351, '4', '06', 95, 1),
(2352, '4', '06', 95, 2),
(2377, '4', '06', 96, 1),
(2378, '4', '06', 96, 2),
(2403, '4', '06', 97, 1),
(2404, '4', '06', 97, 2),
(2429, '4', '06', 98, 1),
(2430, '4', '06', 98, 2),
(2455, '4', '06', 99, 1),
(2456, '4', '06', 99, 2),
(2481, '4', '06', 100, 1),
(2482, '4', '06', 100, 2),
(2507, '4', '06', 101, 1),
(2508, '4', '06', 101, 2),
(2533, '4', '06', 102, 1),
(2534, '4', '06', 102, 2),
(2559, '4', '06', 103, 1),
(2560, '4', '06', 103, 2),
(2585, '4', '06', 104, 1),
(2586, '4', '06', 104, 2),
(2611, '4', '06', 105, 1),
(2612, '4', '06', 105, 2),
(2637, '4', '06', 106, 1),
(2638, '4', '06', 106, 2),
(2663, '4', '06', 107, 1),
(2664, '4', '06', 107, 2),
(2689, '4', '06', 108, 1),
(2690, '4', '06', 108, 2),
(2715, '4', '06', 109, 1),
(2716, '4', '06', 109, 2),
(2741, '4', '06', 110, 1),
(2742, '4', '06', 110, 2),
(2767, '4', '06', 111, 1),
(2768, '4', '06', 111, 2),
(2793, '4', '06', 112, 1),
(2794, '4', '06', 112, 2),
(2819, '4', '06', 113, 1),
(2820, '4', '06', 113, 2),
(2845, '4', '06', 114, 1),
(2846, '4', '06', 114, 2),
(2871, '4', '06', 115, 1),
(2872, '4', '06', 115, 2),
(2897, '4', '06', 116, 1),
(2898, '4', '06', 116, 2),
(2923, '4', '06', 117, 1),
(2924, '4', '06', 117, 2),
(2949, '4', '06', 118, 1),
(2950, '4', '06', 118, 2),
(2975, '4', '06', 119, 1),
(2976, '4', '06', 119, 2),
(3001, '4', '06', 120, 1),
(3002, '4', '06', 120, 2),
(3027, '4', '06', 121, 1),
(3028, '4', '06', 121, 2),
(3053, '4', '06', 122, 1),
(3054, '4', '06', 122, 2),
(3079, '4', '06', 123, 1),
(3080, '4', '06', 123, 2),
(3105, '4', '06', 124, 1),
(3106, '4', '06', 124, 2),
(3131, '4', '06', 125, 1),
(3132, '4', '06', 125, 2),
(3157, '4', '06', 126, 1),
(3158, '4', '06', 126, 2),
(3183, '4', '06', 127, 1),
(3184, '4', '06', 127, 2),
(3209, '4', '06', 128, 1),
(3210, '4', '06', 128, 2),
(3235, '4', '06', 129, 1),
(3236, '4', '06', 129, 2),
(3261, '4', '06', 130, 1),
(3262, '4', '06', 130, 2),
(3287, '4', '06', 131, 1),
(3288, '4', '06', 131, 2),
(3313, '4', '06', 132, 1),
(3314, '4', '06', 132, 2),
(3339, '4', '06', 133, 1),
(3340, '4', '06', 133, 2),
(3365, '4', '06', 134, 1),
(3366, '4', '06', 134, 2),
(3391, '4', '06', 135, 1),
(3392, '4', '06', 135, 2),
(3417, '4', '06', 136, 1),
(3418, '4', '06', 136, 2),
(3443, '4', '06', 137, 1),
(3444, '4', '06', 137, 2),
(3469, '4', '06', 138, 1),
(3470, '4', '06', 138, 2),
(3495, '4', '06', 139, 1),
(3496, '4', '06', 139, 2),
(3521, '4', '06', 140, 1),
(3522, '4', '06', 140, 2),
(3547, '4', '06', 141, 1),
(3548, '4', '06', 141, 2),
(3573, '4', '06', 142, 1),
(3574, '4', '06', 142, 2),
(3599, '4', '06', 143, 1),
(3600, '4', '06', 143, 2),
(3625, '4', '06', 144, 1),
(3626, '4', '06', 144, 2),
(3651, '4', '06', 145, 1),
(3652, '4', '06', 145, 2),
(3677, '4', '06', 146, 1),
(3678, '4', '06', 146, 2),
(3781, '4', '06', 147, 1),
(3782, '4', '06', 147, 2),
(455, '4', '07', 2, 1),
(456, '4', '07', 2, 2),
(533, '4', '07', 3, 1),
(534, '4', '07', 3, 2),
(559, '4', '07', 4, 1),
(560, '4', '07', 4, 2),
(169, '4', '07', 5, 1),
(170, '4', '07', 5, 2),
(13, '4', '07', 6, 1),
(14, '4', '07', 6, 2),
(65, '4', '07', 7, 1),
(66, '4', '07', 7, 2),
(299, '4', '07', 8, 1),
(300, '4', '07', 8, 2),
(117, '4', '07', 9, 1),
(118, '4', '07', 9, 2),
(91, '4', '07', 10, 1),
(92, '4', '07', 10, 2),
(3705, '4', '07', 11, 1),
(3706, '4', '07', 11, 2),
(195, '4', '07', 12, 1),
(196, '4', '07', 12, 2),
(325, '4', '07', 13, 1),
(326, '4', '07', 13, 2),
(143, '4', '07', 14, 1),
(144, '4', '07', 14, 2),
(247, '4', '07', 15, 1),
(248, '4', '07', 15, 2),
(351, '4', '07', 16, 1),
(352, '4', '07', 16, 2),
(3731, '4', '07', 17, 1),
(3732, '4', '07', 17, 2),
(3757, '4', '07', 18, 1),
(3758, '4', '07', 18, 2),
(273, '4', '07', 19, 1),
(274, '4', '07', 19, 2),
(39, '4', '07', 20, 1),
(40, '4', '07', 20, 2),
(403, '4', '07', 21, 1),
(404, '4', '07', 21, 2),
(585, '4', '07', 22, 1),
(586, '4', '07', 22, 2),
(507, '4', '07', 23, 1),
(508, '4', '07', 23, 2),
(377, '4', '07', 24, 1),
(378, '4', '07', 24, 2),
(429, '4', '07', 25, 1),
(430, '4', '07', 25, 2),
(221, '4', '07', 26, 1),
(222, '4', '07', 26, 2),
(481, '4', '07', 27, 1),
(482, '4', '07', 27, 2),
(611, '4', '07', 28, 1),
(612, '4', '07', 28, 2),
(637, '4', '07', 29, 1),
(638, '4', '07', 29, 2),
(663, '4', '07', 30, 1),
(664, '4', '07', 30, 2),
(689, '4', '07', 31, 1),
(690, '4', '07', 31, 2),
(715, '4', '07', 32, 1),
(716, '4', '07', 32, 2),
(741, '4', '07', 33, 1),
(742, '4', '07', 33, 2),
(767, '4', '07', 34, 1),
(768, '4', '07', 34, 2),
(793, '4', '07', 35, 1),
(794, '4', '07', 35, 2),
(819, '4', '07', 36, 1),
(820, '4', '07', 36, 2),
(845, '4', '07', 37, 1),
(846, '4', '07', 37, 2),
(871, '4', '07', 38, 1),
(872, '4', '07', 38, 2),
(897, '4', '07', 39, 1),
(898, '4', '07', 39, 2),
(923, '4', '07', 40, 1),
(924, '4', '07', 40, 2),
(949, '4', '07', 41, 1),
(950, '4', '07', 41, 2),
(975, '4', '07', 42, 1),
(976, '4', '07', 42, 2),
(1001, '4', '07', 43, 1),
(1002, '4', '07', 43, 2),
(1027, '4', '07', 44, 1),
(1028, '4', '07', 44, 2),
(1053, '4', '07', 45, 1),
(1054, '4', '07', 45, 2),
(1079, '4', '07', 46, 1),
(1080, '4', '07', 46, 2),
(1105, '4', '07', 47, 1),
(1106, '4', '07', 47, 2),
(1131, '4', '07', 48, 1),
(1132, '4', '07', 48, 2),
(1157, '4', '07', 49, 1),
(1158, '4', '07', 49, 2),
(1183, '4', '07', 50, 1),
(1184, '4', '07', 50, 2),
(1209, '4', '07', 51, 1),
(1210, '4', '07', 51, 2),
(1235, '4', '07', 52, 1),
(1236, '4', '07', 52, 2),
(1261, '4', '07', 53, 1),
(1262, '4', '07', 53, 2),
(1287, '4', '07', 54, 1),
(1288, '4', '07', 54, 2),
(1313, '4', '07', 55, 1),
(1314, '4', '07', 55, 2),
(1339, '4', '07', 56, 1),
(1340, '4', '07', 56, 2),
(1365, '4', '07', 57, 1),
(1366, '4', '07', 57, 2),
(1391, '4', '07', 58, 1),
(1392, '4', '07', 58, 2),
(1417, '4', '07', 59, 1),
(1418, '4', '07', 59, 2),
(1443, '4', '07', 60, 1),
(1444, '4', '07', 60, 2),
(1469, '4', '07', 61, 1),
(1470, '4', '07', 61, 2),
(1495, '4', '07', 62, 1),
(1496, '4', '07', 62, 2),
(1521, '4', '07', 63, 1),
(1522, '4', '07', 63, 2),
(1547, '4', '07', 64, 1),
(1548, '4', '07', 64, 2),
(1573, '4', '07', 65, 1),
(1574, '4', '07', 65, 2),
(1599, '4', '07', 66, 1),
(1600, '4', '07', 66, 2),
(1625, '4', '07', 67, 1),
(1626, '4', '07', 67, 2),
(1651, '4', '07', 68, 1),
(1652, '4', '07', 68, 2),
(1677, '4', '07', 69, 1),
(1678, '4', '07', 69, 2),
(1703, '4', '07', 70, 1),
(1704, '4', '07', 70, 2),
(1729, '4', '07', 71, 1),
(1730, '4', '07', 71, 2),
(1755, '4', '07', 72, 1),
(1756, '4', '07', 72, 2),
(1781, '4', '07', 73, 1),
(1782, '4', '07', 73, 2),
(1807, '4', '07', 74, 1),
(1808, '4', '07', 74, 2),
(1833, '4', '07', 75, 1),
(1834, '4', '07', 75, 2),
(1859, '4', '07', 76, 1),
(1860, '4', '07', 76, 2),
(1885, '4', '07', 77, 1),
(1886, '4', '07', 77, 2),
(1911, '4', '07', 78, 1),
(1912, '4', '07', 78, 2),
(1937, '4', '07', 79, 1),
(1938, '4', '07', 79, 2),
(1963, '4', '07', 80, 1),
(1964, '4', '07', 80, 2),
(1989, '4', '07', 81, 1),
(1990, '4', '07', 81, 2),
(2015, '4', '07', 82, 1),
(2016, '4', '07', 82, 2),
(2041, '4', '07', 83, 1),
(2042, '4', '07', 83, 2),
(2067, '4', '07', 84, 1),
(2068, '4', '07', 84, 2),
(2093, '4', '07', 85, 1),
(2094, '4', '07', 85, 2),
(2119, '4', '07', 86, 1),
(2120, '4', '07', 86, 2),
(2145, '4', '07', 87, 1),
(2146, '4', '07', 87, 2),
(2171, '4', '07', 88, 1),
(2172, '4', '07', 88, 2),
(2197, '4', '07', 89, 1),
(2198, '4', '07', 89, 2),
(2223, '4', '07', 90, 1),
(2224, '4', '07', 90, 2),
(2249, '4', '07', 91, 1),
(2250, '4', '07', 91, 2),
(2275, '4', '07', 92, 1),
(2276, '4', '07', 92, 2),
(2301, '4', '07', 93, 1),
(2302, '4', '07', 93, 2),
(2327, '4', '07', 94, 1),
(2328, '4', '07', 94, 2),
(2353, '4', '07', 95, 1),
(2354, '4', '07', 95, 2),
(2379, '4', '07', 96, 1),
(2380, '4', '07', 96, 2),
(2405, '4', '07', 97, 1),
(2406, '4', '07', 97, 2),
(2431, '4', '07', 98, 1),
(2432, '4', '07', 98, 2),
(2457, '4', '07', 99, 1),
(2458, '4', '07', 99, 2),
(2483, '4', '07', 100, 1),
(2484, '4', '07', 100, 2),
(2509, '4', '07', 101, 1),
(2510, '4', '07', 101, 2),
(2535, '4', '07', 102, 1),
(2536, '4', '07', 102, 2),
(2561, '4', '07', 103, 1),
(2562, '4', '07', 103, 2),
(2587, '4', '07', 104, 1),
(2588, '4', '07', 104, 2),
(2613, '4', '07', 105, 1),
(2614, '4', '07', 105, 2),
(2639, '4', '07', 106, 1),
(2640, '4', '07', 106, 2),
(2665, '4', '07', 107, 1),
(2666, '4', '07', 107, 2),
(2691, '4', '07', 108, 1),
(2692, '4', '07', 108, 2),
(2717, '4', '07', 109, 1),
(2718, '4', '07', 109, 2),
(2743, '4', '07', 110, 1),
(2744, '4', '07', 110, 2),
(2769, '4', '07', 111, 1),
(2770, '4', '07', 111, 2),
(2795, '4', '07', 112, 1),
(2796, '4', '07', 112, 2),
(2821, '4', '07', 113, 1),
(2822, '4', '07', 113, 2),
(2847, '4', '07', 114, 1),
(2848, '4', '07', 114, 2),
(2873, '4', '07', 115, 1),
(2874, '4', '07', 115, 2),
(2899, '4', '07', 116, 1),
(2900, '4', '07', 116, 2),
(2925, '4', '07', 117, 1),
(2926, '4', '07', 117, 2),
(2951, '4', '07', 118, 1),
(2952, '4', '07', 118, 2),
(2977, '4', '07', 119, 1),
(2978, '4', '07', 119, 2),
(3003, '4', '07', 120, 1),
(3004, '4', '07', 120, 2),
(3029, '4', '07', 121, 1),
(3030, '4', '07', 121, 2),
(3055, '4', '07', 122, 1),
(3056, '4', '07', 122, 2),
(3081, '4', '07', 123, 1),
(3082, '4', '07', 123, 2),
(3107, '4', '07', 124, 1),
(3108, '4', '07', 124, 2),
(3133, '4', '07', 125, 1),
(3134, '4', '07', 125, 2),
(3159, '4', '07', 126, 1),
(3160, '4', '07', 126, 2),
(3185, '4', '07', 127, 1),
(3186, '4', '07', 127, 2),
(3211, '4', '07', 128, 1),
(3212, '4', '07', 128, 2),
(3237, '4', '07', 129, 1),
(3238, '4', '07', 129, 2),
(3263, '4', '07', 130, 1),
(3264, '4', '07', 130, 2),
(3289, '4', '07', 131, 1),
(3290, '4', '07', 131, 2),
(3315, '4', '07', 132, 1),
(3316, '4', '07', 132, 2),
(3341, '4', '07', 133, 1),
(3342, '4', '07', 133, 2),
(3367, '4', '07', 134, 1),
(3368, '4', '07', 134, 2),
(3393, '4', '07', 135, 1),
(3394, '4', '07', 135, 2),
(3419, '4', '07', 136, 1),
(3420, '4', '07', 136, 2),
(3445, '4', '07', 137, 1),
(3446, '4', '07', 137, 2),
(3471, '4', '07', 138, 1),
(3472, '4', '07', 138, 2),
(3497, '4', '07', 139, 1),
(3498, '4', '07', 139, 2),
(3523, '4', '07', 140, 1),
(3524, '4', '07', 140, 2),
(3549, '4', '07', 141, 1),
(3550, '4', '07', 141, 2),
(3575, '4', '07', 142, 1),
(3576, '4', '07', 142, 2),
(3601, '4', '07', 143, 1),
(3602, '4', '07', 143, 2),
(3627, '4', '07', 144, 1),
(3628, '4', '07', 144, 2),
(3653, '4', '07', 145, 1),
(3654, '4', '07', 145, 2),
(3679, '4', '07', 146, 1),
(3680, '4', '07', 146, 2),
(3783, '4', '07', 147, 1),
(3784, '4', '07', 147, 2),
(457, '4', '08', 2, 1),
(458, '4', '08', 2, 2),
(535, '4', '08', 3, 1),
(536, '4', '08', 3, 2),
(561, '4', '08', 4, 1),
(562, '4', '08', 4, 2),
(171, '4', '08', 5, 1),
(172, '4', '08', 5, 2),
(15, '4', '08', 6, 1),
(16, '4', '08', 6, 2),
(67, '4', '08', 7, 1),
(68, '4', '08', 7, 2),
(301, '4', '08', 8, 1),
(302, '4', '08', 8, 2),
(119, '4', '08', 9, 1),
(120, '4', '08', 9, 2),
(93, '4', '08', 10, 1),
(94, '4', '08', 10, 2),
(3707, '4', '08', 11, 1),
(3708, '4', '08', 11, 2),
(197, '4', '08', 12, 1),
(198, '4', '08', 12, 2),
(327, '4', '08', 13, 1),
(328, '4', '08', 13, 2),
(145, '4', '08', 14, 1),
(146, '4', '08', 14, 2),
(249, '4', '08', 15, 1),
(250, '4', '08', 15, 2),
(353, '4', '08', 16, 1),
(354, '4', '08', 16, 2),
(3733, '4', '08', 17, 1),
(3734, '4', '08', 17, 2),
(3759, '4', '08', 18, 1),
(3760, '4', '08', 18, 2),
(275, '4', '08', 19, 1),
(276, '4', '08', 19, 2),
(41, '4', '08', 20, 1),
(42, '4', '08', 20, 2),
(405, '4', '08', 21, 1),
(406, '4', '08', 21, 2),
(587, '4', '08', 22, 1),
(588, '4', '08', 22, 2),
(509, '4', '08', 23, 1),
(510, '4', '08', 23, 2),
(379, '4', '08', 24, 1),
(380, '4', '08', 24, 2),
(431, '4', '08', 25, 1),
(432, '4', '08', 25, 2),
(223, '4', '08', 26, 1),
(224, '4', '08', 26, 2),
(483, '4', '08', 27, 1),
(484, '4', '08', 27, 2),
(613, '4', '08', 28, 1),
(614, '4', '08', 28, 2),
(639, '4', '08', 29, 1),
(640, '4', '08', 29, 2),
(665, '4', '08', 30, 1),
(666, '4', '08', 30, 2),
(691, '4', '08', 31, 1),
(692, '4', '08', 31, 2),
(717, '4', '08', 32, 1),
(718, '4', '08', 32, 2),
(743, '4', '08', 33, 1),
(744, '4', '08', 33, 2),
(769, '4', '08', 34, 1),
(770, '4', '08', 34, 2),
(795, '4', '08', 35, 1),
(796, '4', '08', 35, 2),
(821, '4', '08', 36, 1),
(822, '4', '08', 36, 2),
(847, '4', '08', 37, 1),
(848, '4', '08', 37, 2),
(873, '4', '08', 38, 1),
(874, '4', '08', 38, 2),
(899, '4', '08', 39, 1),
(900, '4', '08', 39, 2),
(925, '4', '08', 40, 1),
(926, '4', '08', 40, 2),
(951, '4', '08', 41, 1),
(952, '4', '08', 41, 2),
(977, '4', '08', 42, 1),
(978, '4', '08', 42, 2),
(1003, '4', '08', 43, 1),
(1004, '4', '08', 43, 2),
(1029, '4', '08', 44, 1),
(1030, '4', '08', 44, 2),
(1055, '4', '08', 45, 1),
(1056, '4', '08', 45, 2),
(1081, '4', '08', 46, 1),
(1082, '4', '08', 46, 2),
(1107, '4', '08', 47, 1),
(1108, '4', '08', 47, 2),
(1133, '4', '08', 48, 1),
(1134, '4', '08', 48, 2),
(1159, '4', '08', 49, 1),
(1160, '4', '08', 49, 2),
(1185, '4', '08', 50, 1),
(1186, '4', '08', 50, 2),
(1211, '4', '08', 51, 1),
(1212, '4', '08', 51, 2),
(1237, '4', '08', 52, 1),
(1238, '4', '08', 52, 2),
(1263, '4', '08', 53, 1),
(1264, '4', '08', 53, 2),
(1289, '4', '08', 54, 1),
(1290, '4', '08', 54, 2),
(1315, '4', '08', 55, 1),
(1316, '4', '08', 55, 2),
(1341, '4', '08', 56, 1),
(1342, '4', '08', 56, 2),
(1367, '4', '08', 57, 1),
(1368, '4', '08', 57, 2),
(1393, '4', '08', 58, 1),
(1394, '4', '08', 58, 2),
(1419, '4', '08', 59, 1),
(1420, '4', '08', 59, 2),
(1445, '4', '08', 60, 1),
(1446, '4', '08', 60, 2),
(1471, '4', '08', 61, 1),
(1472, '4', '08', 61, 2),
(1497, '4', '08', 62, 1),
(1498, '4', '08', 62, 2),
(1523, '4', '08', 63, 1),
(1524, '4', '08', 63, 2),
(1549, '4', '08', 64, 1),
(1550, '4', '08', 64, 2),
(1575, '4', '08', 65, 1),
(1576, '4', '08', 65, 2),
(1601, '4', '08', 66, 1),
(1602, '4', '08', 66, 2),
(1627, '4', '08', 67, 1),
(1628, '4', '08', 67, 2),
(1653, '4', '08', 68, 1),
(1654, '4', '08', 68, 2),
(1679, '4', '08', 69, 1),
(1680, '4', '08', 69, 2),
(1705, '4', '08', 70, 1),
(1706, '4', '08', 70, 2),
(1731, '4', '08', 71, 1),
(1732, '4', '08', 71, 2),
(1757, '4', '08', 72, 1),
(1758, '4', '08', 72, 2),
(1783, '4', '08', 73, 1),
(1784, '4', '08', 73, 2),
(1809, '4', '08', 74, 1),
(1810, '4', '08', 74, 2),
(1835, '4', '08', 75, 1),
(1836, '4', '08', 75, 2),
(1861, '4', '08', 76, 1),
(1862, '4', '08', 76, 2),
(1887, '4', '08', 77, 1),
(1888, '4', '08', 77, 2),
(1913, '4', '08', 78, 1),
(1914, '4', '08', 78, 2),
(1939, '4', '08', 79, 1),
(1940, '4', '08', 79, 2),
(1965, '4', '08', 80, 1),
(1966, '4', '08', 80, 2),
(1991, '4', '08', 81, 1),
(1992, '4', '08', 81, 2),
(2017, '4', '08', 82, 1),
(2018, '4', '08', 82, 2),
(2043, '4', '08', 83, 1),
(2044, '4', '08', 83, 2),
(2069, '4', '08', 84, 1),
(2070, '4', '08', 84, 2),
(2095, '4', '08', 85, 1),
(2096, '4', '08', 85, 2),
(2121, '4', '08', 86, 1),
(2122, '4', '08', 86, 2),
(2147, '4', '08', 87, 1),
(2148, '4', '08', 87, 2),
(2173, '4', '08', 88, 1),
(2174, '4', '08', 88, 2),
(2199, '4', '08', 89, 1),
(2200, '4', '08', 89, 2),
(2225, '4', '08', 90, 1),
(2226, '4', '08', 90, 2),
(2251, '4', '08', 91, 1),
(2252, '4', '08', 91, 2),
(2277, '4', '08', 92, 1),
(2278, '4', '08', 92, 2),
(2303, '4', '08', 93, 1),
(2304, '4', '08', 93, 2),
(2329, '4', '08', 94, 1),
(2330, '4', '08', 94, 2),
(2355, '4', '08', 95, 1),
(2356, '4', '08', 95, 2),
(2381, '4', '08', 96, 1),
(2382, '4', '08', 96, 2),
(2407, '4', '08', 97, 1),
(2408, '4', '08', 97, 2),
(2433, '4', '08', 98, 1),
(2434, '4', '08', 98, 2),
(2459, '4', '08', 99, 1),
(2460, '4', '08', 99, 2),
(2485, '4', '08', 100, 1),
(2486, '4', '08', 100, 2),
(2511, '4', '08', 101, 1),
(2512, '4', '08', 101, 2),
(2537, '4', '08', 102, 1),
(2538, '4', '08', 102, 2),
(2563, '4', '08', 103, 1),
(2564, '4', '08', 103, 2),
(2589, '4', '08', 104, 1),
(2590, '4', '08', 104, 2),
(2615, '4', '08', 105, 1),
(2616, '4', '08', 105, 2),
(2641, '4', '08', 106, 1),
(2642, '4', '08', 106, 2),
(2667, '4', '08', 107, 1),
(2668, '4', '08', 107, 2),
(2693, '4', '08', 108, 1),
(2694, '4', '08', 108, 2),
(2719, '4', '08', 109, 1),
(2720, '4', '08', 109, 2),
(2745, '4', '08', 110, 1),
(2746, '4', '08', 110, 2),
(2771, '4', '08', 111, 1),
(2772, '4', '08', 111, 2),
(2797, '4', '08', 112, 1),
(2798, '4', '08', 112, 2),
(2823, '4', '08', 113, 1),
(2824, '4', '08', 113, 2),
(2849, '4', '08', 114, 1),
(2850, '4', '08', 114, 2),
(2875, '4', '08', 115, 1),
(2876, '4', '08', 115, 2),
(2901, '4', '08', 116, 1),
(2902, '4', '08', 116, 2),
(2927, '4', '08', 117, 1),
(2928, '4', '08', 117, 2),
(2953, '4', '08', 118, 1),
(2954, '4', '08', 118, 2),
(2979, '4', '08', 119, 1),
(2980, '4', '08', 119, 2),
(3005, '4', '08', 120, 1),
(3006, '4', '08', 120, 2),
(3031, '4', '08', 121, 1),
(3032, '4', '08', 121, 2),
(3057, '4', '08', 122, 1),
(3058, '4', '08', 122, 2),
(3083, '4', '08', 123, 1),
(3084, '4', '08', 123, 2),
(3109, '4', '08', 124, 1),
(3110, '4', '08', 124, 2),
(3135, '4', '08', 125, 1),
(3136, '4', '08', 125, 2),
(3161, '4', '08', 126, 1),
(3162, '4', '08', 126, 2),
(3187, '4', '08', 127, 1),
(3188, '4', '08', 127, 2),
(3213, '4', '08', 128, 1),
(3214, '4', '08', 128, 2),
(3239, '4', '08', 129, 1),
(3240, '4', '08', 129, 2),
(3265, '4', '08', 130, 1),
(3266, '4', '08', 130, 2),
(3291, '4', '08', 131, 1),
(3292, '4', '08', 131, 2),
(3317, '4', '08', 132, 1),
(3318, '4', '08', 132, 2),
(3343, '4', '08', 133, 1),
(3344, '4', '08', 133, 2),
(3369, '4', '08', 134, 1),
(3370, '4', '08', 134, 2),
(3395, '4', '08', 135, 1),
(3396, '4', '08', 135, 2),
(3421, '4', '08', 136, 1),
(3422, '4', '08', 136, 2),
(3447, '4', '08', 137, 1),
(3448, '4', '08', 137, 2),
(3473, '4', '08', 138, 1),
(3474, '4', '08', 138, 2),
(3499, '4', '08', 139, 1),
(3500, '4', '08', 139, 2),
(3525, '4', '08', 140, 1),
(3526, '4', '08', 140, 2),
(3551, '4', '08', 141, 1),
(3552, '4', '08', 141, 2),
(3577, '4', '08', 142, 1),
(3578, '4', '08', 142, 2),
(3603, '4', '08', 143, 1),
(3604, '4', '08', 143, 2),
(3629, '4', '08', 144, 1),
(3630, '4', '08', 144, 2),
(3655, '4', '08', 145, 1),
(3656, '4', '08', 145, 2),
(3681, '4', '08', 146, 1),
(3682, '4', '08', 146, 2),
(3785, '4', '08', 147, 1),
(3786, '4', '08', 147, 2),
(459, '4', '09', 2, 1),
(460, '4', '09', 2, 2),
(537, '4', '09', 3, 1),
(538, '4', '09', 3, 2),
(563, '4', '09', 4, 1),
(564, '4', '09', 4, 2),
(173, '4', '09', 5, 1),
(174, '4', '09', 5, 2),
(17, '4', '09', 6, 1),
(18, '4', '09', 6, 2),
(69, '4', '09', 7, 1),
(70, '4', '09', 7, 2),
(303, '4', '09', 8, 1),
(304, '4', '09', 8, 2),
(121, '4', '09', 9, 1),
(122, '4', '09', 9, 2),
(95, '4', '09', 10, 1),
(96, '4', '09', 10, 2),
(3709, '4', '09', 11, 1),
(3710, '4', '09', 11, 2),
(199, '4', '09', 12, 1),
(200, '4', '09', 12, 2),
(329, '4', '09', 13, 1),
(330, '4', '09', 13, 2),
(147, '4', '09', 14, 1),
(148, '4', '09', 14, 2),
(251, '4', '09', 15, 1),
(252, '4', '09', 15, 2),
(355, '4', '09', 16, 1),
(356, '4', '09', 16, 2),
(3735, '4', '09', 17, 1),
(3736, '4', '09', 17, 2),
(3761, '4', '09', 18, 1),
(3762, '4', '09', 18, 2),
(277, '4', '09', 19, 1),
(278, '4', '09', 19, 2),
(43, '4', '09', 20, 1),
(44, '4', '09', 20, 2),
(407, '4', '09', 21, 1),
(408, '4', '09', 21, 2),
(589, '4', '09', 22, 1),
(590, '4', '09', 22, 2),
(511, '4', '09', 23, 1),
(512, '4', '09', 23, 2),
(381, '4', '09', 24, 1),
(382, '4', '09', 24, 2),
(433, '4', '09', 25, 1),
(434, '4', '09', 25, 2),
(225, '4', '09', 26, 1),
(226, '4', '09', 26, 2),
(485, '4', '09', 27, 1),
(486, '4', '09', 27, 2),
(615, '4', '09', 28, 1),
(616, '4', '09', 28, 2),
(641, '4', '09', 29, 1),
(642, '4', '09', 29, 2),
(667, '4', '09', 30, 1),
(668, '4', '09', 30, 2),
(693, '4', '09', 31, 1),
(694, '4', '09', 31, 2),
(719, '4', '09', 32, 1),
(720, '4', '09', 32, 2),
(745, '4', '09', 33, 1),
(746, '4', '09', 33, 2),
(771, '4', '09', 34, 1),
(772, '4', '09', 34, 2),
(797, '4', '09', 35, 1),
(798, '4', '09', 35, 2),
(823, '4', '09', 36, 1),
(824, '4', '09', 36, 2),
(849, '4', '09', 37, 1),
(850, '4', '09', 37, 2),
(875, '4', '09', 38, 1),
(876, '4', '09', 38, 2),
(901, '4', '09', 39, 1),
(902, '4', '09', 39, 2),
(927, '4', '09', 40, 1),
(928, '4', '09', 40, 2),
(953, '4', '09', 41, 1),
(954, '4', '09', 41, 2),
(979, '4', '09', 42, 1),
(980, '4', '09', 42, 2),
(1005, '4', '09', 43, 1),
(1006, '4', '09', 43, 2),
(1031, '4', '09', 44, 1),
(1032, '4', '09', 44, 2),
(1057, '4', '09', 45, 1),
(1058, '4', '09', 45, 2),
(1083, '4', '09', 46, 1),
(1084, '4', '09', 46, 2),
(1109, '4', '09', 47, 1),
(1110, '4', '09', 47, 2),
(1135, '4', '09', 48, 1),
(1136, '4', '09', 48, 2),
(1161, '4', '09', 49, 1),
(1162, '4', '09', 49, 2),
(1187, '4', '09', 50, 1),
(1188, '4', '09', 50, 2),
(1213, '4', '09', 51, 1),
(1214, '4', '09', 51, 2),
(1239, '4', '09', 52, 1),
(1240, '4', '09', 52, 2),
(1265, '4', '09', 53, 1),
(1266, '4', '09', 53, 2),
(1291, '4', '09', 54, 1),
(1292, '4', '09', 54, 2),
(1317, '4', '09', 55, 1),
(1318, '4', '09', 55, 2),
(1343, '4', '09', 56, 1),
(1344, '4', '09', 56, 2),
(1369, '4', '09', 57, 1),
(1370, '4', '09', 57, 2),
(1395, '4', '09', 58, 1),
(1396, '4', '09', 58, 2),
(1421, '4', '09', 59, 1),
(1422, '4', '09', 59, 2),
(1447, '4', '09', 60, 1),
(1448, '4', '09', 60, 2),
(1473, '4', '09', 61, 1),
(1474, '4', '09', 61, 2),
(1499, '4', '09', 62, 1),
(1500, '4', '09', 62, 2),
(1525, '4', '09', 63, 1),
(1526, '4', '09', 63, 2),
(1551, '4', '09', 64, 1),
(1552, '4', '09', 64, 2),
(1577, '4', '09', 65, 1),
(1578, '4', '09', 65, 2),
(1603, '4', '09', 66, 1),
(1604, '4', '09', 66, 2),
(1629, '4', '09', 67, 1),
(1630, '4', '09', 67, 2),
(1655, '4', '09', 68, 1),
(1656, '4', '09', 68, 2),
(1681, '4', '09', 69, 1),
(1682, '4', '09', 69, 2),
(1707, '4', '09', 70, 1),
(1708, '4', '09', 70, 2),
(1733, '4', '09', 71, 1),
(1734, '4', '09', 71, 2),
(1759, '4', '09', 72, 1),
(1760, '4', '09', 72, 2),
(1785, '4', '09', 73, 1),
(1786, '4', '09', 73, 2),
(1811, '4', '09', 74, 1),
(1812, '4', '09', 74, 2),
(1837, '4', '09', 75, 1),
(1838, '4', '09', 75, 2),
(1863, '4', '09', 76, 1),
(1864, '4', '09', 76, 2),
(1889, '4', '09', 77, 1),
(1890, '4', '09', 77, 2),
(1915, '4', '09', 78, 1),
(1916, '4', '09', 78, 2),
(1941, '4', '09', 79, 1),
(1942, '4', '09', 79, 2),
(1967, '4', '09', 80, 1),
(1968, '4', '09', 80, 2),
(1993, '4', '09', 81, 1),
(1994, '4', '09', 81, 2),
(2019, '4', '09', 82, 1),
(2020, '4', '09', 82, 2),
(2045, '4', '09', 83, 1),
(2046, '4', '09', 83, 2),
(2071, '4', '09', 84, 1),
(2072, '4', '09', 84, 2),
(2097, '4', '09', 85, 1),
(2098, '4', '09', 85, 2),
(2123, '4', '09', 86, 1),
(2124, '4', '09', 86, 2),
(2149, '4', '09', 87, 1),
(2150, '4', '09', 87, 2),
(2175, '4', '09', 88, 1),
(2176, '4', '09', 88, 2),
(2201, '4', '09', 89, 1),
(2202, '4', '09', 89, 2),
(2227, '4', '09', 90, 1),
(2228, '4', '09', 90, 2),
(2253, '4', '09', 91, 1),
(2254, '4', '09', 91, 2),
(2279, '4', '09', 92, 1),
(2280, '4', '09', 92, 2),
(2305, '4', '09', 93, 1),
(2306, '4', '09', 93, 2),
(2331, '4', '09', 94, 1),
(2332, '4', '09', 94, 2),
(2357, '4', '09', 95, 1),
(2358, '4', '09', 95, 2),
(2383, '4', '09', 96, 1),
(2384, '4', '09', 96, 2),
(2409, '4', '09', 97, 1),
(2410, '4', '09', 97, 2),
(2435, '4', '09', 98, 1),
(2436, '4', '09', 98, 2),
(2461, '4', '09', 99, 1),
(2462, '4', '09', 99, 2),
(2487, '4', '09', 100, 1),
(2488, '4', '09', 100, 2),
(2513, '4', '09', 101, 1),
(2514, '4', '09', 101, 2),
(2539, '4', '09', 102, 1),
(2540, '4', '09', 102, 2),
(2565, '4', '09', 103, 1),
(2566, '4', '09', 103, 2),
(2591, '4', '09', 104, 1),
(2592, '4', '09', 104, 2),
(2617, '4', '09', 105, 1),
(2618, '4', '09', 105, 2),
(2643, '4', '09', 106, 1),
(2644, '4', '09', 106, 2),
(2669, '4', '09', 107, 1),
(2670, '4', '09', 107, 2),
(2695, '4', '09', 108, 1),
(2696, '4', '09', 108, 2),
(2721, '4', '09', 109, 1),
(2722, '4', '09', 109, 2),
(2747, '4', '09', 110, 1),
(2748, '4', '09', 110, 2),
(2773, '4', '09', 111, 1),
(2774, '4', '09', 111, 2),
(2799, '4', '09', 112, 1),
(2800, '4', '09', 112, 2),
(2825, '4', '09', 113, 1),
(2826, '4', '09', 113, 2),
(2851, '4', '09', 114, 1),
(2852, '4', '09', 114, 2),
(2877, '4', '09', 115, 1),
(2878, '4', '09', 115, 2),
(2903, '4', '09', 116, 1),
(2904, '4', '09', 116, 2),
(2929, '4', '09', 117, 1),
(2930, '4', '09', 117, 2),
(2955, '4', '09', 118, 1),
(2956, '4', '09', 118, 2),
(2981, '4', '09', 119, 1),
(2982, '4', '09', 119, 2),
(3007, '4', '09', 120, 1),
(3008, '4', '09', 120, 2),
(3033, '4', '09', 121, 1),
(3034, '4', '09', 121, 2),
(3059, '4', '09', 122, 1),
(3060, '4', '09', 122, 2),
(3085, '4', '09', 123, 1),
(3086, '4', '09', 123, 2),
(3111, '4', '09', 124, 1),
(3112, '4', '09', 124, 2),
(3137, '4', '09', 125, 1),
(3138, '4', '09', 125, 2),
(3163, '4', '09', 126, 1),
(3164, '4', '09', 126, 2),
(3189, '4', '09', 127, 1),
(3190, '4', '09', 127, 2),
(3215, '4', '09', 128, 1),
(3216, '4', '09', 128, 2),
(3241, '4', '09', 129, 1),
(3242, '4', '09', 129, 2),
(3267, '4', '09', 130, 1),
(3268, '4', '09', 130, 2),
(3293, '4', '09', 131, 1),
(3294, '4', '09', 131, 2),
(3319, '4', '09', 132, 1),
(3320, '4', '09', 132, 2),
(3345, '4', '09', 133, 1),
(3346, '4', '09', 133, 2),
(3371, '4', '09', 134, 1),
(3372, '4', '09', 134, 2),
(3397, '4', '09', 135, 1),
(3398, '4', '09', 135, 2),
(3423, '4', '09', 136, 1),
(3424, '4', '09', 136, 2),
(3449, '4', '09', 137, 1),
(3450, '4', '09', 137, 2),
(3475, '4', '09', 138, 1),
(3476, '4', '09', 138, 2),
(3501, '4', '09', 139, 1),
(3502, '4', '09', 139, 2),
(3527, '4', '09', 140, 1),
(3528, '4', '09', 140, 2),
(3553, '4', '09', 141, 1),
(3554, '4', '09', 141, 2),
(3579, '4', '09', 142, 1),
(3580, '4', '09', 142, 2),
(3605, '4', '09', 143, 1),
(3606, '4', '09', 143, 2),
(3631, '4', '09', 144, 1),
(3632, '4', '09', 144, 2),
(3657, '4', '09', 145, 1),
(3658, '4', '09', 145, 2),
(3683, '4', '09', 146, 1),
(3684, '4', '09', 146, 2),
(3787, '4', '09', 147, 1),
(3788, '4', '09', 147, 2),
(461, '4', '10', 2, 1),
(462, '4', '10', 2, 2),
(539, '4', '10', 3, 1),
(540, '4', '10', 3, 2),
(565, '4', '10', 4, 1),
(566, '4', '10', 4, 2),
(175, '4', '10', 5, 1),
(176, '4', '10', 5, 2),
(19, '4', '10', 6, 1),
(20, '4', '10', 6, 2),
(71, '4', '10', 7, 1),
(72, '4', '10', 7, 2),
(305, '4', '10', 8, 1),
(306, '4', '10', 8, 2),
(123, '4', '10', 9, 1),
(124, '4', '10', 9, 2),
(97, '4', '10', 10, 1),
(98, '4', '10', 10, 2),
(3711, '4', '10', 11, 1),
(3712, '4', '10', 11, 2),
(201, '4', '10', 12, 1),
(202, '4', '10', 12, 2),
(331, '4', '10', 13, 1),
(332, '4', '10', 13, 2),
(149, '4', '10', 14, 1),
(150, '4', '10', 14, 2),
(253, '4', '10', 15, 1),
(254, '4', '10', 15, 2),
(357, '4', '10', 16, 1),
(358, '4', '10', 16, 2),
(3737, '4', '10', 17, 1),
(3738, '4', '10', 17, 2);
INSERT INTO `ue_partida_entidad` (`id`, `cuenta`, `partida`, `id_ue`, `id_tipo_entidad`) VALUES
(3763, '4', '10', 18, 1),
(3764, '4', '10', 18, 2),
(279, '4', '10', 19, 1),
(280, '4', '10', 19, 2),
(45, '4', '10', 20, 1),
(46, '4', '10', 20, 2),
(409, '4', '10', 21, 1),
(410, '4', '10', 21, 2),
(591, '4', '10', 22, 1),
(592, '4', '10', 22, 2),
(513, '4', '10', 23, 1),
(514, '4', '10', 23, 2),
(383, '4', '10', 24, 1),
(384, '4', '10', 24, 2),
(435, '4', '10', 25, 1),
(436, '4', '10', 25, 2),
(227, '4', '10', 26, 1),
(228, '4', '10', 26, 2),
(487, '4', '10', 27, 1),
(488, '4', '10', 27, 2),
(617, '4', '10', 28, 1),
(618, '4', '10', 28, 2),
(643, '4', '10', 29, 1),
(644, '4', '10', 29, 2),
(669, '4', '10', 30, 1),
(670, '4', '10', 30, 2),
(695, '4', '10', 31, 1),
(696, '4', '10', 31, 2),
(721, '4', '10', 32, 1),
(722, '4', '10', 32, 2),
(747, '4', '10', 33, 1),
(748, '4', '10', 33, 2),
(773, '4', '10', 34, 1),
(774, '4', '10', 34, 2),
(799, '4', '10', 35, 1),
(800, '4', '10', 35, 2),
(825, '4', '10', 36, 1),
(826, '4', '10', 36, 2),
(851, '4', '10', 37, 1),
(852, '4', '10', 37, 2),
(877, '4', '10', 38, 1),
(878, '4', '10', 38, 2),
(903, '4', '10', 39, 1),
(904, '4', '10', 39, 2),
(929, '4', '10', 40, 1),
(930, '4', '10', 40, 2),
(955, '4', '10', 41, 1),
(956, '4', '10', 41, 2),
(981, '4', '10', 42, 1),
(982, '4', '10', 42, 2),
(1007, '4', '10', 43, 1),
(1008, '4', '10', 43, 2),
(1033, '4', '10', 44, 1),
(1034, '4', '10', 44, 2),
(1059, '4', '10', 45, 1),
(1060, '4', '10', 45, 2),
(1085, '4', '10', 46, 1),
(1086, '4', '10', 46, 2),
(1111, '4', '10', 47, 1),
(1112, '4', '10', 47, 2),
(1137, '4', '10', 48, 1),
(1138, '4', '10', 48, 2),
(1163, '4', '10', 49, 1),
(1164, '4', '10', 49, 2),
(1189, '4', '10', 50, 1),
(1190, '4', '10', 50, 2),
(1215, '4', '10', 51, 1),
(1216, '4', '10', 51, 2),
(1241, '4', '10', 52, 1),
(1242, '4', '10', 52, 2),
(1267, '4', '10', 53, 1),
(1268, '4', '10', 53, 2),
(1293, '4', '10', 54, 1),
(1294, '4', '10', 54, 2),
(1319, '4', '10', 55, 1),
(1320, '4', '10', 55, 2),
(1345, '4', '10', 56, 1),
(1346, '4', '10', 56, 2),
(1371, '4', '10', 57, 1),
(1372, '4', '10', 57, 2),
(1397, '4', '10', 58, 1),
(1398, '4', '10', 58, 2),
(1423, '4', '10', 59, 1),
(1424, '4', '10', 59, 2),
(1449, '4', '10', 60, 1),
(1450, '4', '10', 60, 2),
(1475, '4', '10', 61, 1),
(1476, '4', '10', 61, 2),
(1501, '4', '10', 62, 1),
(1502, '4', '10', 62, 2),
(1527, '4', '10', 63, 1),
(1528, '4', '10', 63, 2),
(1553, '4', '10', 64, 1),
(1554, '4', '10', 64, 2),
(1579, '4', '10', 65, 1),
(1580, '4', '10', 65, 2),
(1605, '4', '10', 66, 1),
(1606, '4', '10', 66, 2),
(1631, '4', '10', 67, 1),
(1632, '4', '10', 67, 2),
(1657, '4', '10', 68, 1),
(1658, '4', '10', 68, 2),
(1683, '4', '10', 69, 1),
(1684, '4', '10', 69, 2),
(1709, '4', '10', 70, 1),
(1710, '4', '10', 70, 2),
(1735, '4', '10', 71, 1),
(1736, '4', '10', 71, 2),
(1761, '4', '10', 72, 1),
(1762, '4', '10', 72, 2),
(1787, '4', '10', 73, 1),
(1788, '4', '10', 73, 2),
(1813, '4', '10', 74, 1),
(1814, '4', '10', 74, 2),
(1839, '4', '10', 75, 1),
(1840, '4', '10', 75, 2),
(1865, '4', '10', 76, 1),
(1866, '4', '10', 76, 2),
(1891, '4', '10', 77, 1),
(1892, '4', '10', 77, 2),
(1917, '4', '10', 78, 1),
(1918, '4', '10', 78, 2),
(1943, '4', '10', 79, 1),
(1944, '4', '10', 79, 2),
(1969, '4', '10', 80, 1),
(1970, '4', '10', 80, 2),
(1995, '4', '10', 81, 1),
(1996, '4', '10', 81, 2),
(2021, '4', '10', 82, 1),
(2022, '4', '10', 82, 2),
(2047, '4', '10', 83, 1),
(2048, '4', '10', 83, 2),
(2073, '4', '10', 84, 1),
(2074, '4', '10', 84, 2),
(2099, '4', '10', 85, 1),
(2100, '4', '10', 85, 2),
(2125, '4', '10', 86, 1),
(2126, '4', '10', 86, 2),
(2151, '4', '10', 87, 1),
(2152, '4', '10', 87, 2),
(2177, '4', '10', 88, 1),
(2178, '4', '10', 88, 2),
(2203, '4', '10', 89, 1),
(2204, '4', '10', 89, 2),
(2229, '4', '10', 90, 1),
(2230, '4', '10', 90, 2),
(2255, '4', '10', 91, 1),
(2256, '4', '10', 91, 2),
(2281, '4', '10', 92, 1),
(2282, '4', '10', 92, 2),
(2307, '4', '10', 93, 1),
(2308, '4', '10', 93, 2),
(2333, '4', '10', 94, 1),
(2334, '4', '10', 94, 2),
(2359, '4', '10', 95, 1),
(2360, '4', '10', 95, 2),
(2385, '4', '10', 96, 1),
(2386, '4', '10', 96, 2),
(2411, '4', '10', 97, 1),
(2412, '4', '10', 97, 2),
(2437, '4', '10', 98, 1),
(2438, '4', '10', 98, 2),
(2463, '4', '10', 99, 1),
(2464, '4', '10', 99, 2),
(2489, '4', '10', 100, 1),
(2490, '4', '10', 100, 2),
(2515, '4', '10', 101, 1),
(2516, '4', '10', 101, 2),
(2541, '4', '10', 102, 1),
(2542, '4', '10', 102, 2),
(2567, '4', '10', 103, 1),
(2568, '4', '10', 103, 2),
(2593, '4', '10', 104, 1),
(2594, '4', '10', 104, 2),
(2619, '4', '10', 105, 1),
(2620, '4', '10', 105, 2),
(2645, '4', '10', 106, 1),
(2646, '4', '10', 106, 2),
(2671, '4', '10', 107, 1),
(2672, '4', '10', 107, 2),
(2697, '4', '10', 108, 1),
(2698, '4', '10', 108, 2),
(2723, '4', '10', 109, 1),
(2724, '4', '10', 109, 2),
(2749, '4', '10', 110, 1),
(2750, '4', '10', 110, 2),
(2775, '4', '10', 111, 1),
(2776, '4', '10', 111, 2),
(2801, '4', '10', 112, 1),
(2802, '4', '10', 112, 2),
(2827, '4', '10', 113, 1),
(2828, '4', '10', 113, 2),
(2853, '4', '10', 114, 1),
(2854, '4', '10', 114, 2),
(2879, '4', '10', 115, 1),
(2880, '4', '10', 115, 2),
(2905, '4', '10', 116, 1),
(2906, '4', '10', 116, 2),
(2931, '4', '10', 117, 1),
(2932, '4', '10', 117, 2),
(2957, '4', '10', 118, 1),
(2958, '4', '10', 118, 2),
(2983, '4', '10', 119, 1),
(2984, '4', '10', 119, 2),
(3009, '4', '10', 120, 1),
(3010, '4', '10', 120, 2),
(3035, '4', '10', 121, 1),
(3036, '4', '10', 121, 2),
(3061, '4', '10', 122, 1),
(3062, '4', '10', 122, 2),
(3087, '4', '10', 123, 1),
(3088, '4', '10', 123, 2),
(3113, '4', '10', 124, 1),
(3114, '4', '10', 124, 2),
(3139, '4', '10', 125, 1),
(3140, '4', '10', 125, 2),
(3165, '4', '10', 126, 1),
(3166, '4', '10', 126, 2),
(3191, '4', '10', 127, 1),
(3192, '4', '10', 127, 2),
(3217, '4', '10', 128, 1),
(3218, '4', '10', 128, 2),
(3243, '4', '10', 129, 1),
(3244, '4', '10', 129, 2),
(3269, '4', '10', 130, 1),
(3270, '4', '10', 130, 2),
(3295, '4', '10', 131, 1),
(3296, '4', '10', 131, 2),
(3321, '4', '10', 132, 1),
(3322, '4', '10', 132, 2),
(3347, '4', '10', 133, 1),
(3348, '4', '10', 133, 2),
(3373, '4', '10', 134, 1),
(3374, '4', '10', 134, 2),
(3399, '4', '10', 135, 1),
(3400, '4', '10', 135, 2),
(3425, '4', '10', 136, 1),
(3426, '4', '10', 136, 2),
(3451, '4', '10', 137, 1),
(3452, '4', '10', 137, 2),
(3477, '4', '10', 138, 1),
(3478, '4', '10', 138, 2),
(3503, '4', '10', 139, 1),
(3504, '4', '10', 139, 2),
(3529, '4', '10', 140, 1),
(3530, '4', '10', 140, 2),
(3555, '4', '10', 141, 1),
(3556, '4', '10', 141, 2),
(3581, '4', '10', 142, 1),
(3582, '4', '10', 142, 2),
(3607, '4', '10', 143, 1),
(3608, '4', '10', 143, 2),
(3633, '4', '10', 144, 1),
(3634, '4', '10', 144, 2),
(3659, '4', '10', 145, 1),
(3660, '4', '10', 145, 2),
(3685, '4', '10', 146, 1),
(3686, '4', '10', 146, 2),
(3789, '4', '10', 147, 1),
(3790, '4', '10', 147, 2),
(463, '4', '11', 2, 1),
(464, '4', '11', 2, 2),
(541, '4', '11', 3, 1),
(542, '4', '11', 3, 2),
(567, '4', '11', 4, 1),
(568, '4', '11', 4, 2),
(177, '4', '11', 5, 1),
(178, '4', '11', 5, 2),
(21, '4', '11', 6, 1),
(22, '4', '11', 6, 2),
(73, '4', '11', 7, 1),
(74, '4', '11', 7, 2),
(307, '4', '11', 8, 1),
(308, '4', '11', 8, 2),
(125, '4', '11', 9, 1),
(126, '4', '11', 9, 2),
(99, '4', '11', 10, 1),
(100, '4', '11', 10, 2),
(3713, '4', '11', 11, 1),
(3714, '4', '11', 11, 2),
(203, '4', '11', 12, 1),
(204, '4', '11', 12, 2),
(333, '4', '11', 13, 1),
(334, '4', '11', 13, 2),
(151, '4', '11', 14, 1),
(152, '4', '11', 14, 2),
(255, '4', '11', 15, 1),
(256, '4', '11', 15, 2),
(359, '4', '11', 16, 1),
(360, '4', '11', 16, 2),
(3739, '4', '11', 17, 1),
(3740, '4', '11', 17, 2),
(3765, '4', '11', 18, 1),
(3766, '4', '11', 18, 2),
(281, '4', '11', 19, 1),
(282, '4', '11', 19, 2),
(47, '4', '11', 20, 1),
(48, '4', '11', 20, 2),
(411, '4', '11', 21, 1),
(412, '4', '11', 21, 2),
(593, '4', '11', 22, 1),
(594, '4', '11', 22, 2),
(515, '4', '11', 23, 1),
(516, '4', '11', 23, 2),
(385, '4', '11', 24, 1),
(386, '4', '11', 24, 2),
(437, '4', '11', 25, 1),
(438, '4', '11', 25, 2),
(229, '4', '11', 26, 1),
(230, '4', '11', 26, 2),
(489, '4', '11', 27, 1),
(490, '4', '11', 27, 2),
(619, '4', '11', 28, 1),
(620, '4', '11', 28, 2),
(645, '4', '11', 29, 1),
(646, '4', '11', 29, 2),
(671, '4', '11', 30, 1),
(672, '4', '11', 30, 2),
(697, '4', '11', 31, 1),
(698, '4', '11', 31, 2),
(723, '4', '11', 32, 1),
(724, '4', '11', 32, 2),
(749, '4', '11', 33, 1),
(750, '4', '11', 33, 2),
(775, '4', '11', 34, 1),
(776, '4', '11', 34, 2),
(801, '4', '11', 35, 1),
(802, '4', '11', 35, 2),
(827, '4', '11', 36, 1),
(828, '4', '11', 36, 2),
(853, '4', '11', 37, 1),
(854, '4', '11', 37, 2),
(879, '4', '11', 38, 1),
(880, '4', '11', 38, 2),
(905, '4', '11', 39, 1),
(906, '4', '11', 39, 2),
(931, '4', '11', 40, 1),
(932, '4', '11', 40, 2),
(957, '4', '11', 41, 1),
(958, '4', '11', 41, 2),
(983, '4', '11', 42, 1),
(984, '4', '11', 42, 2),
(1009, '4', '11', 43, 1),
(1010, '4', '11', 43, 2),
(1035, '4', '11', 44, 1),
(1036, '4', '11', 44, 2),
(1061, '4', '11', 45, 1),
(1062, '4', '11', 45, 2),
(1087, '4', '11', 46, 1),
(1088, '4', '11', 46, 2),
(1113, '4', '11', 47, 1),
(1114, '4', '11', 47, 2),
(1139, '4', '11', 48, 1),
(1140, '4', '11', 48, 2),
(1165, '4', '11', 49, 1),
(1166, '4', '11', 49, 2),
(1191, '4', '11', 50, 1),
(1192, '4', '11', 50, 2),
(1217, '4', '11', 51, 1),
(1218, '4', '11', 51, 2),
(1243, '4', '11', 52, 1),
(1244, '4', '11', 52, 2),
(1269, '4', '11', 53, 1),
(1270, '4', '11', 53, 2),
(1295, '4', '11', 54, 1),
(1296, '4', '11', 54, 2),
(1321, '4', '11', 55, 1),
(1322, '4', '11', 55, 2),
(1347, '4', '11', 56, 1),
(1348, '4', '11', 56, 2),
(1373, '4', '11', 57, 1),
(1374, '4', '11', 57, 2),
(1399, '4', '11', 58, 1),
(1400, '4', '11', 58, 2),
(1425, '4', '11', 59, 1),
(1426, '4', '11', 59, 2),
(1451, '4', '11', 60, 1),
(1452, '4', '11', 60, 2),
(1477, '4', '11', 61, 1),
(1478, '4', '11', 61, 2),
(1503, '4', '11', 62, 1),
(1504, '4', '11', 62, 2),
(1529, '4', '11', 63, 1),
(1530, '4', '11', 63, 2),
(1555, '4', '11', 64, 1),
(1556, '4', '11', 64, 2),
(1581, '4', '11', 65, 1),
(1582, '4', '11', 65, 2),
(1607, '4', '11', 66, 1),
(1608, '4', '11', 66, 2),
(1633, '4', '11', 67, 1),
(1634, '4', '11', 67, 2),
(1659, '4', '11', 68, 1),
(1660, '4', '11', 68, 2),
(1685, '4', '11', 69, 1),
(1686, '4', '11', 69, 2),
(1711, '4', '11', 70, 1),
(1712, '4', '11', 70, 2),
(1737, '4', '11', 71, 1),
(1738, '4', '11', 71, 2),
(1763, '4', '11', 72, 1),
(1764, '4', '11', 72, 2),
(1789, '4', '11', 73, 1),
(1790, '4', '11', 73, 2),
(1815, '4', '11', 74, 1),
(1816, '4', '11', 74, 2),
(1841, '4', '11', 75, 1),
(1842, '4', '11', 75, 2),
(1867, '4', '11', 76, 1),
(1868, '4', '11', 76, 2),
(1893, '4', '11', 77, 1),
(1894, '4', '11', 77, 2),
(1919, '4', '11', 78, 1),
(1920, '4', '11', 78, 2),
(1945, '4', '11', 79, 1),
(1946, '4', '11', 79, 2),
(1971, '4', '11', 80, 1),
(1972, '4', '11', 80, 2),
(1997, '4', '11', 81, 1),
(1998, '4', '11', 81, 2),
(2023, '4', '11', 82, 1),
(2024, '4', '11', 82, 2),
(2049, '4', '11', 83, 1),
(2050, '4', '11', 83, 2),
(2075, '4', '11', 84, 1),
(2076, '4', '11', 84, 2),
(2101, '4', '11', 85, 1),
(2102, '4', '11', 85, 2),
(2127, '4', '11', 86, 1),
(2128, '4', '11', 86, 2),
(2153, '4', '11', 87, 1),
(2154, '4', '11', 87, 2),
(2179, '4', '11', 88, 1),
(2180, '4', '11', 88, 2),
(2205, '4', '11', 89, 1),
(2206, '4', '11', 89, 2),
(2231, '4', '11', 90, 1),
(2232, '4', '11', 90, 2),
(2257, '4', '11', 91, 1),
(2258, '4', '11', 91, 2),
(2283, '4', '11', 92, 1),
(2284, '4', '11', 92, 2),
(2309, '4', '11', 93, 1),
(2310, '4', '11', 93, 2),
(2335, '4', '11', 94, 1),
(2336, '4', '11', 94, 2),
(2361, '4', '11', 95, 1),
(2362, '4', '11', 95, 2),
(2387, '4', '11', 96, 1),
(2388, '4', '11', 96, 2),
(2413, '4', '11', 97, 1),
(2414, '4', '11', 97, 2),
(2439, '4', '11', 98, 1),
(2440, '4', '11', 98, 2),
(2465, '4', '11', 99, 1),
(2466, '4', '11', 99, 2),
(2491, '4', '11', 100, 1),
(2492, '4', '11', 100, 2),
(2517, '4', '11', 101, 1),
(2518, '4', '11', 101, 2),
(2543, '4', '11', 102, 1),
(2544, '4', '11', 102, 2),
(2569, '4', '11', 103, 1),
(2570, '4', '11', 103, 2),
(2595, '4', '11', 104, 1),
(2596, '4', '11', 104, 2),
(2621, '4', '11', 105, 1),
(2622, '4', '11', 105, 2),
(2647, '4', '11', 106, 1),
(2648, '4', '11', 106, 2),
(2673, '4', '11', 107, 1),
(2674, '4', '11', 107, 2),
(2699, '4', '11', 108, 1),
(2700, '4', '11', 108, 2),
(2725, '4', '11', 109, 1),
(2726, '4', '11', 109, 2),
(2751, '4', '11', 110, 1),
(2752, '4', '11', 110, 2),
(2777, '4', '11', 111, 1),
(2778, '4', '11', 111, 2),
(2803, '4', '11', 112, 1),
(2804, '4', '11', 112, 2),
(2829, '4', '11', 113, 1),
(2830, '4', '11', 113, 2),
(2855, '4', '11', 114, 1),
(2856, '4', '11', 114, 2),
(2881, '4', '11', 115, 1),
(2882, '4', '11', 115, 2),
(2907, '4', '11', 116, 1),
(2908, '4', '11', 116, 2),
(2933, '4', '11', 117, 1),
(2934, '4', '11', 117, 2),
(2959, '4', '11', 118, 1),
(2960, '4', '11', 118, 2),
(2985, '4', '11', 119, 1),
(2986, '4', '11', 119, 2),
(3011, '4', '11', 120, 1),
(3012, '4', '11', 120, 2),
(3037, '4', '11', 121, 1),
(3038, '4', '11', 121, 2),
(3063, '4', '11', 122, 1),
(3064, '4', '11', 122, 2),
(3089, '4', '11', 123, 1),
(3090, '4', '11', 123, 2),
(3115, '4', '11', 124, 1),
(3116, '4', '11', 124, 2),
(3141, '4', '11', 125, 1),
(3142, '4', '11', 125, 2),
(3167, '4', '11', 126, 1),
(3168, '4', '11', 126, 2),
(3193, '4', '11', 127, 1),
(3194, '4', '11', 127, 2),
(3219, '4', '11', 128, 1),
(3220, '4', '11', 128, 2),
(3245, '4', '11', 129, 1),
(3246, '4', '11', 129, 2),
(3271, '4', '11', 130, 1),
(3272, '4', '11', 130, 2),
(3297, '4', '11', 131, 1),
(3298, '4', '11', 131, 2),
(3323, '4', '11', 132, 1),
(3324, '4', '11', 132, 2),
(3349, '4', '11', 133, 1),
(3350, '4', '11', 133, 2),
(3375, '4', '11', 134, 1),
(3376, '4', '11', 134, 2),
(3401, '4', '11', 135, 1),
(3402, '4', '11', 135, 2),
(3427, '4', '11', 136, 1),
(3428, '4', '11', 136, 2),
(3453, '4', '11', 137, 1),
(3454, '4', '11', 137, 2),
(3479, '4', '11', 138, 1),
(3480, '4', '11', 138, 2),
(3505, '4', '11', 139, 1),
(3506, '4', '11', 139, 2),
(3531, '4', '11', 140, 1),
(3532, '4', '11', 140, 2),
(3557, '4', '11', 141, 1),
(3558, '4', '11', 141, 2),
(3583, '4', '11', 142, 1),
(3584, '4', '11', 142, 2),
(3609, '4', '11', 143, 1),
(3610, '4', '11', 143, 2),
(3635, '4', '11', 144, 1),
(3636, '4', '11', 144, 2),
(3661, '4', '11', 145, 1),
(3662, '4', '11', 145, 2),
(3687, '4', '11', 146, 1),
(3688, '4', '11', 146, 2),
(3791, '4', '11', 147, 1),
(3792, '4', '11', 147, 2),
(465, '4', '12', 2, 1),
(466, '4', '12', 2, 2),
(543, '4', '12', 3, 1),
(544, '4', '12', 3, 2),
(569, '4', '12', 4, 1),
(570, '4', '12', 4, 2),
(179, '4', '12', 5, 1),
(180, '4', '12', 5, 2),
(23, '4', '12', 6, 1),
(24, '4', '12', 6, 2),
(75, '4', '12', 7, 1),
(76, '4', '12', 7, 2),
(309, '4', '12', 8, 1),
(310, '4', '12', 8, 2),
(127, '4', '12', 9, 1),
(128, '4', '12', 9, 2),
(101, '4', '12', 10, 1),
(102, '4', '12', 10, 2),
(3715, '4', '12', 11, 1),
(3716, '4', '12', 11, 2),
(205, '4', '12', 12, 1),
(206, '4', '12', 12, 2),
(335, '4', '12', 13, 1),
(336, '4', '12', 13, 2),
(153, '4', '12', 14, 1),
(154, '4', '12', 14, 2),
(257, '4', '12', 15, 1),
(258, '4', '12', 15, 2),
(361, '4', '12', 16, 1),
(362, '4', '12', 16, 2),
(3741, '4', '12', 17, 1),
(3742, '4', '12', 17, 2),
(3767, '4', '12', 18, 1),
(3768, '4', '12', 18, 2),
(283, '4', '12', 19, 1),
(284, '4', '12', 19, 2),
(49, '4', '12', 20, 1),
(50, '4', '12', 20, 2),
(413, '4', '12', 21, 1),
(414, '4', '12', 21, 2),
(595, '4', '12', 22, 1),
(596, '4', '12', 22, 2),
(517, '4', '12', 23, 1),
(518, '4', '12', 23, 2),
(387, '4', '12', 24, 1),
(388, '4', '12', 24, 2),
(439, '4', '12', 25, 1),
(440, '4', '12', 25, 2),
(231, '4', '12', 26, 1),
(232, '4', '12', 26, 2),
(491, '4', '12', 27, 1),
(492, '4', '12', 27, 2),
(621, '4', '12', 28, 1),
(622, '4', '12', 28, 2),
(647, '4', '12', 29, 1),
(648, '4', '12', 29, 2),
(673, '4', '12', 30, 1),
(674, '4', '12', 30, 2),
(699, '4', '12', 31, 1),
(700, '4', '12', 31, 2),
(725, '4', '12', 32, 1),
(726, '4', '12', 32, 2),
(751, '4', '12', 33, 1),
(752, '4', '12', 33, 2),
(777, '4', '12', 34, 1),
(778, '4', '12', 34, 2),
(803, '4', '12', 35, 1),
(804, '4', '12', 35, 2),
(829, '4', '12', 36, 1),
(830, '4', '12', 36, 2),
(855, '4', '12', 37, 1),
(856, '4', '12', 37, 2),
(881, '4', '12', 38, 1),
(882, '4', '12', 38, 2),
(907, '4', '12', 39, 1),
(908, '4', '12', 39, 2),
(933, '4', '12', 40, 1),
(934, '4', '12', 40, 2),
(959, '4', '12', 41, 1),
(960, '4', '12', 41, 2),
(985, '4', '12', 42, 1),
(986, '4', '12', 42, 2),
(1011, '4', '12', 43, 1),
(1012, '4', '12', 43, 2),
(1037, '4', '12', 44, 1),
(1038, '4', '12', 44, 2),
(1063, '4', '12', 45, 1),
(1064, '4', '12', 45, 2),
(1089, '4', '12', 46, 1),
(1090, '4', '12', 46, 2),
(1115, '4', '12', 47, 1),
(1116, '4', '12', 47, 2),
(1141, '4', '12', 48, 1),
(1142, '4', '12', 48, 2),
(1167, '4', '12', 49, 1),
(1168, '4', '12', 49, 2),
(1193, '4', '12', 50, 1),
(1194, '4', '12', 50, 2),
(1219, '4', '12', 51, 1),
(1220, '4', '12', 51, 2),
(1245, '4', '12', 52, 1),
(1246, '4', '12', 52, 2),
(1271, '4', '12', 53, 1),
(1272, '4', '12', 53, 2),
(1297, '4', '12', 54, 1),
(1298, '4', '12', 54, 2),
(1323, '4', '12', 55, 1),
(1324, '4', '12', 55, 2),
(1349, '4', '12', 56, 1),
(1350, '4', '12', 56, 2),
(1375, '4', '12', 57, 1),
(1376, '4', '12', 57, 2),
(1401, '4', '12', 58, 1),
(1402, '4', '12', 58, 2),
(1427, '4', '12', 59, 1),
(1428, '4', '12', 59, 2),
(1453, '4', '12', 60, 1),
(1454, '4', '12', 60, 2),
(1479, '4', '12', 61, 1),
(1480, '4', '12', 61, 2),
(1505, '4', '12', 62, 1),
(1506, '4', '12', 62, 2),
(1531, '4', '12', 63, 1),
(1532, '4', '12', 63, 2),
(1557, '4', '12', 64, 1),
(1558, '4', '12', 64, 2),
(1583, '4', '12', 65, 1),
(1584, '4', '12', 65, 2),
(1609, '4', '12', 66, 1),
(1610, '4', '12', 66, 2),
(1635, '4', '12', 67, 1),
(1636, '4', '12', 67, 2),
(1661, '4', '12', 68, 1),
(1662, '4', '12', 68, 2),
(1687, '4', '12', 69, 1),
(1688, '4', '12', 69, 2),
(1713, '4', '12', 70, 1),
(1714, '4', '12', 70, 2),
(1739, '4', '12', 71, 1),
(1740, '4', '12', 71, 2),
(1765, '4', '12', 72, 1),
(1766, '4', '12', 72, 2),
(1791, '4', '12', 73, 1),
(1792, '4', '12', 73, 2),
(1817, '4', '12', 74, 1),
(1818, '4', '12', 74, 2),
(1843, '4', '12', 75, 1),
(1844, '4', '12', 75, 2),
(1869, '4', '12', 76, 1),
(1870, '4', '12', 76, 2),
(1895, '4', '12', 77, 1),
(1896, '4', '12', 77, 2),
(1921, '4', '12', 78, 1),
(1922, '4', '12', 78, 2),
(1947, '4', '12', 79, 1),
(1948, '4', '12', 79, 2),
(1973, '4', '12', 80, 1),
(1974, '4', '12', 80, 2),
(1999, '4', '12', 81, 1),
(2000, '4', '12', 81, 2),
(2025, '4', '12', 82, 1),
(2026, '4', '12', 82, 2),
(2051, '4', '12', 83, 1),
(2052, '4', '12', 83, 2),
(2077, '4', '12', 84, 1),
(2078, '4', '12', 84, 2),
(2103, '4', '12', 85, 1),
(2104, '4', '12', 85, 2),
(2129, '4', '12', 86, 1),
(2130, '4', '12', 86, 2),
(2155, '4', '12', 87, 1),
(2156, '4', '12', 87, 2),
(2181, '4', '12', 88, 1),
(2182, '4', '12', 88, 2),
(2207, '4', '12', 89, 1),
(2208, '4', '12', 89, 2),
(2233, '4', '12', 90, 1),
(2234, '4', '12', 90, 2),
(2259, '4', '12', 91, 1),
(2260, '4', '12', 91, 2),
(2285, '4', '12', 92, 1),
(2286, '4', '12', 92, 2),
(2311, '4', '12', 93, 1),
(2312, '4', '12', 93, 2),
(2337, '4', '12', 94, 1),
(2338, '4', '12', 94, 2),
(2363, '4', '12', 95, 1),
(2364, '4', '12', 95, 2),
(2389, '4', '12', 96, 1),
(2390, '4', '12', 96, 2),
(2415, '4', '12', 97, 1),
(2416, '4', '12', 97, 2),
(2441, '4', '12', 98, 1),
(2442, '4', '12', 98, 2),
(2467, '4', '12', 99, 1),
(2468, '4', '12', 99, 2),
(2493, '4', '12', 100, 1),
(2494, '4', '12', 100, 2),
(2519, '4', '12', 101, 1),
(2520, '4', '12', 101, 2),
(2545, '4', '12', 102, 1),
(2546, '4', '12', 102, 2),
(2571, '4', '12', 103, 1),
(2572, '4', '12', 103, 2),
(2597, '4', '12', 104, 1),
(2598, '4', '12', 104, 2),
(2623, '4', '12', 105, 1),
(2624, '4', '12', 105, 2),
(2649, '4', '12', 106, 1),
(2650, '4', '12', 106, 2),
(2675, '4', '12', 107, 1),
(2676, '4', '12', 107, 2),
(2701, '4', '12', 108, 1),
(2702, '4', '12', 108, 2),
(2727, '4', '12', 109, 1),
(2728, '4', '12', 109, 2),
(2753, '4', '12', 110, 1),
(2754, '4', '12', 110, 2),
(2779, '4', '12', 111, 1),
(2780, '4', '12', 111, 2),
(2805, '4', '12', 112, 1),
(2806, '4', '12', 112, 2),
(2831, '4', '12', 113, 1),
(2832, '4', '12', 113, 2),
(2857, '4', '12', 114, 1),
(2858, '4', '12', 114, 2),
(2883, '4', '12', 115, 1),
(2884, '4', '12', 115, 2),
(2909, '4', '12', 116, 1),
(2910, '4', '12', 116, 2),
(2935, '4', '12', 117, 1),
(2936, '4', '12', 117, 2),
(2961, '4', '12', 118, 1),
(2962, '4', '12', 118, 2),
(2987, '4', '12', 119, 1),
(2988, '4', '12', 119, 2),
(3013, '4', '12', 120, 1),
(3014, '4', '12', 120, 2),
(3039, '4', '12', 121, 1),
(3040, '4', '12', 121, 2),
(3065, '4', '12', 122, 1),
(3066, '4', '12', 122, 2),
(3091, '4', '12', 123, 1),
(3092, '4', '12', 123, 2),
(3117, '4', '12', 124, 1),
(3118, '4', '12', 124, 2),
(3143, '4', '12', 125, 1),
(3144, '4', '12', 125, 2),
(3169, '4', '12', 126, 1),
(3170, '4', '12', 126, 2),
(3195, '4', '12', 127, 1),
(3196, '4', '12', 127, 2),
(3221, '4', '12', 128, 1),
(3222, '4', '12', 128, 2),
(3247, '4', '12', 129, 1),
(3248, '4', '12', 129, 2),
(3273, '4', '12', 130, 1),
(3274, '4', '12', 130, 2),
(3299, '4', '12', 131, 1),
(3300, '4', '12', 131, 2),
(3325, '4', '12', 132, 1),
(3326, '4', '12', 132, 2),
(3351, '4', '12', 133, 1),
(3352, '4', '12', 133, 2),
(3377, '4', '12', 134, 1),
(3378, '4', '12', 134, 2),
(3403, '4', '12', 135, 1),
(3404, '4', '12', 135, 2),
(3429, '4', '12', 136, 1),
(3430, '4', '12', 136, 2),
(3455, '4', '12', 137, 1),
(3456, '4', '12', 137, 2),
(3481, '4', '12', 138, 1),
(3482, '4', '12', 138, 2),
(3507, '4', '12', 139, 1),
(3508, '4', '12', 139, 2),
(3533, '4', '12', 140, 1),
(3534, '4', '12', 140, 2),
(3559, '4', '12', 141, 1),
(3560, '4', '12', 141, 2),
(3585, '4', '12', 142, 1),
(3586, '4', '12', 142, 2),
(3611, '4', '12', 143, 1),
(3612, '4', '12', 143, 2),
(3637, '4', '12', 144, 1),
(3638, '4', '12', 144, 2),
(3663, '4', '12', 145, 1),
(3664, '4', '12', 145, 2),
(3689, '4', '12', 146, 1),
(3690, '4', '12', 146, 2),
(3793, '4', '12', 147, 1),
(3794, '4', '12', 147, 2),
(467, '4', '98', 2, 1),
(468, '4', '98', 2, 2),
(545, '4', '98', 3, 1),
(546, '4', '98', 3, 2),
(571, '4', '98', 4, 1),
(572, '4', '98', 4, 2),
(181, '4', '98', 5, 1),
(182, '4', '98', 5, 2),
(25, '4', '98', 6, 1),
(26, '4', '98', 6, 2),
(77, '4', '98', 7, 1),
(78, '4', '98', 7, 2),
(311, '4', '98', 8, 1),
(312, '4', '98', 8, 2),
(129, '4', '98', 9, 1),
(130, '4', '98', 9, 2),
(103, '4', '98', 10, 1),
(104, '4', '98', 10, 2),
(3717, '4', '98', 11, 1),
(3718, '4', '98', 11, 2),
(207, '4', '98', 12, 1),
(208, '4', '98', 12, 2),
(337, '4', '98', 13, 1),
(338, '4', '98', 13, 2),
(155, '4', '98', 14, 1),
(156, '4', '98', 14, 2),
(259, '4', '98', 15, 1),
(260, '4', '98', 15, 2),
(363, '4', '98', 16, 1),
(364, '4', '98', 16, 2),
(3743, '4', '98', 17, 1),
(3744, '4', '98', 17, 2),
(3769, '4', '98', 18, 1),
(3770, '4', '98', 18, 2),
(285, '4', '98', 19, 1),
(286, '4', '98', 19, 2),
(51, '4', '98', 20, 1),
(52, '4', '98', 20, 2),
(415, '4', '98', 21, 1),
(416, '4', '98', 21, 2),
(597, '4', '98', 22, 1),
(598, '4', '98', 22, 2),
(519, '4', '98', 23, 1),
(520, '4', '98', 23, 2),
(389, '4', '98', 24, 1),
(390, '4', '98', 24, 2),
(441, '4', '98', 25, 1),
(442, '4', '98', 25, 2),
(233, '4', '98', 26, 1),
(234, '4', '98', 26, 2),
(493, '4', '98', 27, 1),
(494, '4', '98', 27, 2),
(623, '4', '98', 28, 1),
(624, '4', '98', 28, 2),
(649, '4', '98', 29, 1),
(650, '4', '98', 29, 2),
(675, '4', '98', 30, 1),
(676, '4', '98', 30, 2),
(701, '4', '98', 31, 1),
(702, '4', '98', 31, 2),
(727, '4', '98', 32, 1),
(728, '4', '98', 32, 2),
(753, '4', '98', 33, 1),
(754, '4', '98', 33, 2),
(779, '4', '98', 34, 1),
(780, '4', '98', 34, 2),
(805, '4', '98', 35, 1),
(806, '4', '98', 35, 2),
(831, '4', '98', 36, 1),
(832, '4', '98', 36, 2),
(857, '4', '98', 37, 1),
(858, '4', '98', 37, 2),
(883, '4', '98', 38, 1),
(884, '4', '98', 38, 2),
(909, '4', '98', 39, 1),
(910, '4', '98', 39, 2),
(935, '4', '98', 40, 1),
(936, '4', '98', 40, 2),
(961, '4', '98', 41, 1),
(962, '4', '98', 41, 2),
(987, '4', '98', 42, 1),
(988, '4', '98', 42, 2),
(1013, '4', '98', 43, 1),
(1014, '4', '98', 43, 2),
(1039, '4', '98', 44, 1),
(1040, '4', '98', 44, 2),
(1065, '4', '98', 45, 1),
(1066, '4', '98', 45, 2),
(1091, '4', '98', 46, 1),
(1092, '4', '98', 46, 2),
(1117, '4', '98', 47, 1),
(1118, '4', '98', 47, 2),
(1143, '4', '98', 48, 1),
(1144, '4', '98', 48, 2),
(1169, '4', '98', 49, 1),
(1170, '4', '98', 49, 2),
(1195, '4', '98', 50, 1),
(1196, '4', '98', 50, 2),
(1221, '4', '98', 51, 1),
(1222, '4', '98', 51, 2),
(1247, '4', '98', 52, 1),
(1248, '4', '98', 52, 2),
(1273, '4', '98', 53, 1),
(1274, '4', '98', 53, 2),
(1299, '4', '98', 54, 1),
(1300, '4', '98', 54, 2),
(1325, '4', '98', 55, 1),
(1326, '4', '98', 55, 2),
(1351, '4', '98', 56, 1),
(1352, '4', '98', 56, 2),
(1377, '4', '98', 57, 1),
(1378, '4', '98', 57, 2),
(1403, '4', '98', 58, 1),
(1404, '4', '98', 58, 2),
(1429, '4', '98', 59, 1),
(1430, '4', '98', 59, 2),
(1455, '4', '98', 60, 1),
(1456, '4', '98', 60, 2),
(1481, '4', '98', 61, 1),
(1482, '4', '98', 61, 2),
(1507, '4', '98', 62, 1),
(1508, '4', '98', 62, 2),
(1533, '4', '98', 63, 1),
(1534, '4', '98', 63, 2),
(1559, '4', '98', 64, 1),
(1560, '4', '98', 64, 2),
(1585, '4', '98', 65, 1),
(1586, '4', '98', 65, 2),
(1611, '4', '98', 66, 1),
(1612, '4', '98', 66, 2),
(1637, '4', '98', 67, 1),
(1638, '4', '98', 67, 2),
(1663, '4', '98', 68, 1),
(1664, '4', '98', 68, 2),
(1689, '4', '98', 69, 1),
(1690, '4', '98', 69, 2),
(1715, '4', '98', 70, 1),
(1716, '4', '98', 70, 2),
(1741, '4', '98', 71, 1),
(1742, '4', '98', 71, 2),
(1767, '4', '98', 72, 1),
(1768, '4', '98', 72, 2),
(1793, '4', '98', 73, 1),
(1794, '4', '98', 73, 2),
(1819, '4', '98', 74, 1),
(1820, '4', '98', 74, 2),
(1845, '4', '98', 75, 1),
(1846, '4', '98', 75, 2),
(1871, '4', '98', 76, 1),
(1872, '4', '98', 76, 2),
(1897, '4', '98', 77, 1),
(1898, '4', '98', 77, 2),
(1923, '4', '98', 78, 1),
(1924, '4', '98', 78, 2),
(1949, '4', '98', 79, 1),
(1950, '4', '98', 79, 2),
(1975, '4', '98', 80, 1),
(1976, '4', '98', 80, 2),
(2001, '4', '98', 81, 1),
(2002, '4', '98', 81, 2),
(2027, '4', '98', 82, 1),
(2028, '4', '98', 82, 2),
(2053, '4', '98', 83, 1),
(2054, '4', '98', 83, 2),
(2079, '4', '98', 84, 1),
(2080, '4', '98', 84, 2),
(2105, '4', '98', 85, 1),
(2106, '4', '98', 85, 2),
(2131, '4', '98', 86, 1),
(2132, '4', '98', 86, 2),
(2157, '4', '98', 87, 1),
(2158, '4', '98', 87, 2),
(2183, '4', '98', 88, 1),
(2184, '4', '98', 88, 2),
(2209, '4', '98', 89, 1),
(2210, '4', '98', 89, 2),
(2235, '4', '98', 90, 1),
(2236, '4', '98', 90, 2),
(2261, '4', '98', 91, 1),
(2262, '4', '98', 91, 2),
(2287, '4', '98', 92, 1),
(2288, '4', '98', 92, 2),
(2313, '4', '98', 93, 1),
(2314, '4', '98', 93, 2),
(2339, '4', '98', 94, 1),
(2340, '4', '98', 94, 2),
(2365, '4', '98', 95, 1),
(2366, '4', '98', 95, 2),
(2391, '4', '98', 96, 1),
(2392, '4', '98', 96, 2),
(2417, '4', '98', 97, 1),
(2418, '4', '98', 97, 2),
(2443, '4', '98', 98, 1),
(2444, '4', '98', 98, 2),
(2469, '4', '98', 99, 1),
(2470, '4', '98', 99, 2),
(2495, '4', '98', 100, 1),
(2496, '4', '98', 100, 2),
(2521, '4', '98', 101, 1),
(2522, '4', '98', 101, 2),
(2547, '4', '98', 102, 1),
(2548, '4', '98', 102, 2),
(2573, '4', '98', 103, 1),
(2574, '4', '98', 103, 2),
(2599, '4', '98', 104, 1),
(2600, '4', '98', 104, 2),
(2625, '4', '98', 105, 1),
(2626, '4', '98', 105, 2),
(2651, '4', '98', 106, 1),
(2652, '4', '98', 106, 2),
(2677, '4', '98', 107, 1),
(2678, '4', '98', 107, 2),
(2703, '4', '98', 108, 1),
(2704, '4', '98', 108, 2),
(2729, '4', '98', 109, 1),
(2730, '4', '98', 109, 2),
(2755, '4', '98', 110, 1),
(2756, '4', '98', 110, 2),
(2781, '4', '98', 111, 1),
(2782, '4', '98', 111, 2),
(2807, '4', '98', 112, 1),
(2808, '4', '98', 112, 2),
(2833, '4', '98', 113, 1),
(2834, '4', '98', 113, 2),
(2859, '4', '98', 114, 1),
(2860, '4', '98', 114, 2),
(2885, '4', '98', 115, 1),
(2886, '4', '98', 115, 2),
(2911, '4', '98', 116, 1),
(2912, '4', '98', 116, 2),
(2937, '4', '98', 117, 1),
(2938, '4', '98', 117, 2),
(2963, '4', '98', 118, 1),
(2964, '4', '98', 118, 2),
(2989, '4', '98', 119, 1),
(2990, '4', '98', 119, 2),
(3015, '4', '98', 120, 1),
(3016, '4', '98', 120, 2),
(3041, '4', '98', 121, 1),
(3042, '4', '98', 121, 2),
(3067, '4', '98', 122, 1),
(3068, '4', '98', 122, 2),
(3093, '4', '98', 123, 1),
(3094, '4', '98', 123, 2),
(3119, '4', '98', 124, 1),
(3120, '4', '98', 124, 2),
(3145, '4', '98', 125, 1),
(3146, '4', '98', 125, 2),
(3171, '4', '98', 126, 1),
(3172, '4', '98', 126, 2),
(3197, '4', '98', 127, 1),
(3198, '4', '98', 127, 2),
(3223, '4', '98', 128, 1),
(3224, '4', '98', 128, 2),
(3249, '4', '98', 129, 1),
(3250, '4', '98', 129, 2),
(3275, '4', '98', 130, 1),
(3276, '4', '98', 130, 2),
(3301, '4', '98', 131, 1),
(3302, '4', '98', 131, 2),
(3327, '4', '98', 132, 1),
(3328, '4', '98', 132, 2),
(3353, '4', '98', 133, 1),
(3354, '4', '98', 133, 2),
(3379, '4', '98', 134, 1),
(3380, '4', '98', 134, 2),
(3405, '4', '98', 135, 1),
(3406, '4', '98', 135, 2),
(3431, '4', '98', 136, 1),
(3432, '4', '98', 136, 2),
(3457, '4', '98', 137, 1),
(3458, '4', '98', 137, 2),
(3483, '4', '98', 138, 1),
(3484, '4', '98', 138, 2),
(3509, '4', '98', 139, 1),
(3510, '4', '98', 139, 2),
(3535, '4', '98', 140, 1),
(3536, '4', '98', 140, 2),
(3561, '4', '98', 141, 1),
(3562, '4', '98', 141, 2),
(3587, '4', '98', 142, 1),
(3588, '4', '98', 142, 2),
(3613, '4', '98', 143, 1),
(3614, '4', '98', 143, 2),
(3639, '4', '98', 144, 1),
(3640, '4', '98', 144, 2),
(3665, '4', '98', 145, 1),
(3666, '4', '98', 145, 2),
(3691, '4', '98', 146, 1),
(3692, '4', '98', 146, 2),
(3795, '4', '98', 147, 1),
(3796, '4', '98', 147, 2);

-- --------------------------------------------------------

--
-- Estructura de tabla para la tabla `unidad_ejecutora`
--

CREATE TABLE `unidad_ejecutora` (
  `id` int(11) NOT NULL,
  `codigo_ue` varchar(5) CHARACTER SET latin1 NOT NULL,
  `nombre` text CHARACTER SET latin1 NOT NULL
) ENGINE=InnoDB DEFAULT CHARSET=utf8;

--
-- Volcado de datos para la tabla `unidad_ejecutora`
--

INSERT INTO `unidad_ejecutora` (`id`, `codigo_ue`, `nombre`) VALUES
(2, '20016', 'DIRECCIÓN GENERAL DE SUPERVISIÓN DE ENTIDADES Y MODALIDADES ESPECIALES DE TRABAJO'),
(3, '30006', 'DIRECCIÓN GENERAL DE SALUD Y SEGURIDAD LABORAL'),
(4, '30007', 'DIRECCIÓN GENERAL DE PENSIONES Y OTRAS ASIGNACIONES ECONÓMICAS Y EMPLEO'),
(5, '10011', 'OFICINA DE GESTIÓN ADMINISTRATIVA'),
(6, '10001', 'DESPACHO DEL MINISTRO DEL PODER POPULAR PARA EL PROCESO SOCIAL DE TRABAJO'),
(7, '10003', 'DIRECCIÓN GENERAL DEL DESPACHO'),
(8, '10031', 'OFICINA ESTRATÉGICA DE SEGUIMIENTO Y EVALUACIÓN DE POLÍTICAS PÚBLICAS'),
(9, '10006', 'CONSULTORÍA JURÍDICA'),
(10, '10004', 'OFICINA DE AUDITORÍA INTERNA'),
(11, '60153', 'OFICINA DE ATENCIÓN CIUDADANA'),
(12, '10014', 'OFICINA DE GESTIÓN COMUNICACIONAL'),
(13, '10032', 'OFICINA DE PLANIFICACIÓN Y PRESUPUESTO'),
(14, '10007', 'OFICINA DE GESTIÓN HUMANA'),
(15, '10017', 'OFICINA DE TECNOLOGÍAS DE LA INFORMACIÓN Y LA COMUNICACIÓN'),
(16, '10034', 'DESPACHO DEL VICEMINISTRO PARA EDUCACIÓN Y EL TRABAJO PARA LA LIBERACIÓN'),
(17, '60154', 'DIRECCIÓN GENERAL DE AUTOFORMACIÓN DESDE EL PROCESO SOCIAL DE TRABAJO'),
(18, '60155', 'DIRECCIÓN GENERAL DE FORMACIÓN PARA LA PARTICIPACIÓN EN EL PROCESO SOCIAL DE TRABAJO LIBERADOR'),
(19, '10030', 'DESPACHO DEL VICEMINISTRO DE PREVISIÓN SOCIAL'),
(20, '10002', 'DESPACHO DEL VICEMINISTRO DE PARA DERECHOS Y RELACIONES LABORALES'),
(21, '20001', 'DIRECCIÓN GENERAL DE PARTICIPACIÓN EN EL PROCESO SOCIAL DE TRABAJO Y RELACIONES LABORALES'),
(22, '50001', 'DIRECCIÓN GENERAL PARA LA ASESORÍA, ASISTENCIA LEGAL Y DEFENSA DE TRABAJADORES Y TRABAJADORAS'),
(23, '20033', 'DIRECCIÓN GENERAL DE ORGANIZACIONES SINDICALES Y NEGOCIACIONES COLECTIVAS'),
(24, '10035', 'DESPACHO DEL VICEMINISTRO DE PARA EL SISTEMA INTEGRADO DE INSPECCIÓN LABORAL Y DE LA SEGURIDAD SOCIAL'),
(25, '20015', 'DIRECCIÓN GENERAL DE CONTRALORÍA SOCIAL DE TRABAJO'),
(26, '10015', 'DIRECCIÓN DE RELACIONES INTERNACIONALES Y ENLACE CON LA OIT'),
(27, '20031', 'DIRECCIÓN DE BIENES Y SERVICIOS'),
(28, '60034', 'DIRECCION ESTADAL DISTRITO CAPITAL'),
(29, '60035', 'DIRECCION ESTADAL AMAZONAS'),
(30, '60036', 'DIRECCION ESTADAL ANZOATEGUI'),
(31, '60037', 'DIRECCION ESTADAL APURE'),
(32, '60038', 'DIRECCION ESTADAL ARAGUA'),
(33, '60039', 'DIRECCION ESTADAL BARINAS'),
(34, '60040', 'DIRECCION ESTADAL BOLIVAR'),
(35, '60041', 'DIRECCION ESTADAL CARABOBO'),
(36, '60042', 'DIRECCION ESTADAL COJEDES'),
(37, '60043', 'DIRECCION ESTADAL DELTA AMACURO'),
(38, '60044', 'DIRECCION ESTADAL FALCON'),
(39, '60045', 'DIRECCION ESTADAL GUARICO'),
(40, '60046', 'DIRECCION ESTADAL LARA'),
(41, '60047', 'DIRECCION ESTADAL MERIDA'),
(42, '60048', 'DIRECCION ESTADAL MIRANDA'),
(43, '60049', 'DIRECCION ESTADAL MONAGAS'),
(44, '60050', 'DIRECCION ESTADAL NUEVA ESPARTA'),
(45, '60051', 'DIRECCION ESTADAL PORTUGUESA'),
(46, '60052', 'DIRECCION ESTADAL SUCRE'),
(47, '60053', 'DIRECCION ESTADAL TACHIRA'),
(48, '60054', 'DIRECCION ESTADAL TRUJILLO'),
(49, '60055', 'DIRECCION ESTADAL VARGAS'),
(50, '60056', 'DIRECCION ESTADAL YARACUY'),
(51, '60057', 'DIRECCION ESTADAL ZULIA'),
(52, '60058', 'PROCURADURIAS DISTRITO CAPITAL'),
(53, '60059', 'PROCURADURIAS AMAZONAS'),
(54, '60060', 'PROCURADURIAS ANZOATEGUI'),
(55, '60061', 'PROCURADURIAS APURE'),
(56, '60062', 'PROCURADURIAS ARAGUA'),
(57, '60063', 'PROCURADURIAS BARINAS'),
(58, '60064', 'PROCURADURIAS BOLIVAR'),
(59, '60065', 'PROCURADURIAS CARABOBO'),
(60, '60066', 'PROCURADURIAS COJEDES'),
(61, '60067', 'PROCURADURIAS DELTA AMACURO'),
(62, '60068', 'PROCURADURIAS FALCON'),
(63, '60069', 'PROCURADURIAS GUARICO'),
(64, '60070', 'PROCURADURIAS LARA'),
(65, '60071', 'PROCURADURIAS MERIDA'),
(66, '60072', 'PROCURADURIAS MIRANDA'),
(67, '60073', 'PROCURADURIAS MONAGAS'),
(68, '60074', 'PROCURADURIAS NUEVA ESPARTA'),
(69, '60075', 'PROCURADURIAS PORTUGUESA'),
(70, '60076', 'PROCURADURIAS SUCRE'),
(71, '60077', 'PROCURADURIAS TACHIRA'),
(72, '60078', 'PROCURADURIAS TRUJILLO'),
(73, '60079', 'PROCURADURIAS VARGAS'),
(74, '60080', 'PROCURADURIAS YARACUY'),
(75, '60081', 'PROCURADURIAS ZULIA'),
(76, '60082', 'INSPECTORIAS DISTRITO CAPITAL'),
(77, '60083', 'INSPECTORIAS AMAZONAS'),
(78, '60084', 'INSPECTORIAS ANZOATEGUI'),
(79, '60085', 'INSPECTORIAS APURE'),
(80, '60086', 'INSPECTORIAS ARAGUA'),
(81, '60087', 'INSPECTORIAS BARINAS'),
(82, '60088', 'INSPECTORIAS BOLIVAR'),
(83, '60089', 'INSPECTORIAS CARABOBO'),
(84, '60090', 'INSPECTORIAS COJEDES'),
(85, '60091', 'INSPECTORIAS DELTA AMACURO'),
(86, '60092', 'INSPECTORIAS FALCON'),
(87, '60093', 'INSPECTORIAS GUARICO'),
(88, '60094', 'INSPECTORIAS LARA'),
(89, '60095', 'INSPECTORIAS MERIDA'),
(90, '60096', 'INSPECTORIAS MIRANDA'),
(91, '60097', 'INSPECTORIAS MONAGAS'),
(92, '60098', 'INSPECTORIAS NUEVA ESPARTA'),
(93, '60099', 'INSPECTORIAS PORTUGUESA'),
(94, '60100', 'INSPECTORIAS SUCRE'),
(95, '60101', 'INSPECTORIAS TACHIRA'),
(96, '60102', 'INSPECTORIAS TRUJILLO'),
(97, '60103', 'INSPECTORIAS VARGAS'),
(98, '60104', 'INSPECTORIAS YARACUY'),
(99, '60105', 'INSPECTORIAS ZULIA'),
(100, '60106', 'UNIDAD DE SUPERVISION DISTRITO CAPITAL'),
(101, '60107', 'UNIDAD DE SUPERVISION AMAZONAS'),
(102, '60108', 'UNIDAD DE SUPERVISION ANZOATEGUI'),
(103, '60109', 'UNIDAD DE SUPERVISION APURE'),
(104, '60110', 'UNIDAD DE SUPERVISION ARAGUA'),
(105, '60111', 'UNIDAD DE SUPERVISION BARINAS'),
(106, '60112', 'UNIDAD DE SUPERVISION BOLIVAR'),
(107, '60113', 'UNIDAD DE SUPERVISION CARABOBO'),
(108, '60114', 'UNIDAD DE SUPERVISION COJEDES'),
(109, '60115', 'UNIDAD DE SUPERVISION DELTA AMACURO'),
(110, '60116', 'UNIDAD DE SUPERVISION FALCON'),
(111, '60117', 'UNIDAD DE SUPERVISION GUARICO'),
(112, '60118', 'UNIDAD DE SUPERVISION LARA'),
(113, '60119', 'UNIDAD DE SUPERVISION MERIDA'),
(114, '60120', 'UNIDAD DE SUPERVISION MIRANDA'),
(115, '60121', 'UNIDAD DE SUPERVISION MONAGAS'),
(116, '60122', 'UNIDAD DE SUPERVISION NUEVA ESPARTA'),
(117, '60123', 'UNIDAD DE SUPERVISION PORTUGUESA'),
(118, '60124', 'UNIDAD DE SUPERVISION SUCRE'),
(119, '60125', 'UNIDAD DE SUPERVISION TACHIRA'),
(120, '60126', 'UNIDAD DE SUPERVISION TRUJILLO'),
(121, '60127', 'UNIDAD DE SUPERVISION VARGAS'),
(122, '60128', 'UNIDAD DE SUPERVISION YARACUY'),
(123, '60129', 'UNIDAD DE SUPERVISION ZULIA'),
(124, '60130', 'CENTROS DE ENCUENTRO PARA LA EDUCACION Y EL TRABAJO DISTRITO CAPITAL'),
(125, '60131', 'CENTROS DE ENCUENTRO PARA LA EDUCACION Y EL TRABAJO ANZOATEGUI'),
(126, '60132', 'CENTROS DE ENCUENTRO PARA LA EDUCACION Y EL TRABAJO APURE'),
(127, '60133', 'CENTROS DE ENCUENTRO PARA LA EDUCACION Y EL TRABAJO ARAGUA'),
(128, '60134', 'CENTROS DE ENCUENTRO PARA LA EDUCACION Y EL TRABAJO BARINAS'),
(129, '60135', 'CENTROS DE ENCUENTRO PARA LA EDUCACION Y EL TRABAJO BOLIVAR'),
(130, '60136', 'CENTROS DE ENCUENTRO PARA LA EDUCACION Y EL TRABAJO CARABOBO'),
(131, '60137', 'CENTROS DE ENCUENTRO PARA LA EDUCACION Y EL TRABAJO COJEDES'),
(132, '60138', 'CENTROS DE ENCUENTRO PARA LA EDUCACION Y EL TRABAJO DELTA AMACURO'),
(133, '60139', 'CENTROS DE ENCUENTRO PARA LA EDUCACION Y EL TRABAJO FALCON'),
(134, '60140', 'CENTROS DE ENCUENTRO PARA LA EDUCACION Y EL TRABAJO GUARICO'),
(135, '60141', 'CENTROS DE ENCUENTRO PARA LA EDUCACION Y EL TRABAJO LARA'),
(136, '60142', 'CENTROS DE ENCUENTRO PARA LA EDUCACION Y EL TRABAJO MERIDA'),
(137, '60143', 'CENTROS DE ENCUENTRO PARA LA EDUCACION Y EL TRABAJO MIRANDA'),
(138, '60144', 'CENTROS DE ENCUENTRO PARA LA EDUCACION Y EL TRABAJO MONAGAS'),
(139, '60145', 'CENTROS DE ENCUENTRO PARA LA EDUCACION Y EL TRABAJO NUEVA ESPARTA'),
(140, '60146', 'CENTROS DE ENCUENTRO PARA LA EDUCACION Y EL TRABAJO PORTUGUESA'),
(141, '60147', 'CENTROS DE ENCUENTRO PARA LA EDUCACION Y EL TRABAJO SUCRE'),
(142, '60148', 'CENTROS DE ENCUENTRO PARA LA EDUCACION Y EL TRABAJO TACHIRA'),
(143, '60149', 'CENTROS DE ENCUENTRO PARA LA EDUCACION Y EL TRABAJO TRUJILLO'),
(144, '60150', 'CENTROS DE ENCUENTRO PARA LA EDUCACION Y EL TRABAJO VARGAS'),
(145, '60151', 'CENTROS DE ENCUENTRO PARA LA EDUCACION Y EL TRABAJO YARACUY'),
(146, '60152', 'CENTROS DE ENCUENTRO PARA LA EDUCACION Y EL TRABAJO ZULIA'),
(147, '60156', 'CENTROS DE ENCUENTRO PARA LA EDUCACIÒN Y EL TRABAJO AMAZONAS');

-- --------------------------------------------------------

--
-- Estructura de tabla para la tabla `unidad_medida`
--

CREATE TABLE `unidad_medida` (
  `id` int(11) NOT NULL,
  `unidad_medida` varchar(45) NOT NULL COMMENT 'Unidad de medida'
) ENGINE=InnoDB DEFAULT CHARSET=utf8 COMMENT='Unidad de medida para el alcance e impacto del proyecto';

--
-- Volcado de datos para la tabla `unidad_medida`
--

INSERT INTO `unidad_medida` (`id`, `unidad_medida`) VALUES
(1, 'Accion(es)'),
(2, 'Trabajador(es)'),
(3, 'abastecimiento(s)'),
(4, 'academia(s)'),
(5, 'acompañamiento(s)'),
(6, 'acondicionamiento(s)'),
(7, 'acta(s)'),
(8, 'actividad(es)'),
(9, 'acto(s)'),
(10, 'actuación(es)'),
(11, 'acueducto(s)'),
(12, 'adquisición(es)'),
(13, 'aeronave(s)'),
(14, 'ambulatorio(s)'),
(15, 'análisi(s)'),
(16, 'animal(es)'),
(17, 'antena(s)'),
(18, 'anuario(s)'),
(19, 'apoyo(s)'),
(20, 'área(s)'),
(21, 'arma(s)'),
(22, 'artículo(s)'),
(23, 'asesoría(s)'),
(24, 'asignación(es) económica(s)'),
(25, 'asistencia(s) técnica(s)'),
(26, 'atención(es)'),
(27, 'auditoría(s)'),
(28, 'biopsia(s)'),
(29, 'blister(s)'),
(30, 'bloque(s)'),
(31, 'boleta(s)'),
(32, 'boletín(s)'),
(33, 'bolsa(s)'),
(34, 'bota(s)'),
(35, 'botella(s)'),
(36, 'boya(s)'),
(37, 'brigada(s)'),
(38, 'bulto(s)'),
(39, 'buque(s)'),
(40, 'cabeza(s)'),
(41, 'cadete(s)'),
(42, 'caja(s)'),
(43, 'calculadora(s)'),
(44, 'calibración(es)'),
(45, 'cama(s)'),
(46, 'camara(s)'),
(47, 'camión(es) cisterna(s)'),
(48, 'camisa(s)'),
(49, 'campaña(s)'),
(50, 'campaña(s) publicitaria(s)'),
(51, 'canal(es)'),
(52, 'cancha(s)'),
(53, 'cantero(s)'),
(54, 'capacitación(es)'),
(55, 'capitanía(s)'),
(56, 'caracterización(es)'),
(57, 'carcel(es)'),
(58, 'cargabilidad(es)'),
(59, 'cargo(s)'),
(60, 'carnet(es)'),
(61, 'carta(s) de naturalización(es)'),
(62, 'cartelera(s)'),
(63, 'casa(s)'),
(64, 'casco(s)'),
(65, 'caseta(s)'),
(66, 'caso(s)'),
(67, 'catálogo(s)'),
(68, 'catastro(s)'),
(69, 'cátedra(s)'),
(70, 'cauce(s)'),
(71, 'caucho(s)'),
(72, 'cédula(s)'),
(73, 'cédula(s) de identidad'),
(74, 'censo(s)'),
(75, 'centro(s)'),
(76, 'centro(s) de Diagnóstico Integral'),
(77, 'centro(s) de salud'),
(78, 'centro(s) de votación'),
(79, 'centro(s) penitenciario(s)'),
(80, 'centro(s) piloto(s)'),
(81, 'certificado(s)'),
(82, 'cesta ticket(s)'),
(83, 'charla(s)'),
(84, 'cheque(s)'),
(85, 'circuito(s)'),
(86, 'circunscripción(es) judicial(es)'),
(87, 'citación(es)'),
(88, 'ciudad(es) judicial(es)'),
(89, 'clase(s)'),
(90, 'cobija(s)'),
(91, 'colchon(es)'),
(92, 'colección(es)'),
(93, 'combo(s) de uniforme(s)'),
(94, 'comedor(es)'),
(95, 'comida(s) servida(s)'),
(96, 'comisión(s)'),
(97, 'comité(s)'),
(98, 'complejo(s)'),
(99, 'compra(s)'),
(100, 'computadora(s)'),
(101, 'comunidad(es)'),
(102, 'concierto(s)'),
(103, 'concurso(s)'),
(104, 'conexión(es)'),
(105, 'conferencia(s)'),
(106, 'configuración(es)'),
(107, 'consejo(s)'),
(108, 'consejo(s) comunal(es)'),
(109, 'constancia(s)'),
(110, 'construcción(es)'),
(111, 'consulta(s)'),
(112, 'consultorio(s) popular(es)'),
(113, 'contenido(s)'),
(114, 'contrato(s)'),
(115, 'contribuyente(s)'),
(116, 'control(es)'),
(117, 'convención(es)'),
(118, 'convenio(s)'),
(119, 'convocatoría(s)'),
(120, 'cooperativa(s)'),
(121, 'coordinación(es)'),
(122, 'coproducción(es)'),
(123, 'corte(s)'),
(124, 'cortometraje(s)'),
(125, 'cotización(es)'),
(126, 'crédito(s)'),
(127, 'cuaderno(s)'),
(128, 'cuadro(s)'),
(129, 'cuarto(s)'),
(130, 'cuenca(s)'),
(131, 'cuestionario(s)'),
(132, 'cultivo(s)'),
(133, 'cuñete(s)'),
(134, 'curso(s)'),
(135, 'decisión(es)'),
(136, 'declaración(es)'),
(137, 'decreto(s)'),
(138, 'defensa(s)'),
(139, 'delegación(es)'),
(140, 'delegado(s)'),
(141, 'demanda(s)'),
(142, 'denuncia(s)'),
(143, 'dependencia(s)'),
(144, 'derecho(s) de autor'),
(145, 'designación(es)'),
(146, 'despacho(s)'),
(147, 'destacamento(s)'),
(148, 'día(s)'),
(149, 'día(s) / hombre'),
(150, 'diagnóstico(s)'),
(151, 'diagrama(s)'),
(152, 'diccionario(s)'),
(153, 'dictámen(es)'),
(154, 'digitalización(es)'),
(155, 'dique(s)'),
(156, 'disco(s) compacto(s)'),
(157, 'diseño(s)'),
(158, 'dispositivo(s)'),
(159, 'docente(s)'),
(160, 'documental(es)'),
(161, 'documento(s)'),
(162, 'dosi(s)'),
(163, 'dossier(s)'),
(164, 'dotación(es)'),
(165, 'drenaje(s)'),
(166, 'edición(es)'),
(167, 'edificación(es)'),
(168, 'efectivo(s)'),
(169, 'ejemplar(es)'),
(170, 'ejercicio(s)'),
(171, 'elección(es)'),
(172, 'elector(es)'),
(173, 'electrodoméstico(s)'),
(174, 'embalse(s)'),
(175, 'embarcación(es)'),
(176, 'embargo(s)'),
(177, 'embrión(es)'),
(178, 'emergencia(s)'),
(179, 'empresa(s)'),
(180, 'empresa(s) de propiedad social'),
(181, 'encuentro(s)'),
(182, 'encuesta(s)'),
(183, 'ensayo(s)'),
(184, 'ente(s)'),
(185, 'entidad(es)'),
(186, 'entrega(s)'),
(187, 'entrenamiento(s)'),
(188, 'entrevista(s)'),
(189, 'equipamiento(s)'),
(190, 'equipo(s)'),
(191, 'escritorio(s)'),
(192, 'escuela(s)'),
(193, 'espacio(s)'),
(194, 'especie(s) fiscal(es)'),
(195, 'espectador(es)'),
(196, 'esquema(s)'),
(197, 'establecimiento(s)'),
(198, 'estación(es)'),
(199, 'estado(s) financiero(s)'),
(200, 'estanque(s)'),
(201, 'estatuto(s)'),
(202, 'estructura(s)'),
(203, 'estuche(s)'),
(204, 'estudiante(s)'),
(205, 'estudio(s)'),
(206, 'evaluación(es)'),
(207, 'evento(s)'),
(208, 'exámen(es)'),
(209, 'exhibición(es)'),
(210, 'expedición(es)'),
(211, 'expediente(s)'),
(212, 'experticia(s)'),
(213, 'exposición(es)'),
(214, 'expropiación(es)'),
(215, 'extintor(es)'),
(216, 'extracción(es)'),
(217, 'facilitador(es)'),
(218, 'factura(s)'),
(219, 'familia(s)'),
(220, 'faro(s)'),
(221, 'fase(s)'),
(222, 'federación(es)'),
(223, 'feria(s)'),
(224, 'ferretería(s)'),
(225, 'festival(es)'),
(226, 'fianza(s)'),
(227, 'ficha(s)'),
(228, 'financiamiento(s)'),
(229, 'finca(s)'),
(230, 'fiscalía(s)'),
(231, 'fiscalización(es)'),
(232, 'flete(s)'),
(233, 'flujograma(s)'),
(234, 'foco(s)'),
(235, 'folio(s)'),
(236, 'fondo(s)'),
(237, 'formato(s)'),
(238, 'formulario(s)'),
(239, 'foro(s)'),
(240, 'frasco(s)'),
(241, 'fuente(s)'),
(242, 'funcionario(s)'),
(243, 'funda(s)'),
(244, 'fundación(es)'),
(245, 'fundo(s)'),
(246, 'gaceta(s)'),
(247, 'galón(es)'),
(248, 'galpón(es)'),
(249, 'garantía(s)'),
(250, 'gerencia(s)'),
(251, 'gigavatio(s)'),
(252, 'gigavatio(s) / Hora'),
(253, 'gira(s)'),
(254, 'grabación(es)'),
(255, 'grado(s)'),
(256, 'gramo(s)'),
(257, 'granja(s)'),
(258, 'gruesa(s)'),
(259, 'grupo(s) teatral(es)'),
(260, 'guardacuenca(s)'),
(261, 'guía(s)'),
(262, 'guión(es)'),
(263, 'habitación(es)'),
(264, 'hectárea(s)'),
(265, 'herramienta(s) tecnológica(s)'),
(266, 'história(s) médica(s)'),
(267, 'hito(s)'),
(268, 'hogar(es)'),
(269, 'hoja(s)'),
(270, 'homenaje(s)'),
(271, 'hora(s)'),
(272, 'hospital(es)'),
(273, 'huerto(s)'),
(274, 'imágen(es)'),
(275, 'implantación(es)'),
(276, 'impresión(es)'),
(277, 'impulso(s)'),
(278, 'indemnización(es)'),
(279, 'indicador(es)'),
(280, 'infocentro(s)'),
(281, 'infolancha(s)'),
(282, 'infomóvil(es)'),
(283, 'Infopunto(s)'),
(284, 'información(es)'),
(285, 'informe(s)'),
(286, 'infraestructura(s)'),
(287, 'inmueble(s)'),
(288, 'inscripción(es)'),
(289, 'inspección(es)'),
(290, 'instalación(es)'),
(291, 'instancia(s) del poder popular'),
(292, 'institución(es)'),
(293, 'instrucción(es)'),
(294, 'instructivo(s)'),
(295, 'instructor(es)'),
(296, 'instrumento(s)'),
(297, 'insumo(s)'),
(298, 'intercambio(s)'),
(299, 'interno(s)'),
(300, 'intervención(es)'),
(301, 'inventario(s)'),
(302, 'investigación(es)'),
(303, 'investigador(es)'),
(304, 'jornada(s)'),
(305, 'jornal(es)'),
(306, 'jubilación(es)'),
(307, 'juego(s)'),
(308, 'juez(ces)'),
(309, 'juguete(s)'),
(310, 'juicio(s)'),
(311, 'junta(s)'),
(312, 'kilo(s)'),
(313, 'kilobit(s) por segundo'),
(314, 'kilográmetro(s)'),
(315, 'kilogramo(s)'),
(316, 'kilolitro(s)'),
(317, 'kilómetro(s)'),
(318, 'kilómetro(s) cuadrado(s)'),
(319, 'kilovatio(s)'),
(320, 'kilovatio(s) / hora'),
(321, 'laboratorio(s)'),
(322, 'laguna(s)'),
(323, 'lámina(s)'),
(324, 'lancero(s)'),
(325, 'lancha(s)'),
(326, 'largometraje(s)'),
(327, 'lata(s)'),
(328, 'legalización(es)'),
(329, 'ley(es)'),
(330, 'librería(s)'),
(331, 'libreta(s)'),
(332, 'libro(s)'),
(333, 'licencia(s)'),
(334, 'liceo(s)'),
(335, 'licitación(es)'),
(336, 'liga(s)'),
(337, 'línea(s)'),
(338, 'lineamiento(s)'),
(339, 'listado(s)'),
(340, 'litigio(s)'),
(341, 'litro(s)'),
(342, 'litro(s) cúbico(s)'),
(343, 'llamada(s)'),
(344, 'local(es)'),
(345, 'lote(s)'),
(346, 'mancomunidad(es)'),
(347, 'maniobra(s)'),
(348, 'mantenimiento(s)'),
(349, 'manual(es)'),
(350, 'mapa(s)'),
(351, 'máquina(s)'),
(352, 'maquinaría(s)'),
(353, 'mareógrafo(s)'),
(354, 'matrícula(s)'),
(355, 'medalla(s)'),
(356, 'medicamento(s)'),
(357, 'medio(s) alternativo(s) comunitario(s)'),
(358, 'mega(s)'),
(359, 'megavatio(s)'),
(360, 'megavatio(s) / hora'),
(361, 'megavoltamperio(s)'),
(362, 'mensaje(s)'),
(363, 'menú(s)'),
(364, 'mes(es)'),
(365, 'mesa(s)'),
(366, 'metro(s)'),
(367, 'metro(s) cuadrado(s)'),
(368, 'metro(s) cúbico(s)'),
(369, 'metro(s) lineal(es)'),
(370, 'micro(s)'),
(371, 'miembro(s)'),
(372, 'mil(es)'),
(373, 'milla(s)'),
(374, 'millar(es)'),
(375, 'millardo(s)'),
(376, 'millón(es)'),
(377, 'millón(es) de metro(s) cúbico(s)'),
(378, 'minuto(s)'),
(379, 'misa(s)'),
(380, 'mobiliario(s)'),
(381, 'modelo(s)'),
(382, 'modificación(es) presupuestaria(s)'),
(383, 'módulo(s)'),
(384, 'montaje(s)'),
(385, 'movimiento(s)'),
(386, 'muestra(s)'),
(387, 'multa(s)'),
(388, 'munición(es)'),
(389, 'municipio(s)'),
(390, 'nodo(s)'),
(391, 'nombramiento(s)'),
(392, 'nómina(s)'),
(393, 'norma(s)'),
(394, 'normativa(s)'),
(395, 'nota(s) informativa(s)'),
(396, 'notificación(es)'),
(397, 'núcleo(s)'),
(398, 'núcleo(s) de desarrollo endógeno'),
(399, 'obra(s)'),
(400, 'oficial(es)'),
(401, 'oficina(s)'),
(402, 'oficio(s)'),
(403, 'onza(s) Troy'),
(404, 'operación(es)'),
(405, 'operador(es)'),
(406, 'operativo(s)'),
(407, 'opinión(es)'),
(408, 'orden(es)'),
(409, 'organización(es)'),
(410, 'órgano(s)'),
(411, 'paciente(s)'),
(412, 'página(s) web'),
(413, 'pago(s)'),
(414, 'pajuela(s) de semen'),
(415, 'pancarta(s)'),
(416, 'paquete(s)'),
(417, 'par(es)'),
(418, 'participación(es)'),
(419, 'participante(s)'),
(420, 'partitura(s)'),
(421, 'parto(s)'),
(422, 'pasaje(s)'),
(423, 'pasantía(s)'),
(424, 'pasaporte(s)'),
(425, 'patio(s)'),
(426, 'pauta(s)'),
(427, 'película(s)'),
(428, 'pendón(es)'),
(429, 'pensión(es)'),
(430, 'pensum(s)'),
(431, 'perfil(es)'),
(432, 'perforación(es)'),
(433, 'perímetro(s)'),
(434, 'periódico(s)'),
(435, 'período(s)'),
(436, 'persona(s)'),
(437, 'pie(s)'),
(438, 'pieza(s)'),
(439, 'piscina(s)'),
(440, 'pizarra(s)'),
(441, 'plan(es)'),
(442, 'planilla(s)'),
(443, 'plano(s)'),
(444, 'planta(s)'),
(445, 'plantación(es)'),
(446, 'plantilla(s)'),
(447, 'plántula(s)'),
(448, 'plataforma(s)'),
(449, 'plataforma(s) satelital(s)'),
(450, 'plataforma(s) tecnológica(s)'),
(451, 'pliego(s)'),
(452, 'población(es)'),
(453, 'policía(s)'),
(454, 'policia(s) militar(es)'),
(455, 'política(s)'),
(456, 'póliza(s)'),
(457, 'ponencia(s)'),
(458, 'portal(es)'),
(459, 'post producción(es)'),
(460, 'potestad(es) investigativa(s)'),
(461, 'pozo(s)'),
(462, 'pre producción(es)'),
(463, 'premio(s)'),
(464, 'presentación(es)'),
(465, 'previsión(es)'),
(466, 'proceso(s)'),
(467, 'producción(es)'),
(468, 'producto(s)'),
(469, 'programa(s)'),
(470, 'promoción(es)'),
(471, 'prototipo(s)'),
(472, 'providencia(s)'),
(473, 'provisión(es)'),
(474, 'proyecto(s) de investigación'),
(475, 'prueba(s)'),
(476, 'publicación(es)'),
(477, 'público(s)'),
(478, 'pueblo(s)'),
(479, 'puente(s)'),
(480, 'puerto(s)'),
(481, 'puesto(s)'),
(482, 'punto(s) de acceso'),
(483, 'punto(s) de cuenta'),
(484, 'punto(s) de información'),
(485, 'punto(s) geodésico'),
(486, 'pupitre(s)'),
(487, 'quirófano(s)'),
(488, 'ración(es)'),
(489, 'radio(s)'),
(490, 'radio(s) base'),
(491, 'radiografía(s)'),
(492, 'rastreo(s)'),
(493, 'récipe(s)'),
(494, 'reconocimiento(s)'),
(495, 'recurso(s)'),
(496, 'red(es)'),
(497, 'red(es) portátil(es)'),
(498, 'reestructuración(es)'),
(499, 'refinación(es)'),
(500, 'reforestación(es)'),
(501, 'registro(s)'),
(502, 'registro(s) contable(s)'),
(503, 'reglamento(s)'),
(504, 'reintegro(s)'),
(505, 'reparación(es)'),
(506, 'reportaje(s)'),
(507, 'reporte(s)'),
(508, 'repuesto(s)'),
(509, 'requisa(s)'),
(510, 'requisición(es)'),
(511, 'reseña(s)'),
(512, 'reservista(s)'),
(513, 'resma(s)'),
(514, 'resolución(es)'),
(515, 'restauración(es)'),
(516, 'retiro(s)'),
(517, 'retrato(s)'),
(518, 'retribución(es)'),
(519, 'reunión(es)'),
(520, 'revista(s)'),
(521, 'revolución(es) por minuto'),
(522, 'rodaje(s)'),
(523, 'rollo(s)'),
(524, 'rubro(s)'),
(525, 'rueda(s) de prensa'),
(526, 'sabana(s)'),
(527, 'saco(s)'),
(528, 'sala(s)'),
(529, 'salud'),
(530, 'saneamiento(s)'),
(531, 'satélite(s)'),
(532, 'sección(es)'),
(533, 'seccional(es)'),
(534, 'sede(s)'),
(535, 'segundo(s)'),
(536, 'sello(s)'),
(537, 'semilla(s)'),
(538, 'seminario(s)'),
(539, 'sensor(es)'),
(540, 'sentencia(s)'),
(541, 'señalización(es)'),
(542, 'servicio(s)'),
(543, 'servidor(es)'),
(544, 'silla(s)'),
(545, 'silla(s) de rueda(s)'),
(546, 'silo(s)'),
(547, 'simposio(s)'),
(548, 'sistema(s)'),
(549, 'sistema(s) de agregación'),
(550, 'sistema(s) de riego'),
(551, 'sistema(s) Fotovoltaíco(s)'),
(552, 'sistema(s) Híbrido(s)'),
(553, 'sobre(s)'),
(554, 'software(s)'),
(555, 'solicitud(es)'),
(556, 'solución(es)'),
(557, 'subscripción(es)'),
(558, 'subsidio(s)'),
(559, 'subvención(es)'),
(560, 'supervisión(es)'),
(561, 'supervisor(es)'),
(562, 'suplemento(s)'),
(563, 'suscripción(es)'),
(564, 'suscriptor(es)'),
(565, 'taller(es)'),
(566, 'talonario(s)'),
(567, 'tambor(es)'),
(568, 'técnico(s)'),
(569, 'tecnología(s)'),
(570, 'télefono(s)'),
(571, 'telex'),
(572, 'tendido(s)'),
(573, 'terabyte(s)'),
(574, 'terreno(s)'),
(575, 'tiempo(s)'),
(576, 'tienda(s)'),
(577, 'tipiaje(s)'),
(578, 'tiraje(s)'),
(579, 'título(s)'),
(580, 'tonelada(s)'),
(581, 'tonelada(s) métrica'),
(582, 'topónimo(s)'),
(583, 'tornero(s)'),
(584, 'trailer(es)'),
(585, 'trámite(s)'),
(586, 'tramo(s)'),
(587, 'transferencia(s)'),
(588, 'transmisor(es)'),
(589, 'transplante(s)'),
(590, 'traslado(s)'),
(591, 'tratado(s)'),
(592, 'tratamiento(s)'),
(593, 'tribunal(es)'),
(594, 'trofeo(s)'),
(595, 'tubo(s)'),
(596, 'unidad(es)'),
(597, 'unidad(es) curricular(es)'),
(598, 'unidad(es) de defensa'),
(599, 'unidad(es) de quimioterapia'),
(600, 'uniforme(s)'),
(601, 'usuario(s)'),
(602, 'vacuna(s)'),
(603, 'valija(s)'),
(604, 'valla(s)'),
(605, 'vehículo(s)'),
(606, 'viaje(s)'),
(607, 'video(s)'),
(608, 'video-conferencia(s)'),
(609, 'video-llamada(s)'),
(610, 'vigilancia(s)'),
(611, 'visa(s)'),
(612, 'visita(s)'),
(613, 'vivero(s)'),
(614, 'vivienda(s)'),
(615, 'volumen(es)'),
(616, 'volumen(es) de Tráfico Telefónico (Erlang)'),
(617, 'votante(s)'),
(618, 'yacimiento(s)'),
(619, 'yarda(s)'),
(620, 'zapato(s)'),
(621, 'zona(s)'),
(622, 'zoológico(s)');

-- --------------------------------------------------------

--
-- Estructura de tabla para la tabla `user_accounts`
--

CREATE TABLE `user_accounts` (
  `id` int(11) NOT NULL,
  `login` varchar(255) NOT NULL,
  `username` varchar(255) NOT NULL,
  `password_hash` varchar(255) NOT NULL,
  `auth_key` varchar(255) NOT NULL DEFAULT '0',
  `administrator` int(11) DEFAULT NULL,
  `creator` int(11) DEFAULT NULL,
  `creator_ip` varchar(40) DEFAULT NULL,
  `confirm_token` varchar(255) DEFAULT NULL,
  `recovery_token` varchar(255) DEFAULT NULL,
  `blocked_at` int(11) DEFAULT NULL,
  `confirmed_at` int(11) DEFAULT NULL,
  `created_at` int(11) NOT NULL,
  `updated_at` int(11) NOT NULL
) ENGINE=InnoDB DEFAULT CHARSET=utf8;

--
-- Volcado de datos para la tabla `user_accounts`
--

INSERT INTO `user_accounts` (`id`, `login`, `username`, `password_hash`, `auth_key`, `administrator`, `creator`, `creator_ip`, `confirm_token`, `recovery_token`, `blocked_at`, `confirmed_at`, `created_at`, `updated_at`) VALUES
(1, 'catu52@gmail.com', 'admin', '$2y$13$93TebP1Z2QcqANsVIzAwrON2lrPaFFXqUoJswU0VHa63avQoNS6G6', '', 1, -2, 'Local', NULL, NULL, NULL, 1449790220, 1449790220, 1449864304),
(2, 'antonioluismonasterio@gmail.com', 'antonio', '$2y$13$uRtF0rjXFE4jX1RIQ3kIqOBhEKjPzGBJp1zf20M04v8mYmNihVSBe', '', 0, 1, '127.0.0.1', NULL, NULL, NULL, 1449848097, 1449848097, 1466698373),
(3, 'walter86_79@hotmail.com', 'soulip', '$2y$13$UjYRjClQAEpe2OzeogsZoederx9EgVItIQCy5bNrV0xz8vQWDI3DS', '', 0, 1, '127.0.0.1', NULL, NULL, NULL, 1454610570, 1454610571, 1458107096),
(4, 'walter86_799@hotmail.com', 'prueba', '$2y$13$3BvIuYnRrAoOGKFqtdDe2Ohn8NeaOx37XkENfZuoweWefnyWSBLVW', '', 0, 1, '127.0.0.1', NULL, NULL, NULL, 1468848116, 1468848116, 1471441527);

--
-- Índices para tablas volcadas
--

--
-- Indices de la tabla `accion_centralizada`
--
ALTER TABLE `accion_centralizada`
  ADD PRIMARY KEY (`id`);

--
-- Indices de la tabla `accion_centralizada_accion_especifica`
--
ALTER TABLE `accion_centralizada_accion_especifica`
  ADD PRIMARY KEY (`id`),
  ADD KEY `id_ac_centr` (`id_ac_centr`);

--
-- Indices de la tabla `accion_centralizada_ac_especifica_uej`
--
ALTER TABLE `accion_centralizada_ac_especifica_uej`
  ADD PRIMARY KEY (`id`),
  ADD KEY `id_ue` (`id_ue`),
  ADD KEY `id_v` (`id_ac_esp`);

--
-- Indices de la tabla `accion_centralizada_asignar`
--
ALTER TABLE `accion_centralizada_asignar`
  ADD PRIMARY KEY (`id`),
  ADD KEY `usuario` (`usuario`),
  ADD KEY `accion_especifica_ue` (`accion_especifica_ue`);

--
-- Indices de la tabla `accion_centralizada_desbloqueo_mes`
--
ALTER TABLE `accion_centralizada_desbloqueo_mes`
  ADD PRIMARY KEY (`id`),
  ADD KEY `id_ejecucion` (`id_ejecucion`);

--
-- Indices de la tabla `accion_centralizada_pedido`
--
ALTER TABLE `accion_centralizada_pedido`
  ADD PRIMARY KEY (`id`),
  ADD KEY `id_material` (`id_material`),
  ADD KEY `asignado` (`asignado`);

--
-- Indices de la tabla `accion_centralizada_variables`
--
ALTER TABLE `accion_centralizada_variables`
  ADD PRIMARY KEY (`id`),
  ADD KEY `unidad_medida_2` (`unidad_medida`),
  ADD KEY `localizacion` (`localizacion`),
  ADD KEY `meta_programada_variable` (`meta_programada_variable`),
  ADD KEY `unidad_ejecutora` (`unidad_ejecutora`),
  ADD KEY `acc_accion_especifica` (`acc_accion_especifica`);

--
-- Indices de la tabla `accion_centralizada_variables_usuarios`
--
ALTER TABLE `accion_centralizada_variables_usuarios`
  ADD PRIMARY KEY (`id`),
  ADD KEY `id_variable` (`id_variable`),
  ADD KEY `id_usuario` (`id_usuario`);

--
-- Indices de la tabla `accion_centralizada_variable_ejecucion`
--
ALTER TABLE `accion_centralizada_variable_ejecucion`
  ADD PRIMARY KEY (`id`),
  ADD KEY `id_programacion` (`id_programacion`),
  ADD KEY `id_usuario` (`id_usuario`);

--
-- Indices de la tabla `accion_centralizada_variable_programacion`
--
ALTER TABLE `accion_centralizada_variable_programacion`
  ADD PRIMARY KEY (`id`),
  ADD KEY `id_localizacion` (`id_localizacion`);

--
-- Indices de la tabla `ambito`
--
ALTER TABLE `ambito`
  ADD PRIMARY KEY (`id`);

--
-- Indices de la tabla `audit_data`
--
ALTER TABLE `audit_data`
  ADD PRIMARY KEY (`id`),
  ADD KEY `fk_audit_data_entry_id` (`entry_id`);

--
-- Indices de la tabla `audit_entry`
--
ALTER TABLE `audit_entry`
  ADD PRIMARY KEY (`id`),
  ADD KEY `idx_user_id` (`user_id`),
  ADD KEY `idx_route` (`route`);

--
-- Indices de la tabla `audit_error`
--
ALTER TABLE `audit_error`
  ADD PRIMARY KEY (`id`),
  ADD KEY `fk_audit_error_entry_id` (`entry_id`),
  ADD KEY `idx_file` (`file`(180)),
  ADD KEY `idx_emailed` (`emailed`);

--
-- Indices de la tabla `audit_javascript`
--
ALTER TABLE `audit_javascript`
  ADD PRIMARY KEY (`id`),
  ADD KEY `fk_audit_javascript_entry_id` (`entry_id`);

--
-- Indices de la tabla `audit_mail`
--
ALTER TABLE `audit_mail`
  ADD PRIMARY KEY (`id`),
  ADD KEY `fk_audit_mail_entry_id` (`entry_id`);

--
-- Indices de la tabla `audit_trail`
--
ALTER TABLE `audit_trail`
  ADD PRIMARY KEY (`id`),
  ADD KEY `fk_audit_trail_entry_id` (`entry_id`),
  ADD KEY `idx_audit_user_id` (`user_id`),
  ADD KEY `idx_audit_trail_field` (`model`,`model_id`,`field`),
  ADD KEY `idx_audit_trail_action` (`action`);

--
-- Indices de la tabla `auth_assignment`
--
ALTER TABLE `auth_assignment`
  ADD PRIMARY KEY (`item_name`,`user_id`);

--
-- Indices de la tabla `auth_item`
--
ALTER TABLE `auth_item`
  ADD PRIMARY KEY (`name`),
  ADD KEY `rule_name` (`rule_name`),
  ADD KEY `idx-auth_item-type` (`type`);

--
-- Indices de la tabla `auth_item_child`
--
ALTER TABLE `auth_item_child`
  ADD PRIMARY KEY (`parent`,`child`),
  ADD KEY `child` (`child`);

--
-- Indices de la tabla `auth_rule`
--
ALTER TABLE `auth_rule`
  ADD PRIMARY KEY (`name`);

--
-- Indices de la tabla `cuenta_presupuestaria`
--
ALTER TABLE `cuenta_presupuestaria`
  ADD PRIMARY KEY (`cuenta`);

--
-- Indices de la tabla `estados`
--
ALTER TABLE `estados`
  ADD PRIMARY KEY (`id`),
  ADD KEY `id_pais` (`id_pais`);

--
-- Indices de la tabla `estatus_proyecto`
--
ALTER TABLE `estatus_proyecto`
  ADD PRIMARY KEY (`id`);

--
-- Indices de la tabla `fuente_financiamiento`
--
ALTER TABLE `fuente_financiamiento`
  ADD PRIMARY KEY (`id`);

--
-- Indices de la tabla `instancia_institucion`
--
ALTER TABLE `instancia_institucion`
  ADD PRIMARY KEY (`id`);

--
-- Indices de la tabla `localizacion_acc_variable`
--
ALTER TABLE `localizacion_acc_variable`
  ADD PRIMARY KEY (`id`),
  ADD KEY `id_variable` (`id_variable`),
  ADD KEY `id_pais` (`id_pais`),
  ADD KEY `id_estado` (`id_estado`),
  ADD KEY `id_municipio` (`id_municipio`),
  ADD KEY `id_parroquia` (`id_parroquia`);

--
-- Indices de la tabla `materiales_servicios`
--
ALTER TABLE `materiales_servicios`
  ADD PRIMARY KEY (`id`),
  ADD KEY `unidad_medida` (`unidad_medida`),
  ADD KEY `presentacion` (`presentacion`),
  ADD KEY `cuenta` (`cuenta`,`partida`,`generica`,`especifica`,`subespecifica`);

--
-- Indices de la tabla `migration`
--
ALTER TABLE `migration`
  ADD PRIMARY KEY (`version`);

--
-- Indices de la tabla `modelhistory`
--
ALTER TABLE `modelhistory`
  ADD PRIMARY KEY (`id`),
  ADD KEY `idx-table` (`table`),
  ADD KEY `idx-field_name` (`field_name`),
  ADD KEY `idx-type` (`type`),
  ADD KEY `idx-user_id` (`user_id`);

--
-- Indices de la tabla `municipio`
--
ALTER TABLE `municipio`
  ADD PRIMARY KEY (`id`),
  ADD KEY `id_estado` (`id_estado`);

--
-- Indices de la tabla `notification`
--
ALTER TABLE `notification`
  ADD PRIMARY KEY (`id`);

--
-- Indices de la tabla `objetivos_estrategicos`
--
ALTER TABLE `objetivos_estrategicos`
  ADD PRIMARY KEY (`id`),
  ADD KEY `directriz` (`objetivo_nacional`);

--
-- Indices de la tabla `objetivos_generales`
--
ALTER TABLE `objetivos_generales`
  ADD PRIMARY KEY (`id`),
  ADD KEY `estrategia` (`objetivo_estrategico`);

--
-- Indices de la tabla `objetivos_historicos`
--
ALTER TABLE `objetivos_historicos`
  ADD PRIMARY KEY (`id`);

--
-- Indices de la tabla `objetivos_nacionales`
--
ALTER TABLE `objetivos_nacionales`
  ADD PRIMARY KEY (`id`),
  ADD KEY `directriz` (`objetivo_historico`);

--
-- Indices de la tabla `pais`
--
ALTER TABLE `pais`
  ADD PRIMARY KEY (`id`);

--
-- Indices de la tabla `parroquia`
--
ALTER TABLE `parroquia`
  ADD PRIMARY KEY (`id`),
  ADD KEY `id_municipio` (`id_municipio`);

--
-- Indices de la tabla `partida_especifica`
--
ALTER TABLE `partida_especifica`
  ADD PRIMARY KEY (`cuenta`,`partida`,`generica`,`especifica`) USING BTREE;

--
-- Indices de la tabla `partida_generica`
--
ALTER TABLE `partida_generica`
  ADD PRIMARY KEY (`cuenta`,`partida`,`generica`) USING BTREE;

--
-- Indices de la tabla `partida_partida`
--
ALTER TABLE `partida_partida`
  ADD PRIMARY KEY (`cuenta`,`partida`) USING BTREE,
  ADD KEY `ramo` (`cuenta`);

--
-- Indices de la tabla `partida_sub_especifica`
--
ALTER TABLE `partida_sub_especifica`
  ADD PRIMARY KEY (`cuenta`,`partida`,`generica`,`especifica`,`subespecifica`) USING BTREE;

--
-- Indices de la tabla `perfil`
--
ALTER TABLE `perfil`
  ADD PRIMARY KEY (`id`),
  ADD KEY `user_accounts` (`user_accounts`);

--
-- Indices de la tabla `plan_operativo`
--
ALTER TABLE `plan_operativo`
  ADD PRIMARY KEY (`id`);

--
-- Indices de la tabla `presentacion`
--
ALTER TABLE `presentacion`
  ADD PRIMARY KEY (`id`);

--
-- Indices de la tabla `programacion_fisica_presupuestaria`
--
ALTER TABLE `programacion_fisica_presupuestaria`
  ADD PRIMARY KEY (`id`),
  ADD KEY `fk_programacion_fisica_presupuestaria_1_idx` (`tipo_distribucion`),
  ADD KEY `fk_programacion_fisica_presupuestaria_2_idx` (`id_proyecto_accion_especifica`);

--
-- Indices de la tabla `proyecto`
--
ALTER TABLE `proyecto`
  ADD PRIMARY KEY (`id`),
  ADD UNIQUE KEY `codigo_proyecto_UNIQUE` (`codigo_proyecto`),
  ADD UNIQUE KEY `codigo_sne_UNIQUE` (`codigo_sne`),
  ADD KEY `estatus_proyecto_fk` (`estatus_proyecto`),
  ADD KEY `situacion_presupuestaria_fk` (`situacion_presupuestaria`),
  ADD KEY `clasificacion_sector_fk` (`sector`) USING BTREE,
  ADD KEY `sub_sector_fk` (`sub_sector`) USING BTREE,
  ADD KEY `plan_operativo_fk` (`plan_operativo`) USING BTREE,
  ADD KEY `objetivo_general_fk` (`objetivo_general`) USING BTREE,
  ADD KEY `ambito_fk` (`ambito`) USING BTREE;

--
-- Indices de la tabla `proyecto_accion_especifica`
--
ALTER TABLE `proyecto_accion_especifica`
  ADD PRIMARY KEY (`id`),
  ADD KEY `fk_accion_especifica_proyecto_1_idx` (`id_proyecto`),
  ADD KEY `fk_accion_especifica_proyecto_2_idx` (`id_unidad_ejecutora`),
  ADD KEY `unidad_medida` (`unidad_medida`);

--
-- Indices de la tabla `proyecto_ae_meta`
--
ALTER TABLE `proyecto_ae_meta`
  ADD PRIMARY KEY (`id`),
  ADD KEY `id_proyecto_accion_especifica` (`id_proyecto_accion_especifica`);

--
-- Indices de la tabla `proyecto_alcance`
--
ALTER TABLE `proyecto_alcance`
  ADD PRIMARY KEY (`id`),
  ADD KEY `id_proyecto` (`id_proyecto`);

--
-- Indices de la tabla `proyecto_fuente_financiamiento`
--
ALTER TABLE `proyecto_fuente_financiamiento`
  ADD PRIMARY KEY (`id`);

--
-- Indices de la tabla `proyecto_localizacion`
--
ALTER TABLE `proyecto_localizacion`
  ADD PRIMARY KEY (`id`),
  ADD KEY `estados_fk_idx` (`id_estado`),
  ADD KEY `municipio_fk_idx` (`id_municipio`),
  ADD KEY `parroquia_fk_idx` (`id_parroquia`),
  ADD KEY `proyecto_fk_idx` (`id_proyecto`),
  ADD KEY `id_pais` (`id_pais`);

--
-- Indices de la tabla `proyecto_pedido`
--
ALTER TABLE `proyecto_pedido`
  ADD PRIMARY KEY (`id`),
  ADD KEY `id_material` (`id_material`),
  ADD KEY `asignado` (`asignado`);

--
-- Indices de la tabla `proyecto_registrador`
--
ALTER TABLE `proyecto_registrador`
  ADD PRIMARY KEY (`id`),
  ADD KEY `id_proyecto` (`id_proyecto`);

--
-- Indices de la tabla `proyecto_responsable`
--
ALTER TABLE `proyecto_responsable`
  ADD PRIMARY KEY (`id`),
  ADD KEY `proyecto_fk` (`id_proyecto`);

--
-- Indices de la tabla `proyecto_responsable_administrativo`
--
ALTER TABLE `proyecto_responsable_administrativo`
  ADD PRIMARY KEY (`id`),
  ADD KEY `fk_id_proyecto_idx` (`id_proyecto`);

--
-- Indices de la tabla `proyecto_responsable_tecnico`
--
ALTER TABLE `proyecto_responsable_tecnico`
  ADD PRIMARY KEY (`id`),
  ADD KEY `id_proyecto_fk` (`id_proyecto`);

--
-- Indices de la tabla `proyecto_usuario_asignar`
--
ALTER TABLE `proyecto_usuario_asignar`
  ADD PRIMARY KEY (`id`),
  ADD KEY `usuario` (`usuario_id`),
  ADD KEY `proyecto_especifica_ue` (`proyecto_especifica`);

--
-- Indices de la tabla `responsable_acc_variable`
--
ALTER TABLE `responsable_acc_variable`
  ADD PRIMARY KEY (`id`),
  ADD KEY `id_variable` (`id_variable`);

--
-- Indices de la tabla `sector`
--
ALTER TABLE `sector`
  ADD PRIMARY KEY (`id`);

--
-- Indices de la tabla `situacion_presupuestaria`
--
ALTER TABLE `situacion_presupuestaria`
  ADD PRIMARY KEY (`id`);

--
-- Indices de la tabla `sub_sector`
--
ALTER TABLE `sub_sector`
  ADD PRIMARY KEY (`id`);

--
-- Indices de la tabla `tipo_distribucion`
--
ALTER TABLE `tipo_distribucion`
  ADD PRIMARY KEY (`id`);

--
-- Indices de la tabla `tipo_entidad`
--
ALTER TABLE `tipo_entidad`
  ADD PRIMARY KEY (`id`);

--
-- Indices de la tabla `tipo_financiamiento`
--
ALTER TABLE `tipo_financiamiento`
  ADD PRIMARY KEY (`id`);

--
-- Indices de la tabla `ue_partida_entidad`
--
ALTER TABLE `ue_partida_entidad`
  ADD PRIMARY KEY (`id`),
  ADD UNIQUE KEY `cuenta_2` (`cuenta`,`partida`,`id_ue`,`id_tipo_entidad`),
  ADD KEY `id_ue` (`id_ue`),
  ADD KEY `id_tipo_entidad` (`id_tipo_entidad`),
  ADD KEY `partida` (`partida`);

--
-- Indices de la tabla `unidad_ejecutora`
--
ALTER TABLE `unidad_ejecutora`
  ADD PRIMARY KEY (`id`),
  ADD UNIQUE KEY `codigo_ue_UNIQUE` (`codigo_ue`);

--
-- Indices de la tabla `unidad_medida`
--
ALTER TABLE `unidad_medida`
  ADD PRIMARY KEY (`id`);

--
-- Indices de la tabla `user_accounts`
--
ALTER TABLE `user_accounts`
  ADD PRIMARY KEY (`id`),
  ADD UNIQUE KEY `user_unique_login` (`login`),
  ADD UNIQUE KEY `user_unique_username` (`username`);

--
-- AUTO_INCREMENT de las tablas volcadas
--

--
-- AUTO_INCREMENT de la tabla `accion_centralizada`
--
ALTER TABLE `accion_centralizada`
  MODIFY `id` int(11) NOT NULL AUTO_INCREMENT, AUTO_INCREMENT=5;
--
-- AUTO_INCREMENT de la tabla `accion_centralizada_accion_especifica`
--
ALTER TABLE `accion_centralizada_accion_especifica`
  MODIFY `id` int(11) NOT NULL AUTO_INCREMENT, AUTO_INCREMENT=7;
--
-- AUTO_INCREMENT de la tabla `accion_centralizada_ac_especifica_uej`
--
ALTER TABLE `accion_centralizada_ac_especifica_uej`
  MODIFY `id` int(11) NOT NULL AUTO_INCREMENT, AUTO_INCREMENT=246;
--
-- AUTO_INCREMENT de la tabla `accion_centralizada_asignar`
--
ALTER TABLE `accion_centralizada_asignar`
  MODIFY `id` int(11) NOT NULL AUTO_INCREMENT, AUTO_INCREMENT=16;
--
-- AUTO_INCREMENT de la tabla `accion_centralizada_desbloqueo_mes`
--
ALTER TABLE `accion_centralizada_desbloqueo_mes`
  MODIFY `id` int(11) NOT NULL AUTO_INCREMENT, AUTO_INCREMENT=20;
--
-- AUTO_INCREMENT de la tabla `accion_centralizada_pedido`
--
ALTER TABLE `accion_centralizada_pedido`
  MODIFY `id` int(11) NOT NULL AUTO_INCREMENT, AUTO_INCREMENT=12;
--
-- AUTO_INCREMENT de la tabla `accion_centralizada_variables`
--
ALTER TABLE `accion_centralizada_variables`
  MODIFY `id` int(11) NOT NULL AUTO_INCREMENT;
--
-- AUTO_INCREMENT de la tabla `accion_centralizada_variables_usuarios`
--
ALTER TABLE `accion_centralizada_variables_usuarios`
  MODIFY `id` int(11) NOT NULL AUTO_INCREMENT;
--
-- AUTO_INCREMENT de la tabla `accion_centralizada_variable_ejecucion`
--
ALTER TABLE `accion_centralizada_variable_ejecucion`
  MODIFY `id` int(11) NOT NULL AUTO_INCREMENT, AUTO_INCREMENT=35;
--
-- AUTO_INCREMENT de la tabla `accion_centralizada_variable_programacion`
--
ALTER TABLE `accion_centralizada_variable_programacion`
  MODIFY `id` int(11) NOT NULL AUTO_INCREMENT, AUTO_INCREMENT=33;
--
-- AUTO_INCREMENT de la tabla `ambito`
--
ALTER TABLE `ambito`
  MODIFY `id` int(11) NOT NULL AUTO_INCREMENT, AUTO_INCREMENT=9;
--
-- AUTO_INCREMENT de la tabla `audit_data`
--
ALTER TABLE `audit_data`
  MODIFY `id` int(11) NOT NULL AUTO_INCREMENT;
--
-- AUTO_INCREMENT de la tabla `audit_entry`
--
ALTER TABLE `audit_entry`
  MODIFY `id` int(11) NOT NULL AUTO_INCREMENT;
--
-- AUTO_INCREMENT de la tabla `audit_error`
--
ALTER TABLE `audit_error`
  MODIFY `id` int(11) NOT NULL AUTO_INCREMENT;
--
-- AUTO_INCREMENT de la tabla `audit_javascript`
--
ALTER TABLE `audit_javascript`
  MODIFY `id` int(11) NOT NULL AUTO_INCREMENT;
--
-- AUTO_INCREMENT de la tabla `audit_mail`
--
ALTER TABLE `audit_mail`
  MODIFY `id` int(11) NOT NULL AUTO_INCREMENT;
--
-- AUTO_INCREMENT de la tabla `audit_trail`
--
ALTER TABLE `audit_trail`
  MODIFY `id` int(11) NOT NULL AUTO_INCREMENT, AUTO_INCREMENT=561;
--
-- AUTO_INCREMENT de la tabla `estados`
--
ALTER TABLE `estados`
  MODIFY `id` int(11) NOT NULL AUTO_INCREMENT, AUTO_INCREMENT=26;
--
-- AUTO_INCREMENT de la tabla `estatus_proyecto`
--
ALTER TABLE `estatus_proyecto`
  MODIFY `id` int(11) NOT NULL AUTO_INCREMENT, AUTO_INCREMENT=4;
--
-- AUTO_INCREMENT de la tabla `fuente_financiamiento`
--
ALTER TABLE `fuente_financiamiento`
  MODIFY `id` int(11) NOT NULL AUTO_INCREMENT, AUTO_INCREMENT=12;
--
-- AUTO_INCREMENT de la tabla `instancia_institucion`
--
ALTER TABLE `instancia_institucion`
  MODIFY `id` int(11) NOT NULL AUTO_INCREMENT, AUTO_INCREMENT=4;
--
-- AUTO_INCREMENT de la tabla `localizacion_acc_variable`
--
ALTER TABLE `localizacion_acc_variable`
  MODIFY `id` int(11) NOT NULL AUTO_INCREMENT, AUTO_INCREMENT=56;
--
-- AUTO_INCREMENT de la tabla `materiales_servicios`
--
ALTER TABLE `materiales_servicios`
  MODIFY `id` int(11) NOT NULL AUTO_INCREMENT, AUTO_INCREMENT=1768;
--
-- AUTO_INCREMENT de la tabla `modelhistory`
--
ALTER TABLE `modelhistory`
  MODIFY `id` bigint(20) NOT NULL AUTO_INCREMENT;
--
-- AUTO_INCREMENT de la tabla `municipio`
--
ALTER TABLE `municipio`
  MODIFY `id` int(11) NOT NULL AUTO_INCREMENT;
--
-- AUTO_INCREMENT de la tabla `notification`
--
ALTER TABLE `notification`
  MODIFY `id` int(11) NOT NULL AUTO_INCREMENT, AUTO_INCREMENT=101;
--
-- AUTO_INCREMENT de la tabla `objetivos_estrategicos`
--
ALTER TABLE `objetivos_estrategicos`
  MODIFY `id` int(11) NOT NULL AUTO_INCREMENT, AUTO_INCREMENT=150;
--
-- AUTO_INCREMENT de la tabla `objetivos_generales`
--
ALTER TABLE `objetivos_generales`
  MODIFY `id` int(11) NOT NULL AUTO_INCREMENT, AUTO_INCREMENT=23;
--
-- AUTO_INCREMENT de la tabla `objetivos_historicos`
--
ALTER TABLE `objetivos_historicos`
  MODIFY `id` int(11) NOT NULL AUTO_INCREMENT, AUTO_INCREMENT=6;
--
-- AUTO_INCREMENT de la tabla `objetivos_nacionales`
--
ALTER TABLE `objetivos_nacionales`
  MODIFY `id` int(11) NOT NULL AUTO_INCREMENT, AUTO_INCREMENT=25;
--
-- AUTO_INCREMENT de la tabla `parroquia`
--
ALTER TABLE `parroquia`
  MODIFY `id` int(11) NOT NULL AUTO_INCREMENT;
--
-- AUTO_INCREMENT de la tabla `perfil`
--
ALTER TABLE `perfil`
  MODIFY `id` int(11) NOT NULL AUTO_INCREMENT;
--
-- AUTO_INCREMENT de la tabla `plan_operativo`
--
ALTER TABLE `plan_operativo`
  MODIFY `id` int(11) NOT NULL AUTO_INCREMENT, AUTO_INCREMENT=3;
--
-- AUTO_INCREMENT de la tabla `presentacion`
--
ALTER TABLE `presentacion`
  MODIFY `id` int(11) NOT NULL AUTO_INCREMENT, AUTO_INCREMENT=3;
--
-- AUTO_INCREMENT de la tabla `proyecto`
--
ALTER TABLE `proyecto`
  MODIFY `id` int(11) NOT NULL AUTO_INCREMENT, AUTO_INCREMENT=1000000;
--
-- AUTO_INCREMENT de la tabla `proyecto_accion_especifica`
--
ALTER TABLE `proyecto_accion_especifica`
  MODIFY `id` int(11) NOT NULL AUTO_INCREMENT, AUTO_INCREMENT=38;
--
-- AUTO_INCREMENT de la tabla `proyecto_ae_meta`
--
ALTER TABLE `proyecto_ae_meta`
  MODIFY `id` int(11) NOT NULL AUTO_INCREMENT;
--
-- AUTO_INCREMENT de la tabla `proyecto_alcance`
--
ALTER TABLE `proyecto_alcance`
  MODIFY `id` int(11) NOT NULL AUTO_INCREMENT, AUTO_INCREMENT=4;
--
-- AUTO_INCREMENT de la tabla `proyecto_fuente_financiamiento`
--
ALTER TABLE `proyecto_fuente_financiamiento`
  MODIFY `id` int(11) NOT NULL AUTO_INCREMENT;
--
-- AUTO_INCREMENT de la tabla `proyecto_localizacion`
--
ALTER TABLE `proyecto_localizacion`
  MODIFY `id` int(11) NOT NULL AUTO_INCREMENT, AUTO_INCREMENT=16;
--
-- AUTO_INCREMENT de la tabla `proyecto_pedido`
--
ALTER TABLE `proyecto_pedido`
  MODIFY `id` int(11) NOT NULL AUTO_INCREMENT, AUTO_INCREMENT=13;
--
-- AUTO_INCREMENT de la tabla `proyecto_registrador`
--
ALTER TABLE `proyecto_registrador`
  MODIFY `id` int(11) NOT NULL AUTO_INCREMENT, AUTO_INCREMENT=4;
--
-- AUTO_INCREMENT de la tabla `proyecto_responsable`
--
ALTER TABLE `proyecto_responsable`
  MODIFY `id` int(11) NOT NULL AUTO_INCREMENT, AUTO_INCREMENT=5;
--
-- AUTO_INCREMENT de la tabla `proyecto_responsable_administrativo`
--
ALTER TABLE `proyecto_responsable_administrativo`
  MODIFY `id` int(11) NOT NULL AUTO_INCREMENT;
--
-- AUTO_INCREMENT de la tabla `proyecto_responsable_tecnico`
--
ALTER TABLE `proyecto_responsable_tecnico`
  MODIFY `id` int(11) NOT NULL AUTO_INCREMENT, AUTO_INCREMENT=3;
--
-- AUTO_INCREMENT de la tabla `proyecto_usuario_asignar`
--
ALTER TABLE `proyecto_usuario_asignar`
  MODIFY `id` int(11) NOT NULL AUTO_INCREMENT, AUTO_INCREMENT=14;
--
-- AUTO_INCREMENT de la tabla `responsable_acc_variable`
--
ALTER TABLE `responsable_acc_variable`
  MODIFY `id` int(11) NOT NULL AUTO_INCREMENT, AUTO_INCREMENT=22;
--
-- AUTO_INCREMENT de la tabla `sector`
--
ALTER TABLE `sector`
  MODIFY `id` int(11) NOT NULL AUTO_INCREMENT, AUTO_INCREMENT=17;
--
-- AUTO_INCREMENT de la tabla `situacion_presupuestaria`
--
ALTER TABLE `situacion_presupuestaria`
  MODIFY `id` int(11) NOT NULL AUTO_INCREMENT, AUTO_INCREMENT=2;
--
-- AUTO_INCREMENT de la tabla `sub_sector`
--
ALTER TABLE `sub_sector`
  MODIFY `id` int(11) NOT NULL AUTO_INCREMENT, AUTO_INCREMENT=2;
--
-- AUTO_INCREMENT de la tabla `tipo_distribucion`
--
ALTER TABLE `tipo_distribucion`
  MODIFY `id` int(11) NOT NULL AUTO_INCREMENT;
--
-- AUTO_INCREMENT de la tabla `tipo_entidad`
--
ALTER TABLE `tipo_entidad`
  MODIFY `id` int(11) NOT NULL AUTO_INCREMENT, AUTO_INCREMENT=3;
--
-- AUTO_INCREMENT de la tabla `tipo_financiamiento`
--
ALTER TABLE `tipo_financiamiento`
  MODIFY `id` int(11) NOT NULL AUTO_INCREMENT, AUTO_INCREMENT=3;
--
-- AUTO_INCREMENT de la tabla `ue_partida_entidad`
--
ALTER TABLE `ue_partida_entidad`
  MODIFY `id` int(11) NOT NULL AUTO_INCREMENT, AUTO_INCREMENT=4687;
--
-- AUTO_INCREMENT de la tabla `unidad_ejecutora`
--
ALTER TABLE `unidad_ejecutora`
  MODIFY `id` int(11) NOT NULL AUTO_INCREMENT, AUTO_INCREMENT=148;
--
-- AUTO_INCREMENT de la tabla `unidad_medida`
--
ALTER TABLE `unidad_medida`
  MODIFY `id` int(11) NOT NULL AUTO_INCREMENT, AUTO_INCREMENT=623;
--
-- AUTO_INCREMENT de la tabla `user_accounts`
--
ALTER TABLE `user_accounts`
  MODIFY `id` int(11) NOT NULL AUTO_INCREMENT, AUTO_INCREMENT=5;
--
-- Restricciones para tablas volcadas
--

--
-- Filtros para la tabla `accion_centralizada_accion_especifica`
--
ALTER TABLE `accion_centralizada_accion_especifica`
  ADD CONSTRAINT `frk_ac_acesp` FOREIGN KEY (`id_ac_centr`) REFERENCES `accion_centralizada` (`id`) ON DELETE CASCADE ON UPDATE CASCADE;

--
-- Filtros para la tabla `accion_centralizada_ac_especifica_uej`
--
ALTER TABLE `accion_centralizada_ac_especifica_uej`
  ADD CONSTRAINT `frk_acesp` FOREIGN KEY (`id_ac_esp`) REFERENCES `accion_centralizada_accion_especifica` (`id`) ON DELETE CASCADE ON UPDATE CASCADE,
  ADD CONSTRAINT `frk_uej_acesp` FOREIGN KEY (`id_ue`) REFERENCES `unidad_ejecutora` (`id`) ON DELETE CASCADE ON UPDATE CASCADE;

--
-- Filtros para la tabla `accion_centralizada_asignar`
--
ALTER TABLE `accion_centralizada_asignar`
  ADD CONSTRAINT `accion_centralizada_asignar_ibfk_1` FOREIGN KEY (`usuario`) REFERENCES `user_accounts` (`id`) ON DELETE CASCADE ON UPDATE CASCADE,
  ADD CONSTRAINT `frk_asignacion_uej_acc_especifica` FOREIGN KEY (`accion_especifica_ue`) REFERENCES `accion_centralizada_ac_especifica_uej` (`id`) ON DELETE CASCADE ON UPDATE CASCADE;

--
-- Filtros para la tabla `accion_centralizada_desbloqueo_mes`
--
ALTER TABLE `accion_centralizada_desbloqueo_mes`
  ADD CONSTRAINT `frkey_ejecucion_mes` FOREIGN KEY (`id_ejecucion`) REFERENCES `accion_centralizada_variable_ejecucion` (`id`) ON DELETE CASCADE ON UPDATE CASCADE;

--
-- Filtros para la tabla `accion_centralizada_pedido`
--
ALTER TABLE `accion_centralizada_pedido`
  ADD CONSTRAINT `frk_asignada_centralpedido` FOREIGN KEY (`asignado`) REFERENCES `accion_centralizada_asignar` (`id`) ON DELETE CASCADE ON UPDATE CASCADE,
  ADD CONSTRAINT `frk_materiales_centralpedido` FOREIGN KEY (`id_material`) REFERENCES `materiales_servicios` (`id`) ON DELETE CASCADE ON UPDATE CASCADE;

--
-- Filtros para la tabla `accion_centralizada_variables`
--
ALTER TABLE `accion_centralizada_variables`
  ADD CONSTRAINT `frk_uej_variable` FOREIGN KEY (`unidad_ejecutora`) REFERENCES `unidad_ejecutora` (`id`) ON DELETE CASCADE ON UPDATE CASCADE,
  ADD CONSTRAINT `frk_unidad_medida_variable` FOREIGN KEY (`unidad_medida`) REFERENCES `unidad_medida` (`id`) ON DELETE CASCADE ON UPDATE CASCADE;

--
-- Filtros para la tabla `accion_centralizada_variables_usuarios`
--
ALTER TABLE `accion_centralizada_variables_usuarios`
  ADD CONSTRAINT `frk_user_usuario` FOREIGN KEY (`id_usuario`) REFERENCES `user_accounts` (`id`) ON DELETE CASCADE ON UPDATE CASCADE,
  ADD CONSTRAINT `frk_variable_usuario` FOREIGN KEY (`id_variable`) REFERENCES `accion_centralizada_variables` (`id`) ON DELETE CASCADE ON UPDATE CASCADE;

--
-- Filtros para la tabla `accion_centralizada_variable_ejecucion`
--
ALTER TABLE `accion_centralizada_variable_ejecucion`
  ADD CONSTRAINT `frk_programacion_ejecucion` FOREIGN KEY (`id_programacion`) REFERENCES `accion_centralizada_variable_programacion` (`id`) ON DELETE CASCADE ON UPDATE CASCADE,
  ADD CONSTRAINT `frk_user_ejecucion` FOREIGN KEY (`id_usuario`) REFERENCES `user_accounts` (`id`) ON DELETE CASCADE ON UPDATE CASCADE;

--
-- Filtros para la tabla `accion_centralizada_variable_programacion`
--
ALTER TABLE `accion_centralizada_variable_programacion`
  ADD CONSTRAINT `frk-programacion-localizacion` FOREIGN KEY (`id_localizacion`) REFERENCES `localizacion_acc_variable` (`id`) ON DELETE CASCADE ON UPDATE CASCADE;

--
-- Filtros para la tabla `audit_data`
--
ALTER TABLE `audit_data`
  ADD CONSTRAINT `fk_audit_data_entry_id` FOREIGN KEY (`entry_id`) REFERENCES `audit_entry` (`id`);

--
-- Filtros para la tabla `audit_error`
--
ALTER TABLE `audit_error`
  ADD CONSTRAINT `fk_audit_error_entry_id` FOREIGN KEY (`entry_id`) REFERENCES `audit_entry` (`id`);

--
-- Filtros para la tabla `audit_javascript`
--
ALTER TABLE `audit_javascript`
  ADD CONSTRAINT `fk_audit_javascript_entry_id` FOREIGN KEY (`entry_id`) REFERENCES `audit_entry` (`id`);

--
-- Filtros para la tabla `audit_mail`
--
ALTER TABLE `audit_mail`
  ADD CONSTRAINT `fk_audit_mail_entry_id` FOREIGN KEY (`entry_id`) REFERENCES `audit_entry` (`id`);

--
-- Filtros para la tabla `proyecto_ae_meta`
--
ALTER TABLE `proyecto_ae_meta`
  ADD CONSTRAINT `proyecto_ae_meta_ibfk_1` FOREIGN KEY (`id_proyecto_accion_especifica`) REFERENCES `proyecto_accion_especifica` (`id`);

--
-- Filtros para la tabla `ue_partida_entidad`
--
ALTER TABLE `ue_partida_entidad`
  ADD CONSTRAINT `frk_partida_ue_entidad` FOREIGN KEY (`id_tipo_entidad`) REFERENCES `tipo_entidad` (`id`) ON DELETE CASCADE ON UPDATE CASCADE,
  ADD CONSTRAINT `frk_ue_entidad_partida` FOREIGN KEY (`id_ue`) REFERENCES `unidad_ejecutora` (`id`) ON DELETE CASCADE ON UPDATE CASCADE;

/*!40101 SET CHARACTER_SET_CLIENT=@OLD_CHARACTER_SET_CLIENT */;
/*!40101 SET CHARACTER_SET_RESULTS=@OLD_CHARACTER_SET_RESULTS */;
/*!40101 SET COLLATION_CONNECTION=@OLD_COLLATION_CONNECTION */;
